row_no,src_row_no,faq_id,category,job_group,rep_question,answer,discovery_route,discovery_source,evidence_source,evidence_summary,checked_date,review_status,reviewer,priority,note,search_enabled,similar_questions,sq1_paraphrase,sq2_casual,sq3_abbreviation,sq4_keyword,sq5_situation,sq6_request,sq7_partial,sq8_context,sq9_worry
1,1,C01-001,직무 탐색·전환,공통,어떤 직무가 나한테 맞는지 모르겠는데 어떻게 정해야 하나요?,"직무는 '하고 싶은 일'보다 내 경험과 강점이 이어지는 일에서 출발해 1순위 하나를 먼저 정하는 것이 좋습니다. 산업은 바뀌어도 직무 성격은 비슷하게 이어지기 때문에, 산업과 직무 중 하나에 무게를 둔다면 직무가 우선이라는 조언이 많습니다. 다만 경험이 거의 없다면 짧은 인턴·프로젝트로 실제 업무를 겪어보고 판단하는 편이 안전합니다. 우선 지금까지의 경험을 모두 적은 뒤 반복해서 즐거웠던 일의 공통점을 찾아 후보 직무 2~3개로 좁혀 보세요.",자료 조사,[YouTube 영상 내 시청자 질문/주제] https://www.youtube.com/watch?v=nv4mvkrZQiE | 영상: 여울 YEOUL - 직무만 4번 바꾸고 깨달은 '나한테 맞는 일' 찾는 법 | 요지: 직무를 여러 번 바꾼 경험을 바탕으로 '나에게 맞는 직무 정하는 법'을 다룬 영상 주제,"[YouTube] 옴스잡스 - 2026하반기 채용트렌드 ""AI 그만 쓰고, 자기색깔/직무전문성 더 쌓아라"" | https://www.youtube.com/watch?v=ECbFAdC_n-w | 해당 부분: 트렌드③ 1순위 산업/직무 선택 파트(산업보다 직무에 무게 중심)","찔러보기식 지원은 통하지 않고 1순위 산업·직무를 깊게 파야 하며, 산업이 바뀌어도 직무 성격은 비슷하므로 직무에 무게를 두라고 설명.",2026-10-02,확인 필요,,상,priority 상: 취업 준비 첫 단계 질문. 근거는 컨설팅 채널 의견이므로 공식 자료(직무기술서 등) 보완 검토 필요. | 수정일: 2026-10-02 (최초 수집),N,"나에게 맞는 직무를 어떤 기준으로 골라야 할까요?,나한테 맞는 직무 어떻게 정해?,취준 시작했는데 나랑 맞는 직무 어케 정함?,나에게 맞는 직무 정하는 방법,저는 하고 싶은 직무가 딱히 없는데 어떻게 정해야 할까요?,나한테 맞는 직무 찾는 방법 좀 알려주세요,맞는 직무 찾기,취업할 직무 선택은 어떤 기준으로 하나요?,아직 직무를 못 정했는데 이대로 취업 준비해도 괜찮을까요?",나에게 맞는 직무를 어떤 기준으로 골라야 할까요?,나한테 맞는 직무 어떻게 정해?,취준 시작했는데 나랑 맞는 직무 어케 정함?,나에게 맞는 직무 정하는 방법,저는 하고 싶은 직무가 딱히 없는데 어떻게 정해야 할까요?,나한테 맞는 직무 찾는 방법 좀 알려주세요,맞는 직무 찾기,취업할 직무 선택은 어떤 기준으로 하나요?,아직 직무를 못 정했는데 이대로 취업 준비해도 괜찮을까요?
2,2,C01-002,직무 탐색·전환,공통,문과인데 지원할 수 있는 직무가 너무 적어요. 어떻게 접근해야 하나요?,"문과는 산업보다 직무를 기준으로 방향을 잡는 것이 현실적입니다. 기획·인사·전략처럼 인기 직무는 채용 인원이 1~2명인 경우가 많아, 영업·경영지원처럼 대규모로 뽑는 직무를 함께 고려하라는 조언이 있습니다. 다만 원하는 직무가 분명하고 갈 수 있는 경로가 보인다면 그 직무를 우선해도 됩니다. 관심 직무 2개를 정해 채용공고의 업무 내용과 모집 인원을 비교해 보세요.",자료 조사,[YouTube 댓글] https://www.youtube.com/watch?v=u2SDGZoVRP0&lc=UgxAA4YVaK-PKrBw7v94AaABAg | 좋아요 33 | 영상: 취업사이다 - 서류 광탈 원인이 스펙 문제...? (합격클리닉) | 요지: 합격클리닉 콘텐츠가 이공계 위주라 문과 사례도 다뤄 달라는 요청,"[YouTube] 영업취업랩 - 문과 취업 현실, 영업직이 답인 이유 | https://www.youtube.com/watch?v=KpwOO0Vj8M0 | 해당 부분: 문과 선호 직무(기획·인사·전략)의 실제 채용 인원과 영업 직무 대규모 채용 설명 부분","문과 선호 직무는 사실상 1명 수준으로 뽑는 경우가 많고, 영업은 상·하반기 모두 대규모로 열려 면접 경험을 쌓기 유리하다고 주장.",2026-10-02,확인 필요,,상,priority 상: 문과 취준생 공통 고민. 영업 권유는 한 현직자의 개인 의견이므로 균형 잡힌 표현 유지. | 수정일: 2026-10-02 (최초 수집),N,"문과 전공자는 갈 수 있는 직무가 적은데 어떻게 방향을 잡아야 하나요?,문과라 지원할 직무가 별로 없는데 어떡해?,문과 취준생인데 지원할 직무가 너무 적어요 어케 접근해요?,문과 지원 가능 직무 적을 때 접근법,저는 문과 졸업생인데 지원할 수 있는 직무가 너무 적어서 어떻게 해야 할까요?,문과가 지원할 직무 고르는 방법 좀 알려주세요,문과 직무 적음,문과생이 입사 지원할 수 있는 직무가 적을 때 어떻게 하나요?,문과라서 지원 가능한 직무가 적은데 취업에 불리할까요?",문과 전공자는 갈 수 있는 직무가 적은데 어떻게 방향을 잡아야 하나요?,문과라 지원할 직무가 별로 없는데 어떡해?,문과 취준생인데 지원할 직무가 너무 적어요 어케 접근해요?,문과 지원 가능 직무 적을 때 접근법,저는 문과 졸업생인데 지원할 수 있는 직무가 너무 적어서 어떻게 해야 할까요?,문과가 지원할 직무 고르는 방법 좀 알려주세요,문과 직무 적음,문과생이 입사 지원할 수 있는 직무가 적을 때 어떻게 하나요?,문과라서 지원 가능한 직무가 적은데 취업에 불리할까요?
3,3,C01-003,직무 탐색·전환,공통,첫 직장을 중소기업으로 가서 경력을 쌓고 이직하는 게 나을까요?,"직무 경험을 쌓을 수 있는 회사라면 규모와 관계없이 첫 직장으로 의미가 있다는 의견이 많습니다. 최근 채용은 '비슷한 일을 해 본 사람'을 선호하고, 중고신입이 유리한 구조라 회사 규모보다 직무 KPI로 설명 가능한 성과를 만드는 것이 핵심입니다. 다만 원하는 직무와 무관한 업무가 대부분이면 이직 시 경력으로 인정받기 어렵습니다. 지원 전 공고의 실제 업무 목록이 내가 원하는 직무와 얼마나 겹치는지 확인하세요.",자료 조사,[YouTube 댓글] https://www.youtube.com/watch?v=u2SDGZoVRP0&lc=UgyNJM9eqkVNrd8gjDV4AaABAg | 좋아요 10 | 영상: 취업사이다 - 서류 광탈 원인이 스펙 문제...? (합격클리닉) | 요지: 중소기업에서 2년 경력을 쌓고 중고신입으로 이직하는 편이 낫겠다는 의견,"[YouTube] 면접왕 이형 - 2026 취업/이직 준비 전략 총정리 | https://www.youtube.com/watch?v=doAV4HQWwWY | 해당 부분: 중고신입 파트(스킬셋 구축 + 직무 KPI 성과, 회사 규모 무관)",중고신입은 스킬셋을 만들고 직무 KPI로 설명할 수 있는 성과를 경험하면 회사 규모와 관계없이 원하는 곳으로 갈 가능성이 높아진다고 설명.,2026-10-02,확인 필요,,중,priority 중: 진로 선택 관련 반복 질문. | 수정일: 2026-10-02 (최초 수집),N,"첫 회사를 중소기업으로 들어가 경험을 쌓은 뒤 옮기는 게 좋을까요?,첫 직장 중소기업 갔다가 이직하는 거 괜찮아?,취준생인데 중소 먼저 가서 경력 쌓고 이직하는 거 어때요?,첫 직장 중소기업 경력 후 이직,저는 졸업을 앞두고 있는데 첫 직장을 중소기업으로 시작하는 게 나을까요?,중소기업에서 시작해 이직하는 전략 좀 알려주세요,중소기업 첫 직장 이직,첫 직장 중소기업에서 쌓은 경력이 이직에 도움이 되나요?,첫 직장을 중소기업으로 가면 나중에 이직할 때 불리한가요?",첫 회사를 중소기업으로 들어가 경험을 쌓은 뒤 옮기는 게 좋을까요?,첫 직장 중소기업 갔다가 이직하는 거 괜찮아?,취준생인데 중소 먼저 가서 경력 쌓고 이직하는 거 어때요?,첫 직장 중소기업 경력 후 이직,저는 졸업을 앞두고 있는데 첫 직장을 중소기업으로 시작하는 게 나을까요?,중소기업에서 시작해 이직하는 전략 좀 알려주세요,중소기업 첫 직장 이직,첫 직장 중소기업에서 쌓은 경력이 이직에 도움이 되나요?,첫 직장을 중소기업으로 가면 나중에 이직할 때 불리한가요?
4,4,C01-004,직무 탐색·전환,공통,입사 후 직무가 안 맞아서 퇴사했어요. 다른 직무로 전환할 수 있을까요?,"직무 전환은 가능하지만, 새 직무와 '비슷한 일'을 해 본 경험을 먼저 만들어야 설득력이 생깁니다. 기업은 유사 경험이 있는 사람을 즉시 투입 가능한 인재로 보기 때문에 교육 수강만으로는 부족하고, 툴을 써서 문제를 해결해 본 경험이 필요합니다. 이전 직무에서 쌓은 협업·문제 해결 경험은 새 직무와 연결해 설명할 수 있습니다. 목표 직무의 툴을 활용한 작은 프로젝트나 현직자 피드백을 받을 수 있는 활동부터 시작해 보세요.",자료 조사,[YouTube 댓글] https://www.youtube.com/watch?v=VQmAnqT482g&lc=UgwskyAnIpTBiqcI_Nh4AaABAg | 좋아요 10 | 영상: 면접왕 이형 - 공백기에 대한 면접관의 속마음 | 이미 생긴 공백기 대처법 | 요지: 5년차인데 직무 적성이 안 맞아 퇴사 후 1년을 쉬었다는 고민,[YouTube] 면접왕 이형 - 공백기에 대한 면접관의 속마음 | 이미 생긴 공백기 대처법 | https://www.youtube.com/watch?v=VQmAnqT482g | 해당 부분: 공백기 활용법(기술·협업·현직자 피드백 3가지) 파트,"직무 유사 경험이 핵심이며, 단순 공부·자격증보다 스킬로 문제를 해결한 경험, 협업 경험, 현직자 피드백 경험이 의미 있다고 설명.",2026-10-02,확인 필요,,중,"priority 중: 경력 전환자 질문. 영상에 부트캠프 광고 포함, 광고 부분은 근거에서 제외함. | 수정일: 2026-10-02 (최초 수집)",N,"입사했는데 업무가 맞지 않아 그만뒀어요 다른 직무로 바꿀 수 있을까요?,직무 안 맞아서 퇴사했는데 다른 직무로 갈 수 있어?,직무 안 맞아 퇴사하고 다시 취준하는데 다른 직무로 전환 가능함?,퇴사 후 다른 직무 전환 방법,저는 입사 후 직무가 안 맞아서 그만뒀는데 새 직무로 다시 시작할 수 있을까요?,직무 안 맞아서 퇴사한 뒤 직무 전환하는 방법 알려주세요,퇴사 후 직무 전환,퇴사 후 다른 직무로 커리어 전환이 가능한가요?,직무가 안 맞아 퇴사한 이력이 있으면 직무 전환할 때 불리할까요?",입사했는데 업무가 맞지 않아 그만뒀어요 다른 직무로 바꿀 수 있을까요?,직무 안 맞아서 퇴사했는데 다른 직무로 갈 수 있어?,직무 안 맞아 퇴사하고 다시 취준하는데 다른 직무로 전환 가능함?,퇴사 후 다른 직무 전환 방법,저는 입사 후 직무가 안 맞아서 그만뒀는데 새 직무로 다시 시작할 수 있을까요?,직무 안 맞아서 퇴사한 뒤 직무 전환하는 방법 알려주세요,퇴사 후 직무 전환,퇴사 후 다른 직무로 커리어 전환이 가능한가요?,직무가 안 맞아 퇴사한 이력이 있으면 직무 전환할 때 불리할까요?
5,5,C01-005,직무 탐색·전환,공통,회사가 나와 맞는지(컬처핏)는 어떻게 판단하나요?,"모두에게 좋은 회사보다 나에게 맞는 회사를 찾는 것이 중요하다는 관점이 강조되고 있습니다. 보상은 연봉뿐 아니라 공정성과 인정도 포함되므로, 내가 무엇을 더 중시하는지 먼저 정리해야 합니다. 재직자 리뷰, 입·퇴사율, 재무 정보는 참고 자료일 뿐 개인 경험이 섞여 있다는 점을 감안하세요. 인턴·프로젝트로 일하는 방식을 직접 겪어 보고 나만의 회사 선택 기준 3가지를 적어 보세요.",자료 조사,"[YouTube 댓글] https://www.youtube.com/watch?v=--JaHGmO0J0&lc=UgzhBCvIodUFKYFmbEV4AaABAg | 좋아요 5 | 영상: 넥슨태그 - AI 시대, 넥슨은 어떤 프로그래머를 찾고 있을까? | 요지: 회사 리뷰 사이트 후기, 입·퇴사율, 재무제표를 보고 지원하라는 조언","[YouTube] 면접왕 이형 - 2026 취업/이직 준비 전략 총정리 | https://www.youtube.com/watch?v=doAV4HQWwWY | 해당 부분: 마무리 파트(컬처의 시대, 보상 3요소: 돈·공정성·인정)","컬처핏 중심 채용이 강화되고 있으며, 나에게 맞는 환경을 찾는 것이 커리어의 중요한 속성이 된다고 설명.",2026-10-02,확인 필요,,하,priority 하: 지원 전 참고 질문. 리뷰 사이트 신뢰도 관련 문구 검토 필요. | 수정일: 2026-10-02 (최초 수집),N,"회사 문화가 나와 잘 맞는지 어떻게 알아볼 수 있나요?,회사가 나랑 맞는지 어떻게 알아?,컬처핏 맞는 회사인지 어케 판단해요?,회사 컬처핏 판단 방법,저는 회사 분위기를 중요하게 보는데 나와 맞는 회사인지 어떻게 판단하나요?,나랑 맞는 회사인지 확인하는 방법 좀 알려줘,컬처핏 확인,입사할 회사의 조직문화가 나와 맞는지 확인하는 방법이 있나요?,컬처핏을 따지지 않고 입사해도 괜찮을까요?",회사 문화가 나와 잘 맞는지 어떻게 알아볼 수 있나요?,회사가 나랑 맞는지 어떻게 알아?,컬처핏 맞는 회사인지 어케 판단해요?,회사 컬처핏 판단 방법,저는 회사 분위기를 중요하게 보는데 나와 맞는 회사인지 어떻게 판단하나요?,나랑 맞는 회사인지 확인하는 방법 좀 알려줘,컬처핏 확인,입사할 회사의 조직문화가 나와 맞는지 확인하는 방법이 있나요?,컬처핏을 따지지 않고 입사해도 괜찮을까요?
6,6,C01-006,직무 탐색·전환,연구·엔지니어링·제조기술,기계공학과인데 반도체 회사에 지원해도 될까요?,"가능합니다. 실제로 기계공학 전공자가 반도체 양산기술 직무에 합격한 사례가 있습니다. 다만 면접에서 '왜 반도체 산업인가'를 거의 반드시 묻기 때문에, 학부연구생·공모전처럼 반도체와 연결된 경험이 있으면 훨씬 유리합니다. 관련 경험이 없다면 직무기술서의 핵심 역량과 내 전공 경험을 연결하는 논리를 먼저 준비하세요.",자료 조사,[YouTube 영상 내 시청자 질문/주제] https://www.youtube.com/watch?v=C6xsb3kETb8 | 영상: 반도체 양산기술 취업 전략 - 공백기 뿌시고 ASML·SK하이닉스 동시 합격자 인터뷰 | 요지: 기계공학 전공자가 반도체 직무를 선택할 때의 어려움을 인터뷰에서 질문,[YouTube] 반도체 양산기술 취업 전략 - 공백기 뿌시고 ASML·SK하이닉스 동시 합격자 인터뷰 | https://www.youtube.com/watch?v=C6xsb3kETb8 | 해당 부분: 기계공학과 졸업 후 반도체 산업 선택 이유 질문 부분,"기계공학 전공 합격자는 면접마다 반도체 산업 지원 이유를 질문받았고, 반도체 관련 학부연구생 경험으로 어필할 수 있었다고 답함.",2026-10-02,확인 필요,,중,priority 중: 전공-산업 불일치 고민. 단일 합격 사례이므로 일반화 주의. | 수정일: 2026-10-02 (최초 수집),N,"기계공학 전공자도 반도체 기업에 원서를 내도 되나요?,기계과인데 반도체 회사 지원해도 돼?,기계과 취준생인데 반도체 회사 지원 가능함?,기계공학과 반도체 회사 지원,저는 기계공학과 졸업 예정인데 반도체 회사에 지원해도 될까요?,기계공학과가 반도체 회사 지원할 때 준비할 것 알려주세요,기계과 반도체,기계공학 전공으로 반도체 기업 입사 지원이 가능한가요?,기계공학과가 반도체 회사에 지원하면 불리한가요?",기계공학 전공자도 반도체 기업에 원서를 내도 되나요?,기계과인데 반도체 회사 지원해도 돼?,기계과 취준생인데 반도체 회사 지원 가능함?,기계공학과 반도체 회사 지원,저는 기계공학과 졸업 예정인데 반도체 회사에 지원해도 될까요?,기계공학과가 반도체 회사 지원할 때 준비할 것 알려주세요,기계과 반도체,기계공학 전공으로 반도체 기업 입사 지원이 가능한가요?,기계공학과가 반도체 회사에 지원하면 불리한가요?
7,7,C01-007,직무 탐색·전환,연구·엔지니어링·제조기술,한 산업(예: 반도체)만 보고 준비해도 괜찮을까요?,"목표 산업을 깊게 파는 것은 좋지만, 한 산업만 준비하면 공고가 적은 시기에 지원할 곳이 없어지는 위험이 있습니다. 실제 합격자도 반도체만 준비해 다른 산업 공고에 지원하지 못한 점을 후회했다고 말했습니다. 직무(공정·설비·품질 등)를 축으로 두고 인접 산업 1~2개를 함께 준비하는 방식이 현실적입니다. 지금 준비 중인 경험이 다른 산업에서도 쓰일 수 있는지 점검해 보세요.",자료 조사,[YouTube 영상 내 시청자 질문/주제] https://www.youtube.com/watch?v=C6xsb3kETb8 | 영상: 반도체 양산기술 취업 전략 - 공백기 뿌시고 ASML·SK하이닉스 동시 합격자 인터뷰 | 요지: 합격자에게 '다시 준비한다면 미리 해둘 것'을 묻는 질문,[YouTube] 반도체 양산기술 취업 전략 - 공백기 뿌시고 ASML·SK하이닉스 동시 합격자 인터뷰 | https://www.youtube.com/watch?v=C6xsb3kETb8 | 해당 부분: 후회했던 점·추천 활동 질문에 대한 답변 부분,6개월간 공고는 많았지만 반도체 외 산업은 준비가 안 돼 쓸 수 없었다며 다양한 분야 경험을 쌓아 지원하라고 추천.,2026-10-02,확인 필요,,중,priority 중: 산업 집중 vs 분산 고민. | 수정일: 2026-10-02 (최초 수집),N,"반도체 한 업계만 목표로 삼아도 될까요?,반도체 하나만 보고 준비해도 돼?,반도체만 보고 취준해도 괜찮음?,반도체 한 산업만 준비,저는 반도체 산업만 생각하고 있는데 한 산업만 준비해도 될까요?,반도체 한 산업만 준비할 때 주의할 점 알려주세요,반도체만 준비,반도체 산업 하나만 정해서 취업 준비해도 되나요?,반도체 한 산업만 준비하면 나중에 불리할까요?",반도체 한 업계만 목표로 삼아도 될까요?,반도체 하나만 보고 준비해도 돼?,반도체만 보고 취준해도 괜찮음?,반도체 한 산업만 준비,저는 반도체 산업만 생각하고 있는데 한 산업만 준비해도 될까요?,반도체 한 산업만 준비할 때 주의할 점 알려주세요,반도체만 준비,반도체 산업 하나만 정해서 취업 준비해도 되나요?,반도체 한 산업만 준비하면 나중에 불리할까요?
8,8,C01-008,직무 탐색·전환,경영·사무·인사,인사(HR) 직무는 관련 전공이 꼭 필요한가요?,"필수는 아닙니다. 대기업 인사팀 현직자도 HR 직무는 다양한 전공자가 모여 있다고 설명합니다. 대신 지원자의 경험을 HR 업무와 연결해 설명하는 능력이 중요합니다. 인사팀이 실제로 하는 일(채용·인력운영·노경 등)을 먼저 알아보고, 내 경험 중 사람·조직과 관련된 활동을 연결해 보세요.",자료 조사,[YouTube 영상 내 시청자 질문/주제] https://www.youtube.com/watch?v=FUV9343n7yc | 영상: LG전자 채용 - 인턴 없이 HR 직무 합격한 썰 | 요지: 인턴 없이 HR 직무에 합격한 현직자에게 전공·스펙을 묻는 Q&A,[YouTube] LG전자 채용 - 인턴 없이 HR 직무 합격한 썰 | https://www.youtube.com/watch?v=FUV9343n7yc | 해당 부분: 전공 소개 및 'HR은 전공을 따지지 않는다'는 답변 부분,현직자는 팀 내 전공이 행정·정치·통계 등 다양하며 HR은 전공을 크게 따지지 않는다고 설명.,2026-10-02,확인 필요,,중,priority 중: 비전공 HR 지원자 질문. | 수정일: 2026-10-02 (최초 수집),N,"인사 직무에 가려면 관련 학과를 나와야 하나요?,HR 직무는 관련 전공 없어도 돼?,인사 직무 비전공 취준생도 가능함?,인사 HR 직무 전공 필요 여부,저는 인사 관련 전공이 아닌데 HR 직무에 지원할 수 있을까요?,HR 직무에 필요한 전공 조건 알려주세요,HR 전공 필수,인사 직무 채용에서 관련 전공이 필수 조건인가요?,인사 관련 전공이 아니면 HR 직무 지원 시 불리한가요?",인사 직무에 가려면 관련 학과를 나와야 하나요?,HR 직무는 관련 전공 없어도 돼?,인사 직무 비전공 취준생도 가능함?,인사 HR 직무 전공 필요 여부,저는 인사 관련 전공이 아닌데 HR 직무에 지원할 수 있을까요?,HR 직무에 필요한 전공 조건 알려주세요,HR 전공 필수,인사 직무 채용에서 관련 전공이 필수 조건인가요?,인사 관련 전공이 아니면 HR 직무 지원 시 불리한가요?
9,9,C01-009,직무 탐색·전환,경영·사무·인사,인사·총무·노무·경영지원은 어떻게 다른가요?,"공고 이름은 '인사총무'여도 실제 업무는 다를 수 있습니다. 인사는 채용·근태·급여·교육, 총무는 비품·자산·차량·부동산, 노무는 노동조합·노동법 대응을 주로 맡는다고 구분할 수 있습니다. 작은 회사의 경영지원은 회계 업무까지 섞여 있는 경우가 많습니다. 공고의 업무 목록을 이 기준으로 나눠 보고, 원하는 커리어와 맞는 비중인지 확인하세요.",자료 조사,[YouTube 영상 내 시청자 질문/주제] https://www.youtube.com/watch?v=WqkiqaWJQLY | 영상: 디어커리어 - 인사팀 신입 채용공고 분석 | HR·총무·경영지원 | 요지: 인사팀 신입 공고 5개를 분석하며 HR·총무·경영지원 업무를 구분,"[YouTube] 디어커리어 - 인사팀 신입 채용공고 분석 | HR·총무·경영지원 | https://www.youtube.com/watch?v=WqkiqaWJQLY | 해당 부분: 공고별 업무 항목(노무 대응, 근태, 비품·부동산, 관리회계 등) 해설 부분","노무는 인사와 다른 영역이고, 비품·자산·차량은 총무, 관리회계는 회계팀 업무라며 공고의 실제 인사 업무 비중을 보라고 설명.",2026-10-02,확인 필요,,상,priority 상: 사무직 지원 시 혼동이 큰 개념. | 수정일: 2026-10-02 (최초 수집),N,"인사 총무 노무 경영지원 업무는 각각 무엇이 다른가요?,인사랑 총무랑 노무랑 경영지원 뭐가 달라?,인사 총무 노무 경영지원 차이 머임?,인사 총무 노무 경영지원 차이,저는 경영지원 쪽을 보고 있는데 인사 총무 노무와 어떻게 구분되나요?,인사 총무 노무 경영지원 업무 차이 정리해 주세요,인사 총무 노무 구분,인사 총무 노무 경영지원 직무별 담당 업무 차이가 궁금해요,인사총무 공고에 지원하면 노무나 경영지원 일도 하게 될까요?",인사 총무 노무 경영지원 업무는 각각 무엇이 다른가요?,인사랑 총무랑 노무랑 경영지원 뭐가 달라?,인사 총무 노무 경영지원 차이 머임?,인사 총무 노무 경영지원 차이,저는 경영지원 쪽을 보고 있는데 인사 총무 노무와 어떻게 구분되나요?,인사 총무 노무 경영지원 업무 차이 정리해 주세요,인사 총무 노무 구분,인사 총무 노무 경영지원 직무별 담당 업무 차이가 궁금해요,인사총무 공고에 지원하면 노무나 경영지원 일도 하게 될까요?
10,10,C01-010,직무 탐색·전환,IT·개발·데이터,"코딩테스트가 없어지는 추세라는데, 개발자 신입은 무엇을 준비해야 하나요?","일부 기업(예: 넥슨 인턴십)은 코딩테스트를 폐지하고 AI 면접과 AI 활용 역량 평가를 도입했습니다. 이 기업은 문제를 파악하고 해결 순서를 구조화한 뒤 AI를 활용해 결과를 내는 과정을 본다고 밝혔습니다. 다만 모든 기업이 바뀐 것은 아니므로 지원 기업의 전형을 꼭 확인해야 합니다. 자료구조·전공 기본기를 다지면서, AI에게 명확하게 요구사항을 전달하고 결과를 검증하는 연습을 함께 하세요.",자료 조사,"[YouTube 댓글] https://www.youtube.com/watch?v=--JaHGmO0J0&lc=Ugw7jJy1PUAdjM_j1zZ4AaABAg | 좋아요 10 | 영상: 넥슨태그 - AI 시대, 넥슨은 어떤 프로그래머를 찾고 있을까? | 요지: 코테가 없어져도 AI 활용 능력이라는 더 어려운 조건이 생겼다는 의견","[YouTube] 넥슨태그 - AI 시대, 넥슨은 어떤 프로그래머를 찾고 있을까? | https://www.youtube.com/watch?v=--JaHGmO0J0 | 해당 부분: 올해 넥토리얼 전형 변화(코딩테스트 폐지, AI 면접·AI 활용 역량 평가) 설명 부분","넥슨은 코딩테스트 점수와 실무 평가의 상관관계를 찾지 못해 폐지했고, AI 활용 평가에서 문제 파악·구조화·결과를 본다고 설명.",2026-10-02,확인 필요,,상,priority 상: 개발 직군 최신 트렌드. 특정 기업 사례이므로 일반화 문구 검토 필요. | 수정일: 2026-10-02 (최초 수집),N,"코딩테스트가 폐지되는 흐름이라는데 신입 개발자는 어떤 준비를 해야 하나요?,코딩테스트 없어진다던데 개발자 신입은 뭐 준비해?,코테 폐지 추세면 신입 개발자 취준은 머 해야 함?,코딩테스트 폐지 개발자 신입 준비,저는 신입 개발자로 취업 준비 중인데 코딩테스트가 없어지면 무엇을 준비해야 할까요?,코딩테스트 없어지는 추세에 개발자 신입 준비 방법 알려주세요,코테 폐지 신입 준비,코딩테스트 없는 개발자 신입 채용 전형은 어떻게 준비하나요?,개발자 신입인데 코딩테스트 공부를 줄여도 괜찮을까요?",코딩테스트가 폐지되는 흐름이라는데 신입 개발자는 어떤 준비를 해야 하나요?,코딩테스트 없어진다던데 개발자 신입은 뭐 준비해?,코테 폐지 추세면 신입 개발자 취준은 머 해야 함?,코딩테스트 폐지 개발자 신입 준비,저는 신입 개발자로 취업 준비 중인데 코딩테스트가 없어지면 무엇을 준비해야 할까요?,코딩테스트 없어지는 추세에 개발자 신입 준비 방법 알려주세요,코테 폐지 신입 준비,코딩테스트 없는 개발자 신입 채용 전형은 어떻게 준비하나요?,개발자 신입인데 코딩테스트 공부를 줄여도 괜찮을까요?
11,11,C01-011,직무 탐색·전환,영업·마케팅,영업 직무는 힘들고 커리어가 안 남는다는데 사실인가요?,"영업은 거절과 실적 압박이 있는 직무지만, 야근이 많다거나 커리어가 막힌다는 인식은 편견이라는 현직자 의견이 있습니다. 특히 B2B 영업은 고객·도메인 이해가 넓어 사업개발·기획·전략 등으로 내부 이동할 때 유리하다고 설명합니다. 다만 업종과 회사에 따라 업무 강도는 크게 다릅니다. 관심 업종의 영업 현직자 인터뷰나 직무 소개 자료로 실제 하루 업무를 확인해 보세요.",자료 조사,"[YouTube 영상 내 시청자 질문/주제] https://www.youtube.com/watch?v=KpwOO0Vj8M0 | 영상: 영업취업랩 - 문과 취업 현실, 영업직이 답인 이유 | 요지: 영업에 대한 편견(힘듦, 커리어, AI 대체)을 하나씩 짚는 영상 주제","[YouTube] 영업취업랩 - 문과 취업 현실, 영업직이 답인 이유 | https://www.youtube.com/watch?v=KpwOO0Vj8M0 | 해당 부분: 영업 편견 4가지(스트레스, 커리어, 버티기, AI 대체) 설명 부분","영업의 어려움은 거절·성과 압박에서 오며, 내부 직무 이동 시 영업 출신이 선호되고 AI가 관계 중심 업무를 대체하기 어렵다고 주장.",2026-10-02,확인 필요,,중,priority 중: 영업 직무 기피 관련 질문. 한 현직자의 의견이므로 사례 보완 필요. | 수정일: 2026-10-02 (최초 수집),N,"영업 직무는 고되고 경력이 쌓이지 않는다는 말이 맞나요?,영업 직무 힘들고 커리어 안 남는다는 거 진짜야?,영업 직무 커리어 안 남는다는 말 현직자 입장에선 사실임?,영업 직무 커리어 편견,저는 영업 직무를 고민 중인데 커리어가 안 남는다는 말이 사실인가요?,영업 직무 커리어가 실제로 어떤지 알려주세요,영업 커리어 안 남음,영업 직무 경력이 이후 커리어 전환에 도움이 되나요?,영업 직무로 시작하면 커리어에 불리할까요?",영업 직무는 고되고 경력이 쌓이지 않는다는 말이 맞나요?,영업 직무 힘들고 커리어 안 남는다는 거 진짜야?,영업 직무 커리어 안 남는다는 말 현직자 입장에선 사실임?,영업 직무 커리어 편견,저는 영업 직무를 고민 중인데 커리어가 안 남는다는 말이 사실인가요?,영업 직무 커리어가 실제로 어떤지 알려주세요,영업 커리어 안 남음,영업 직무 경력이 이후 커리어 전환에 도움이 되나요?,영업 직무로 시작하면 커리어에 불리할까요?
12,12,C01-012,직무 탐색·전환,영업·마케팅,마케팅을 준비하다가 영업으로 방향을 바꿔도 괜찮을까요?,"가능하지만 늦게 바꿀수록 불리할 수 있습니다. 자소서와 면접 답변이 원래 직무에 맞춰져 있으면 '붙으면 다른 직무로 옮길 사람'으로 보일 수 있다는 지적이 있습니다. 방향을 바꾼다면 영업에 맞는 이유와 경험을 새로 정리해야 합니다. 두 직무 모두 고객 이해·설득 경험이 공통으로 쓰이니, 그 경험을 영업 관점으로 다시 써 보세요.",AI 제안,"[AI 제안] 직접 수집된 질문 아님. 선정 이유: 영상에서 '원하는 직무 하다가 안 되면 영업으로 틀면 되지 않나'라는 흔한 생각을 다루어, 질문 형태로 재구성함","[YouTube] 영업취업랩 - 문과 취업 현실, 영업직이 답인 이유 | https://www.youtube.com/watch?v=KpwOO0Vj8M0 | 해당 부분: '나중에 영업으로 틀면 되지 않나?'에 대한 설명 부분",기획·마케팅 위주로 준비하다 영업으로 바꾸면 면접관이 진정성을 의심할 수 있고 두 직무 모두에서 경쟁력이 애매해질 수 있다고 설명.,2026-10-02,초안,,중,priority 중. AI 제안 질문이므로 실제 수요 확인 필요. | 수정일: 2026-10-02 (최초 수집),N,"마케팅 직무를 준비하다 영업 직무로 진로를 바꿔도 될까요?,마케팅 준비하다가 영업으로 틀어도 돼?,마케팅 취준하다 영업으로 바꾸면 괜찮음?,마케팅에서 영업 직무 변경,저는 마케팅 직무를 준비해 왔는데 영업으로 바꿔도 될까요?,마케팅에서 영업으로 방향 바꾸는 방법 알려주세요,마케팅 영업 변경,마케팅 준비하다 영업으로 지원 직무를 전환해도 되나요?,마케팅 준비하다 영업으로 바꾸면 늦어서 불리할까요?",마케팅 직무를 준비하다 영업 직무로 진로를 바꿔도 될까요?,마케팅 준비하다가 영업으로 틀어도 돼?,마케팅 취준하다 영업으로 바꾸면 괜찮음?,마케팅에서 영업 직무 변경,저는 마케팅 직무를 준비해 왔는데 영업으로 바꿔도 될까요?,마케팅에서 영업으로 방향 바꾸는 방법 알려주세요,마케팅 영업 변경,마케팅 준비하다 영업으로 지원 직무를 전환해도 되나요?,마케팅 준비하다 영업으로 바꾸면 늦어서 불리할까요?
13,13,C01-013,직무 탐색·전환,금융·회계,"금융권은 어떤 곳들로 나뉘고, 어디에 지원해야 할지 어떻게 정하나요?","금융권은 은행(1금융권), 증권·카드·보험·상호금융(2금융권), 캐피탈 등(3금융권), 그리고 이를 감독·지원하는 금융 공공기관으로 나눌 수 있습니다. 구분마다 블라인드 채용 여부와 중시하는 스펙이 달라 준비 방향도 달라집니다. 예를 들어 금융 공기업은 전면 블라인드, 은행은 부분 블라인드, 2·3금융권은 학점·자격증을 비교적 꼼꼼히 본다는 설명이 있습니다. 먼저 관심 분야를 정하고 해당 구분의 채용 요건을 비교해 보세요.",자료 조사,[YouTube 영상 내 시청자 질문/주제] https://www.youtube.com/watch?v=HlJjh1IQcRU | 영상: 해커스잡·공기업 - 금융공기업·은행·금융권 스펙부터 면접까지 준비방법 총정리 | 요지: 컨설팅을 찾는 지원자들이 가장 많이 묻는 '어느 금융사에 지원해야 할지' 질문,[YouTube] 해커스잡·공기업 - 금융공기업·은행·금융권 스펙부터 면접까지 준비방법 총정리 | https://www.youtube.com/watch?v=HlJjh1IQcRU | 해당 부분: 1~3금융권 및 금융 공공기관 구조와 블라인드 채용 차이 설명 부분,"금융권 구조를 1·2·3금융권과 금융 공공기관으로 나누고, 공기업은 전면 블라인드, 은행은 일부 블라인드, 2·3금융권은 비블라인드라고 설명.",2026-10-02,확인 필요,,중,priority 중: 금융권 지원 방향 탐색 질문. 블라인드 범위는 기관별 공고로 재확인 필요. | 수정일: 2026-10-02 (최초 수집),N,"금융권은 어떤 종류로 나뉘고 지원할 곳은 어떻게 골라야 하나요?,금융권 종류 어떻게 나뉘고 어디 지원해야 돼?,1금융 2금융 구분이랑 금융권 지원처 어케 정해요?,금융권 구분 지원처 선택,저는 금융권 취업을 목표로 하는데 어디에 지원해야 할지 어떻게 정하나요?,금융권 구분과 지원처 정하는 법 정리해 주세요,금융권 구분,금융권 입사 지원할 기관은 어떤 기준으로 정하나요?,금융권 구분을 모르고 아무 데나 지원해도 괜찮을까요?",금융권은 어떤 종류로 나뉘고 지원할 곳은 어떻게 골라야 하나요?,금융권 종류 어떻게 나뉘고 어디 지원해야 돼?,1금융 2금융 구분이랑 금융권 지원처 어케 정해요?,금융권 구분 지원처 선택,저는 금융권 취업을 목표로 하는데 어디에 지원해야 할지 어떻게 정하나요?,금융권 구분과 지원처 정하는 법 정리해 주세요,금융권 구분,금융권 입사 지원할 기관은 어떤 기준으로 정하나요?,금융권 구분을 모르고 아무 데나 지원해도 괜찮을까요?
14,14,C01-014,직무 탐색·전환,생산·물류·서비스,SCM 직무를 하고 싶은데 SCM은 정확히 어떤 일을 하나요?,"SCM은 범위가 넓어서 'SCM을 하고 싶다'만으로는 부족합니다. 수요 관리, 생산 계획, 구매, 재고 관리, 국내외 물류 운영 등 세부 분야가 나뉘고 공고마다 요구하는 일이 다릅니다. 예를 들어 공고에 S&OP, MRP 같은 용어가 나오는데 의미를 모르면 지원이 어렵습니다. 관심 있는 세부 분야를 정하고, 해당 공고에 자주 나오는 용어부터 정리해 보세요.",자료 조사,[YouTube 영상 내 시청자 질문/주제] https://www.youtube.com/watch?v=Qw-i_nDc53Y | 영상: 무꿈사TV - SCM 직무와 필요한 자격증 설명 | 요지: 'SCM 쪽으로 이직·취업이 가능한가'라는 시청자 질문에 답하는 영상,[YouTube] 무꿈사TV - SCM 직무와 필요한 자격증 설명 | https://www.youtube.com/watch?v=Qw-i_nDc53Y | 해당 부분: SCM 세부 분야(수요관리·생산관리·물류·재고·구매)와 채용공고 예시 설명 부분,"SCM은 회사 업무 전체처럼 범위가 넓어 어느 부분의 일을 하고 싶은지가 중요하며, 공고 용어(S&OP, MRP 등)를 이해해야 한다고 설명.",2026-10-02,확인 필요,,중,priority 중: 생산·물류 직무 탐색. | 수정일: 2026-10-02 (최초 수집),N,"SCM 직무는 실제로 어떤 업무를 맡나요?,SCM은 정확히 무슨 일 해?,SCM 직무 현직자들은 머 하는 거예요?,SCM 직무 업무 내용,저는 SCM 직무를 희망하는데 정확히 어떤 일을 하는지 궁금해요,SCM 직무 하는 일 알려주세요,SCM 하는 일,SCM 공급망관리 직무의 세부 업무는 무엇인가요?,SCM 업무를 잘 모르고 지원해도 괜찮을까요?",SCM 직무는 실제로 어떤 업무를 맡나요?,SCM은 정확히 무슨 일 해?,SCM 직무 현직자들은 머 하는 거예요?,SCM 직무 업무 내용,저는 SCM 직무를 희망하는데 정확히 어떤 일을 하는지 궁금해요,SCM 직무 하는 일 알려주세요,SCM 하는 일,SCM 공급망관리 직무의 세부 업무는 무엇인가요?,SCM 업무를 잘 모르고 지원해도 괜찮을까요?
15,15,C01-015,직무 탐색·전환,교육·공공·사회서비스,아무 준비가 안 된 상태에서 공기업을 준비하면 얼마나 걸리나요?,"자격증부터 없는 상태라면 보통 1년 이상, 길게는 2~3년까지 보는 의견이 있습니다. 사무직은 자격증(컴활·한국사·어학) 준비에 수개월, 필기(NCS·전공) 준비에 6개월~1년 정도가 걸리고, 기술직은 기사 자격증 준비 기간이 더 길다는 설명입니다. 필기·면접 탈락으로 시즌을 반복할 수 있으니 기간을 여유 있게 잡는 것이 좋습니다. 서류 요건 자격증을 먼저 끝내 두고 필기 준비에 집중하는 순서로 계획을 세우세요.",자료 조사,[YouTube 영상 내 시청자 질문/주제] https://www.youtube.com/watch?v=xWLrW1cEeSk | 영상: 평화 [취준생 일기장] - 노베 기준 현실적인 공기업 준비 기간 | 요지: 노베이스 기준 공기업 준비 기간을 묻는 질문을 다룬 영상,[YouTube] 평화 [취준생 일기장] - 노베 기준 현실적인 공기업 준비 기간 | https://www.youtube.com/watch?v=xWLrW1cEeSk | 해당 부분: 사무직·기술직별 서류·필기·면접 준비 기간 정리 부분,"자격증 3~12개월, 필기 3~12개월로 필기 응시까지 1년~1년 반, 면접 탈락 등을 고려하면 보통 2~3년 걸린다고 개인 경험 기반으로 설명.",2026-10-02,확인 필요,,중,priority 중: 공공기관 준비 계획 질문. 개인 유튜버 의견이므로 범위 표현 유지. | 수정일: 2026-10-02 (최초 수집),N,"아무것도 없는 상태에서 공기업 준비 기간은 얼마나 잡아야 하나요?,아무 준비 없이 공기업 준비하면 얼마나 걸려?,노베이스로 공기업 준비하면 기간 얼마나 걸림?,공기업 준비 기간 무경험,저는 자격증도 없는 상태인데 공기업 준비하면 얼마나 걸릴까요?,처음부터 공기업 준비할 때 걸리는 기간 알려주세요,공기업 준비 기간,공기업 취업 준비를 처음 시작하면 기간이 얼마나 필요한가요?,아무 준비 없이 공기업 시작하면 너무 오래 걸리지 않을까요?",아무것도 없는 상태에서 공기업 준비 기간은 얼마나 잡아야 하나요?,아무 준비 없이 공기업 준비하면 얼마나 걸려?,노베이스로 공기업 준비하면 기간 얼마나 걸림?,공기업 준비 기간 무경험,저는 자격증도 없는 상태인데 공기업 준비하면 얼마나 걸릴까요?,처음부터 공기업 준비할 때 걸리는 기간 알려주세요,공기업 준비 기간,공기업 취업 준비를 처음 시작하면 기간이 얼마나 필요한가요?,아무 준비 없이 공기업 시작하면 너무 오래 걸리지 않을까요?
16,16,C01-016,직무 탐색·전환,디자인·콘텐츠,UXUI 디자이너와 프로덕트 디자이너는 무엇이 다른가요?,현업에서는 프로덕트 디자이너를 UXUI 디자이너보다 비즈니스 관점을 더 갖춘 포지션으로 설명하기도 합니다. 그래서 포트폴리오에서도 화면을 예쁘게 만든 것보다 지표 개선 같은 비즈니스 임팩트를 보여 주는 것이 중요해집니다. 다만 회사마다 직무명 정의가 달라 공고의 업무 내용을 기준으로 판단해야 합니다. 지원 공고에 데이터 분석·실험(A/B 테스트) 업무가 포함돼 있는지 확인해 보세요.,자료 조사,[YouTube 영상 내 시청자 질문/주제] https://www.youtube.com/watch?v=bEciFBaGDTY | 영상: 스파르타클럽 - 경력직 포트폴리오처럼 보이려면 이렇게 준비하시면 됩니다 (UXUI) | 요지: 포트폴리오 첫 장의 직무명 표기(프로덕트 디자이너 vs UXUI) 해설,[YouTube] 스파르타클럽 - 경력직 포트폴리오처럼 보이려면 이렇게 준비하시면 됩니다 (UXUI) | https://www.youtube.com/watch?v=bEciFBaGDTY | 해당 부분: 포트폴리오 첫 장 직무명에 대한 설명 부분,프로덕트 디자이너는 UXUI에서 더 전문화되고 비즈니스 관점으로 이해하려는 디자이너를 부르는 이름이라고 설명.,2026-10-02,확인 필요,,하,priority 하: 직무명 정의 질문. | 수정일: 2026-10-02 (최초 수집),N,"UXUI 디자이너와 프로덕트 디자이너의 차이점은 무엇인가요?,UXUI 디자이너랑 프로덕트 디자이너 뭐가 달라?,UXUI 디자이너랑 프로덕트 디자이너 차이 머임?,UXUI 프로덕트 디자이너 차이,저는 UXUI 디자이너를 준비 중인데 프로덕트 디자이너와 어떻게 다른가요?,UXUI 디자이너와 프로덕트 디자이너 차이 정리해 주세요,프로덕트 디자이너 UXUI 차이,UXUI 디자이너와 프로덕트 디자이너는 채용 직무로서 어떻게 다른가요?,UXUI 디자이너와 프로덕트 디자이너를 같은 직무로 봐도 될까요?",UXUI 디자이너와 프로덕트 디자이너의 차이점은 무엇인가요?,UXUI 디자이너랑 프로덕트 디자이너 뭐가 달라?,UXUI 디자이너랑 프로덕트 디자이너 차이 머임?,UXUI 프로덕트 디자이너 차이,저는 UXUI 디자이너를 준비 중인데 프로덕트 디자이너와 어떻게 다른가요?,UXUI 디자이너와 프로덕트 디자이너 차이 정리해 주세요,프로덕트 디자이너 UXUI 차이,UXUI 디자이너와 프로덕트 디자이너는 채용 직무로서 어떻게 다른가요?,UXUI 디자이너와 프로덕트 디자이너를 같은 직무로 봐도 될까요?
17,17,C01-017,직무 탐색·전환,의료·보건,지방대 간호학과도 서울 대형병원에 갈 수 있나요?,"갈 수 있습니다. 대형병원 최종 면접에 지방대·전문대 출신 지원자도 다양하게 있었다는 현직 간호사의 경험담이 있습니다. 다만 병원 부속 대학 출신 비율이 높은 경향은 있다고 합니다. 학점·어학을 꾸준히 관리하고, 블라인드 채용을 하는 병원 등 지원 전형 특성을 확인해 전략을 세우세요.",자료 조사,[YouTube 영상 내 시청자 질문/주제] https://www.youtube.com/watch?v=yMDne02E5Qw | 영상: 뚜이링의 일상 - 대학병원 출신 간호사가 말해주는 간호학과 취업 Q&A | 요지: 인스타그램으로 받은 질문 중 '지방대도 서울대병원 갈 수 있나요?',[YouTube] 뚜이링의 일상 - 대학병원 출신 간호사가 말해주는 간호학과 취업 Q&A | https://www.youtube.com/watch?v=yMDne02E5Qw | 해당 부분: '지방대도 서울 대학병원 갈 수 있나요?' 답변 부분,빅5 최종 면접에 지방대·전문대 등 다양한 출신이 있었으나 부속 대학 출신 비율이 높았던 것은 사실이라고 설명.,2026-10-02,확인 필요,,중,priority 중: 의료직 지원자 반복 질문. 개인 경험담이므로 병원별 공고 확인 필요. | 수정일: 2026-10-02 (최초 수집),N,"지방 소재 대학 간호학과 출신도 서울 대형병원에 취업할 수 있나요?,지방대 간호학과도 서울 대형병원 갈 수 있어?,지방대 간호과인데 서울 대형병원 취업 가능함?,지방대 간호학과 서울 대형병원 취업,저는 지방대 간호학과 학생인데 서울 대형병원에 갈 수 있을까요?,지방대 간호학과가 서울 대형병원 가는 방법 알려주세요,지방대 간호 대형병원,지방대 간호학과 출신도 서울 대형병원 채용에 지원할 수 있나요?,지방대 간호학과면 서울 대형병원 지원 시 불리한가요?",지방 소재 대학 간호학과 출신도 서울 대형병원에 취업할 수 있나요?,지방대 간호학과도 서울 대형병원 갈 수 있어?,지방대 간호과인데 서울 대형병원 취업 가능함?,지방대 간호학과 서울 대형병원 취업,저는 지방대 간호학과 학생인데 서울 대형병원에 갈 수 있을까요?,지방대 간호학과가 서울 대형병원 가는 방법 알려주세요,지방대 간호 대형병원,지방대 간호학과 출신도 서울 대형병원 채용에 지원할 수 있나요?,지방대 간호학과면 서울 대형병원 지원 시 불리한가요?
18,18,C02-001,채용공고·지원전략,공통,한 시즌에 몇 곳 정도 지원해야 하나요?,"한 시즌(약 6개월)에 최소 20곳 정도는 지원해 봐야 어디에서 통하는지 알 수 있다는 조언이 있습니다. 직무·산업은 고정하고 기업 규모를 섞는 방식(예: 대기업:중견:중소·스타트업 = 3:2:5)이 제시됩니다. 대기업만 지원하면 서류 탈락으로 면접 경험이 쌓이지 않기 때문입니다. 지원 리스트를 만들고, 면접이 끝날 때마다 받은 질문과 반응을 기록하세요.",자료 조사,[YouTube 댓글] https://www.youtube.com/watch?v=VQmAnqT482g&lc=UgzRFL-Oy1kIiS6lwVB4AaABAg | 좋아요 0 | 영상: 면접왕 이형 - 공백기에 대한 면접관의 속마음 | 이미 생긴 공백기 대처법 | 요지: 채용 사이트에 40곳 지원해 20곳이 열람했다는 경험 공유,"[YouTube] 면접왕 이형 - 2026 취업/이직 준비 전략 총정리 | https://www.youtube.com/watch?v=doAV4HQWwWY | 해당 부분: 면접 중심 준비 파트(지원 개수, 대·중·소 3:2:5 비중, 최소 20개)","직무·산업·직장 규모를 정해 한 시즌 20개 이상 지원하고, 대·중견·중소 비중을 3:2:5로 섞어 면접 기회를 늘리라고 설명.",2026-10-02,확인 필요,,상,priority 상: 지원 전략 핵심 질문. 비율은 한 강사의 제안이므로 '예시'로 표현함. | 수정일: 2026-10-02 (최초 수집),N,"한 채용 시즌에 대략 몇 개 회사에 지원하는 게 적당한가요?,한 시즌에 몇 군데 지원해야 돼?,공채 시즌에 원서 몇 곳 넣어야 함?,한 시즌 지원 기업 수,저는 이번 시즌이 첫 취업 준비인데 몇 곳 정도 지원해야 할까요?,한 시즌에 지원할 회사 개수 알려주세요,시즌 지원 개수,한 시즌 입사 지원은 몇 곳 정도 하는 게 좋나요?,한 시즌에 몇 곳만 지원해도 괜찮을까요?",한 채용 시즌에 대략 몇 개 회사에 지원하는 게 적당한가요?,한 시즌에 몇 군데 지원해야 돼?,공채 시즌에 원서 몇 곳 넣어야 함?,한 시즌 지원 기업 수,저는 이번 시즌이 첫 취업 준비인데 몇 곳 정도 지원해야 할까요?,한 시즌에 지원할 회사 개수 알려주세요,시즌 지원 개수,한 시즌 입사 지원은 몇 곳 정도 하는 게 좋나요?,한 시즌에 몇 곳만 지원해도 괜찮을까요?
19,19,C02-002,채용공고·지원전략,공통,같은 회사에 여러 번 지원하면 불리한가요?,재지원 자체보다 이전과 똑같은 서류를 그대로 다시 내는 것이 문제로 지적됩니다. 인사담당자 인터뷰에서도 지원 횟수가 많은데 같은 내용을 반복하는 경우를 거르는 사례로 꼽았습니다. 반면 같은 회사에 여러 번 지원해 합격했다는 경험담도 많습니다. 재지원할 때는 지난 지원 이후 새로 쌓은 경험과 달라진 점을 서류에 반영하세요.,자료 조사,[YouTube 댓글] https://www.youtube.com/watch?v=7CWlAg_Xmn0&lc=UgypYOFIfaYpyw64mWB4AaABAg | 좋아요 764 | 영상: 채널 원티드 - 인사담당자가 무조건 거르는 이력서는? | 요지: 지원 횟수가 많다고 떨어뜨리는 건 현실을 모르는 방식이라는 반발,[YouTube] 채널 원티드 - 인사담당자가 무조건 거르는 이력서는? | https://www.youtube.com/watch?v=7CWlAg_Xmn0 | 해당 부분: 인사담당자들이 거르는 이력서 사례 중 '지원 횟수가 많은데 똑같은 걸 내는 경우' 부분,인사담당자들은 반복 지원 시 이전과 같은 서류를 내는 경우를 거르는 사례로 언급.,2026-10-02,확인 필요,,상,priority 상: 좋아요 764로 공감도 높음. 기업별 재지원 정책 차이 있음을 명시. | 수정일: 2026-10-02 (최초 수집),N,"동일한 회사에 여러 차례 지원하면 불이익이 있나요?,같은 회사에 계속 지원하면 불리해?,같은 회사 서탈 후 재지원하면 불리함?,같은 회사 재지원 불이익,저는 같은 회사에 이미 두 번 지원했는데 또 지원해도 될까요?,같은 회사 재지원할 때 주의할 점 알려주세요,같은 회사 재지원,같은 회사에 입사 재지원하면 서류 평가에 영향이 있나요?,같은 회사에 여러 번 지원해도 괜찮을까요?",동일한 회사에 여러 차례 지원하면 불이익이 있나요?,같은 회사에 계속 지원하면 불리해?,같은 회사 서탈 후 재지원하면 불리함?,같은 회사 재지원 불이익,저는 같은 회사에 이미 두 번 지원했는데 또 지원해도 될까요?,같은 회사 재지원할 때 주의할 점 알려주세요,같은 회사 재지원,같은 회사에 입사 재지원하면 서류 평가에 영향이 있나요?,같은 회사에 여러 번 지원해도 괜찮을까요?
20,20,C02-003,채용공고·지원전략,공통,"공고의 우대사항이 사실상 필수처럼 보이는데, 없으면 지원하지 말아야 하나요?","공고에서 '필수'로 요구한 요건이 빠지면 서류에서 걸러질 가능성이 높지만, 우대사항이 없다는 이유만으로 지원을 포기할 필요는 없습니다. 인사담당자들은 공고에서 반드시 필요한 요건이 갖춰지지 않은 이력서를 먼저 거른다고 말했습니다. 우대사항이 없다면 그와 비슷한 경험이나 학습 계획으로 빈자리를 설명하는 것이 좋습니다. 공고를 필수·우대·업무 내용으로 나눠 표로 정리하고, 내가 채울 수 있는 항목을 표시해 보세요.",자료 조사,[YouTube 댓글] https://www.youtube.com/watch?v=7CWlAg_Xmn0&lc=UgwIfs0Uw7_xQtpBmqx4AaABAg | 좋아요 98 | 영상: 채널 원티드 - 인사담당자가 무조건 거르는 이력서는? | 요지: 우대사항이 사실상 필수라면 공고에 필수로 써야 한다는 의견,[YouTube] 채널 원티드 - 인사담당자가 무조건 거르는 이력서는? | https://www.youtube.com/watch?v=7CWlAg_Xmn0 | 해당 부분: '공고에서 꼭 필요한 게 갖춰지지 않은 이력서는 거른다'는 답변 부분,인사담당자들은 요구 정보가 없거나 공고 필수 요건을 갖추지 않은 이력서를 먼저 거른다고 답함.,2026-10-02,확인 필요,,중,priority 중: 공고 해석 질문. 우대사항 처리 방식은 기업마다 다름. | 수정일: 2026-10-02 (최초 수집),N,"채용공고 우대사항을 갖추지 못했으면 지원을 포기해야 하나요?,우대사항 없으면 지원하지 말아야 돼?,공고 우대사항 하나도 없는데 서류 넣어도 됨?,공고 우대사항 미충족 지원,저는 공고 우대사항에 해당하는 게 없는데 지원해도 될까요?,우대사항 없을 때 지원 판단 기준 알려주세요,우대사항 없음 지원,우대사항을 못 갖춰도 입사 지원해 볼 만한가요?,우대사항이 없으면 서류에서 불리할까요?",채용공고 우대사항을 갖추지 못했으면 지원을 포기해야 하나요?,우대사항 없으면 지원하지 말아야 돼?,공고 우대사항 하나도 없는데 서류 넣어도 됨?,공고 우대사항 미충족 지원,저는 공고 우대사항에 해당하는 게 없는데 지원해도 될까요?,우대사항 없을 때 지원 판단 기준 알려주세요,우대사항 없음 지원,우대사항을 못 갖춰도 입사 지원해 볼 만한가요?,우대사항이 없으면 서류에서 불리할까요?
21,21,C02-004,채용공고·지원전략,공통,하반기 공채는 언제부터 준비해야 하나요?,"하반기 공고는 보통 9~10월에 몰리기 때문에 7~8월에 경험 정리, 직무·산업 분석 같은 기본기를 다져 두라는 조언이 많습니다. 공고가 뜬 뒤에 시작하면 자소서·인적성·면접이 한꺼번에 겹쳐 대응이 어려워집니다. 이미 시즌 중이라면 마감이 가까운 공고부터 우선순위를 정하세요. 다음 시즌을 위해 공고 사이 빈 기간에 할 일(인적성, 경험 정리)을 미리 정해 두세요.",자료 조사,"[YouTube 영상 내 시청자 질문/주제] https://www.youtube.com/watch?v=ECbFAdC_n-w | 영상: 옴스잡스 - 2026하반기 채용트렌드 ""AI 그만 쓰고, 자기색깔/직무전문성 더 쌓아라"" | 요지: 2026 하반기 채용 트렌드와 시기별 준비를 다룬 영상","[YouTube] 옴스잡스 - 2026하반기 채용트렌드 ""AI 그만 쓰고, 자기색깔/직무전문성 더 쌓아라"" | https://www.youtube.com/watch?v=ECbFAdC_n-w | 해당 부분: 마무리 파트(7~8월에 기본기를 쌓아야 9~10월 공고 시즌에 대응)",7~8월에 기본기를 다진 사람과 아닌 사람의 격차가 하반기에 벌어진다고 설명.,2026-10-02,확인 필요,,중,priority 중: 시기 질문. 기업별 공고 일정은 매년 달라짐. | 수정일: 2026-10-02 (최초 수집),N,"하반기 공개채용은 몇 월부터 대비해야 하나요?,하반기 공채 언제부터 준비해?,하반기 공채 취준 언제 시작해야 함?,하반기 공채 준비 시작 시기,저는 하반기 공채를 노리고 있는데 언제부터 준비하면 될까요?,하반기 공채 준비 일정 정리해 주세요,하반기 공채 시기,하반기 공채 대비 취업 준비는 언제 시작하나요?,하반기 공채를 공고 뜨고 나서 준비해도 괜찮을까요?",하반기 공개채용은 몇 월부터 대비해야 하나요?,하반기 공채 언제부터 준비해?,하반기 공채 취준 언제 시작해야 함?,하반기 공채 준비 시작 시기,저는 하반기 공채를 노리고 있는데 언제부터 준비하면 될까요?,하반기 공채 준비 일정 정리해 주세요,하반기 공채 시기,하반기 공채 대비 취업 준비는 언제 시작하나요?,하반기 공채를 공고 뜨고 나서 준비해도 괜찮을까요?
22,22,C02-005,채용공고·지원전략,공통,스펙(학교·학점)이 낮으면 서류 통과가 어렵지 않나요?,"스펙이 서류에 영향을 주는 것은 사실이지만, 최근에는 고스펙 지원자도 서류에서 떨어지고 전형적인 스펙 없이 합격하는 사례도 늘고 있다는 분석이 있습니다. 합격을 가르는 요소로 산업·직무에 대한 이해와 자기만의 관점, 직무 유사 경험이 강조됩니다. 다만 일부 기업은 학교·학점을 기준으로 서류를 거르기도 하므로 지원처를 넓게 잡는 것이 좋습니다. 내가 바꿀 수 있는 부분(경험·직무 이해·서류 완성도)에 시간을 우선 배분하세요.",자료 조사,[YouTube 댓글] https://www.youtube.com/watch?v=u2SDGZoVRP0&lc=Ugza-H8B5dOpkuPtz0B4AaABAg | 좋아요 26 | 영상: 취업사이다 - 서류 광탈 원인이 스펙 문제...? (합격클리닉) | 요지: 취업 콘텐츠 댓글이 학벌에 가장 민감하지만 지방국립대도 대기업 최종 합격 사례가 많다는 의견,"[YouTube] 옴스잡스 - 2026하반기 채용트렌드 ""AI 그만 쓰고, 자기색깔/직무전문성 더 쌓아라"" | https://www.youtube.com/watch?v=ECbFAdC_n-w | 해당 부분: 트렌드② 높아지는 합격 기준(고스펙 탈락, 저스펙 합격 사례) 부분","해외대·명문대 지원자도 서류 탈락이 이어지는 반면, 지방대·관련 경험 없는 지원자가 합격한 사례를 들며 기준이 스펙이 아니라고 설명.",2026-10-02,확인 필요,,상,priority 상: 학벌·스펙 불안은 댓글에서 가장 민감한 주제. | 수정일: 2026-10-02 (최초 수집),N,"학벌이나 학점이 낮으면 서류 전형을 통과하기 힘든가요?,학교랑 학점 스펙 낮으면 서류 붙기 어렵지 않아?,학교 학점 스펙 낮으면 서탈 확정임?,낮은 스펙 학교 학점 서류 통과,저는 학교도 학점도 낮은 편인데 서류 통과가 가능할까요?,학교 학점 스펙이 낮을 때 서류 통과하는 방법 알려주세요,저스펙 서류 통과,학교와 학점 같은 스펙이 서류 전형 통과에 얼마나 영향을 주나요?,학교랑 학점이 낮으면 서류에서 많이 불리할까요?",학벌이나 학점이 낮으면 서류 전형을 통과하기 힘든가요?,학교랑 학점 스펙 낮으면 서류 붙기 어렵지 않아?,학교 학점 스펙 낮으면 서탈 확정임?,낮은 스펙 학교 학점 서류 통과,저는 학교도 학점도 낮은 편인데 서류 통과가 가능할까요?,학교 학점 스펙이 낮을 때 서류 통과하는 방법 알려주세요,저스펙 서류 통과,학교와 학점 같은 스펙이 서류 전형 통과에 얼마나 영향을 주나요?,학교랑 학점이 낮으면 서류에서 많이 불리할까요?
23,23,C02-006,채용공고·지원전략,공통,채용공고를 볼 때 회사 규모나 안정성은 어떻게 확인하나요?,"공고 페이지의 직원 수·매출 정보를 먼저 보고, 상장사라면 전자공시시스템(DART)에서 직원 수와 매출을 확인할 수 있습니다. 업무 내용이 직무명과 맞는지, 한 사람에게 여러 팀 업무가 몰려 있는지도 함께 보라는 조언이 있습니다. 상장사 경력은 이후 이직에 유리하다는 의견도 있습니다. 관심 공고 3곳을 골라 직원 수·매출·업무 범위를 비교해 보세요.",자료 조사,[YouTube 영상 내 시청자 질문/주제] https://www.youtube.com/watch?v=WqkiqaWJQLY | 영상: 디어커리어 - 인사팀 신입 채용공고 분석 | HR·총무·경영지원 | 요지: 실제 신입 공고 5개를 보며 회사 규모와 업무 범위를 확인하는 과정,"[YouTube] 디어커리어 - 인사팀 신입 채용공고 분석 | HR·총무·경영지원 | https://www.youtube.com/watch?v=WqkiqaWJQLY | 해당 부분: 직원 수 확인, DART 조회, 상장사 추천 부분","공고의 직원 수와 매출을 확인하고, 정보가 없으면 DART에서 직원 수를 찾을 수 있으며 상장사 출신은 이직에 유리하다고 설명.",2026-10-02,확인 필요,,하,priority 하: 공고 분석 방법. | 수정일: 2026-10-02 (최초 수집),N,"채용공고에서 기업 규모나 재무 안정성은 어떻게 알아볼 수 있나요?,채용공고 볼 때 회사 규모랑 안정성 어떻게 확인해?,공고 보고 회사 규모 안정성 어케 확인해요?,채용공고 회사 규모 안정성 확인,저는 처음 들어보는 회사 공고를 보고 있는데 규모나 안정성은 어떻게 확인하나요?,채용공고에서 회사 규모와 안정성 확인하는 방법 알려주세요,회사 안정성 확인,지원할 회사의 규모와 안정성은 채용공고 외에 어디서 확인하나요?,회사 규모나 안정성을 확인 안 하고 지원해도 괜찮을까요?",채용공고에서 기업 규모나 재무 안정성은 어떻게 알아볼 수 있나요?,채용공고 볼 때 회사 규모랑 안정성 어떻게 확인해?,공고 보고 회사 규모 안정성 어케 확인해요?,채용공고 회사 규모 안정성 확인,저는 처음 들어보는 회사 공고를 보고 있는데 규모나 안정성은 어떻게 확인하나요?,채용공고에서 회사 규모와 안정성 확인하는 방법 알려주세요,회사 안정성 확인,지원할 회사의 규모와 안정성은 채용공고 외에 어디서 확인하나요?,회사 규모나 안정성을 확인 안 하고 지원해도 괜찮을까요?
24,24,C02-007,채용공고·지원전략,공통,공백기를 피하려고 계약직·파견직으로 일하는 게 도움이 될까요?,"직무와 관련된 실무를 했다면 공백기보다 의미 있는 경험으로 설명할 수 있습니다. 다만 기간이 너무 짧으면 경력으로 쓰기 애매하므로 1년 이상일 때 추천한다는 현직자 의견이 있습니다. 대기업 면접에서 '왜 계약직을 했는지' 질문을 받을 수 있으니, 그 경험으로 무엇을 배웠는지 답을 준비해야 합니다. 계약 조건(기간, 업무 범위)을 확인하고 실제 직무 경험이 되는지 판단하세요.",자료 조사,[YouTube 댓글] https://www.youtube.com/watch?v=VQmAnqT482g&lc=UgywJ_RLK6QDiH3jRKl4AaABAg | 좋아요 16 | 영상: 면접왕 이형 - 공백기에 대한 면접관의 속마음 | 이미 생긴 공백기 대처법 | 요지: 졸업 후 파견 계약직으로 일했는데 대기업 면접에서 그 이유를 공격받는다는 고민,[YouTube] 디어커리어 - 인사팀 신입 채용공고 분석 | HR·총무·경영지원 | https://www.youtube.com/watch?v=WqkiqaWJQLY | 해당 부분: 계약직 8개월 공고 해설 부분(계약직은 1년 이상일 때 추천),계약직 8개월은 경력으로 쓰기 애매해 1년 이상일 때만 추천한다고 설명.,2026-10-02,확인 필요,,중,priority 중: 공백기 대안 질문. 면접 대응 근거는 추가 자료 보완 필요. | 수정일: 2026-10-02 (최초 수집),N,"공백 기간을 줄이려고 계약직이나 파견직으로 근무하는 게 도움이 되나요?,공백기 때문에 계약직이나 파견직 하는 거 도움 돼?,공백기 메우려고 계약직 파견직 하면 취준에 도움 됨?,공백기 계약직 파견직 경험,저는 졸업 후 공백기가 길어지고 있는데 계약직이나 파견직이라도 하는 게 나을까요?,공백기에 계약직 파견직 활용하는 방법 알려주세요,계약직 파견직 공백기,공백기 대신 계약직 파견직 근무 경험도 경력으로 인정받을 수 있나요?,공백기에 계약직이나 파견직으로 일하면 나중에 불리할까요?",공백 기간을 줄이려고 계약직이나 파견직으로 근무하는 게 도움이 되나요?,공백기 때문에 계약직이나 파견직 하는 거 도움 돼?,공백기 메우려고 계약직 파견직 하면 취준에 도움 됨?,공백기 계약직 파견직 경험,저는 졸업 후 공백기가 길어지고 있는데 계약직이나 파견직이라도 하는 게 나을까요?,공백기에 계약직 파견직 활용하는 방법 알려주세요,계약직 파견직 공백기,공백기 대신 계약직 파견직 근무 경험도 경력으로 인정받을 수 있나요?,공백기에 계약직이나 파견직으로 일하면 나중에 불리할까요?
25,25,C02-008,채용공고·지원전략,연구·엔지니어링·제조기술,엔지니어 직무 자소서는 회사·직무마다 매번 새로 써야 하나요?,"직무기술서에서 핵심 키워드를 뽑아 내 역량과 맞춰 쓰는 것이 기본이고, 직무가 다르면 강조할 경험도 달라져야 합니다. 실제 합격자는 장비사 CS 직무에는 장비 문제 경험을, 칩메이커 양산기술 직무에는 공정 진행·데이터 분석 경험을 강조했다고 말했습니다. 다만 20~30곳을 쓰다 보면 겹치는 역량 설명은 재사용하기도 했다고 합니다. 직무기술서 키워드 목록을 만들고 키워드별 대표 경험을 하나씩 매칭해 두세요.",자료 조사,[YouTube 영상 내 시청자 질문/주제] https://www.youtube.com/watch?v=C6xsb3kETb8 | 영상: 반도체 양산기술 취업 전략 - 공백기 뿌시고 ASML·SK하이닉스 동시 합격자 인터뷰 | 요지: 20~30곳 지원 시 자소서를 어떻게 썼는지 묻는 인터뷰 질문,[YouTube] 반도체 양산기술 취업 전략 - 공백기 뿌시고 ASML·SK하이닉스 동시 합격자 인터뷰 | https://www.youtube.com/watch?v=C6xsb3kETb8 | 해당 부분: 자소서 작성 첫 단계와 CS·양산기술 직무별 공략 차이 답변 부분,"직무기술서에서 역량 키워드를 리스트업하고 사례를 문항에 맞췄으며, 직무별로 강조 경험을 달리하되 겹치는 역량은 재사용했다고 설명.",2026-10-02,확인 필요,,중,priority 중. | 수정일: 2026-10-02 (최초 수집),N,"엔지니어 직무 자기소개서는 회사와 직무별로 매번 다시 작성해야 하나요?,엔지니어 자소서 회사마다 새로 써야 돼?,엔지니어 직무 자소서 회사별로 돌려써도 됨?,엔지니어 자소서 회사별 작성,저는 여러 회사에 엔지니어 직무로 지원하는데 자소서를 매번 새로 써야 할까요?,엔지니어 직무 자소서 회사별로 맞추는 방법 알려주세요,엔지니어 자소서 새로,엔지니어 직무 지원서는 회사와 직무에 맞춰 따로 써야 하나요?,엔지니어 직무 자소서를 여러 회사에 똑같이 내도 괜찮을까요?",엔지니어 직무 자기소개서는 회사와 직무별로 매번 다시 작성해야 하나요?,엔지니어 자소서 회사마다 새로 써야 돼?,엔지니어 직무 자소서 회사별로 돌려써도 됨?,엔지니어 자소서 회사별 작성,저는 여러 회사에 엔지니어 직무로 지원하는데 자소서를 매번 새로 써야 할까요?,엔지니어 직무 자소서 회사별로 맞추는 방법 알려주세요,엔지니어 자소서 새로,엔지니어 직무 지원서는 회사와 직무에 맞춰 따로 써야 하나요?,엔지니어 직무 자소서를 여러 회사에 똑같이 내도 괜찮을까요?
26,26,C02-009,채용공고·지원전략,경영·사무·인사,인사팀 신입 공고인데 실제 인사 업무가 적은 경우는 어떻게 구별하나요?,"공고 업무 목록에서 채용·근태·급여·교육 같은 인사 업무와 비품·자산·차량 같은 총무 업무, 전표·관리회계 같은 회계 업무를 나눠 보세요. 현직자는 업무 대부분이 총무·회계인 공고는 인사 커리어를 원하는 사람에게 추천하지 않는다고 말합니다. 반대로 급여·계약서·근태를 직접 다루는 자리는 신입 때 배우기 좋다고 평가했습니다. 지원 전 업무 목록에서 인사 업무 비중을 계산해 우선순위를 정하세요.",자료 조사,[YouTube 영상 내 시청자 질문/주제] https://www.youtube.com/watch?v=WqkiqaWJQLY | 영상: 디어커리어 - 인사팀 신입 채용공고 분석 | HR·총무·경영지원 | 요지: 인사팀 신입 공고를 현직자가 직접 읽으며 추천·비추천을 판단,"[YouTube] 디어커리어 - 인사팀 신입 채용공고 분석 | HR·총무·경영지원 | https://www.youtube.com/watch?v=WqkiqaWJQLY | 해당 부분: 공고 2·5번(총무·회계 중심) 비추천, 공고 3번(급여·채용·근태) 추천 부분","업무가 총무·회계 위주인 공고는 인사 커리어에 부적합하고, 급여·채용·근태를 맡는 자리는 인사 커리어를 쌓기 좋다고 설명.",2026-10-02,확인 필요,,중,priority 중. | 수정일: 2026-10-02 (최초 수집),N,"인사팀 신입 채용공고인데 실제 인사 업무 비중이 낮은 곳은 어떻게 가려내나요?,인사팀 신입 공고인데 진짜 인사 일 적은 거 어떻게 알아?,인사팀 신입 공고 중에 총무 회계 위주인 곳 어케 걸러요?,인사팀 신입 공고 실제 업무 구별,저는 인사팀 신입으로 지원하려는데 공고만 보고 실제 인사 업무 비중을 알 수 있을까요?,인사팀 신입 공고에서 실제 인사 업무 확인하는 방법 알려주세요,인사팀 공고 실제 업무,인사팀 신입 채용공고의 업무 목록에서 인사 업무 비중을 어떻게 판단하나요?,인사 업무가 적은 인사팀 신입 공고에 지원해도 괜찮을까요?",인사팀 신입 채용공고인데 실제 인사 업무 비중이 낮은 곳은 어떻게 가려내나요?,인사팀 신입 공고인데 진짜 인사 일 적은 거 어떻게 알아?,인사팀 신입 공고 중에 총무 회계 위주인 곳 어케 걸러요?,인사팀 신입 공고 실제 업무 구별,저는 인사팀 신입으로 지원하려는데 공고만 보고 실제 인사 업무 비중을 알 수 있을까요?,인사팀 신입 공고에서 실제 인사 업무 확인하는 방법 알려주세요,인사팀 공고 실제 업무,인사팀 신입 채용공고의 업무 목록에서 인사 업무 비중을 어떻게 판단하나요?,인사 업무가 적은 인사팀 신입 공고에 지원해도 괜찮을까요?
27,27,C02-010,채용공고·지원전략,경영·사무·인사,인사 직무 지원할 때 어학 점수가 꼭 필요한가요?,"대기업은 어학 점수를 필수로 제출하게 하는 경우가 많지만, 직무 경험 등과 종합 평가해 절대적인 비중은 아니라는 현직자 설명이 있습니다. 글로벌 사업장이 있는 회사는 해외 법인과 소통할 일이 있어 어학 능력이 실제 업무에 도움이 됩니다. 지원 회사의 최소 요건부터 확인하세요. 요건을 충족했다면 점수를 더 올리기보다 직무 관련 경험을 보강하는 편이 효율적입니다.",자료 조사,[YouTube 영상 내 시청자 질문/주제] https://www.youtube.com/watch?v=FUV9343n7yc | 영상: LG전자 채용 - 인턴 없이 HR 직무 합격한 썰 | 요지: HR 직무 합격자에게 어학 필요 여부를 묻는 Q&A,[YouTube] LG전자 채용 - 인턴 없이 HR 직무 합격한 썰 | https://www.youtube.com/watch?v=FUV9343n7yc | 해당 부분: 어학 관련 답변 부분(필수 제출하지만 종합 평가),"어학은 필수 제출이지만 직무 경험 등과 종합 평가하며, 해외 법인과 소통할 때 어학이 도움이 됐다고 설명.",2026-10-02,확인 필요,,하,priority 하: 회사별 요건 상이. | 수정일: 2026-10-02 (최초 수집),N,"인사 직무에 지원하려면 영어 성적이 반드시 있어야 하나요?,인사 직무 지원할 때 어학 점수 꼭 있어야 돼?,인사 직무 어학 점수 없으면 서탈임?,인사 직무 어학 점수 필요 여부,저는 어학 점수가 없는데 인사 직무에 지원해도 될까요?,인사 직무 지원에 필요한 어학 점수 기준 알려주세요,인사 어학 점수,인사 직무 채용 서류에서 어학 성적은 얼마나 중요한가요?,어학 점수가 낮으면 인사 직무 지원 시 불리한가요?",인사 직무에 지원하려면 영어 성적이 반드시 있어야 하나요?,인사 직무 지원할 때 어학 점수 꼭 있어야 돼?,인사 직무 어학 점수 없으면 서탈임?,인사 직무 어학 점수 필요 여부,저는 어학 점수가 없는데 인사 직무에 지원해도 될까요?,인사 직무 지원에 필요한 어학 점수 기준 알려주세요,인사 어학 점수,인사 직무 채용 서류에서 어학 성적은 얼마나 중요한가요?,어학 점수가 낮으면 인사 직무 지원 시 불리한가요?
28,28,C02-011,채용공고·지원전략,영업·마케팅,공고에 '0명'과 '00명'이라고 적혀 있으면 실제로 몇 명을 뽑나요?,"현직자 설명에 따르면 '00명'은 대략 20명 안팎, '0명'은 두 명 이하 수준으로 해석하는 경우가 많습니다. 인기 직무는 한 자릿수 채용이 흔해 경쟁이 매우 치열합니다. 다만 정확한 인원은 회사마다 다르므로 참고용으로만 보세요. 지원 리스트에 직무별 예상 채용 규모를 함께 적어 두고, 규모가 큰 직무와 작은 직무를 섞어 지원하세요.",자료 조사,"[YouTube 영상 내 시청자 질문/주제] https://www.youtube.com/watch?v=KpwOO0Vj8M0 | 영상: 영업취업랩 - 문과 취업 현실, 영업직이 답인 이유 | 요지: 채용공고의 모집 인원 표기를 해석하는 부분","[YouTube] 영업취업랩 - 문과 취업 현실, 영업직이 답인 이유 | https://www.youtube.com/watch?v=KpwOO0Vj8M0 | 해당 부분: '땡땡명'·'땡명' 표기 해석 부분","공고의 '00명'은 20명 내외, '0명'은 두 명 정도를 뽑는다고 보면 된다고 설명.",2026-10-02,초안,,하,priority 하: 한 현직자의 경험적 해석으로 공식 근거 없음. | 수정일: 2026-10-02 (최초 수집),N,"채용공고에 0명이나 00명으로 표기된 건 실제로 몇 명을 채용한다는 뜻인가요?,공고에 0명이랑 00명이라고 쓰여 있으면 몇 명 뽑아?,공고 0명 00명이면 실제 채용 인원 머예요?,공고 0명 00명 채용 인원 의미,저는 공고를 보다가 0명과 00명 표기를 봤는데 실제로 몇 명 뽑는 건가요?,공고의 0명 00명 표기 뜻 알려주세요,0명 00명 뜻,채용공고 모집 인원 0명 00명은 어떻게 해석하나요?,공고에 0명이라고 적힌 곳에 지원하면 경쟁이 너무 치열할까요?",채용공고에 0명이나 00명으로 표기된 건 실제로 몇 명을 채용한다는 뜻인가요?,공고에 0명이랑 00명이라고 쓰여 있으면 몇 명 뽑아?,공고 0명 00명이면 실제 채용 인원 머예요?,공고 0명 00명 채용 인원 의미,저는 공고를 보다가 0명과 00명 표기를 봤는데 실제로 몇 명 뽑는 건가요?,공고의 0명 00명 표기 뜻 알려주세요,0명 00명 뜻,채용공고 모집 인원 0명 00명은 어떻게 해석하나요?,공고에 0명이라고 적힌 곳에 지원하면 경쟁이 너무 치열할까요?
29,29,C02-012,채용공고·지원전략,금융·회계,금융 공기업과 시중은행을 같이 준비해도 될까요?,"가능은 하지만 요구하는 자격증과 경력 방향이 달라 효율이 떨어질 수 있다는 의견이 있습니다. 은행은 AFPK·투자자산운용사 등 금융 자격증과 고객 응대 경험을 보고, 금융 공기업은 필기 전공 시험 비중이 커서 준비 방식이 다릅니다. 그래서 은행권은 은행권대로, 공공기관은 공공기관대로 준비하라는 조언이 많습니다. 1순위를 정한 뒤, 겹치는 요소(어학, 경제 상식)부터 공통으로 준비하세요.",자료 조사,[YouTube 영상 내 시청자 질문/주제] https://www.youtube.com/watch?v=qpS3AxXUI1M | 영상: 해커스잡·공기업 - 인턴 안하면 공기업 합격 못 하나요? 공기업 준비 Q&A | 요지: 공기업 준비 Q&A 중 '금융권과 일반 공기업 병행 준비' 질문,[YouTube] 해커스잡·공기업 - 인턴 안하면 공기업 합격 못 하나요? 공기업 준비 Q&A | https://www.youtube.com/watch?v=qpS3AxXUI1M | 해당 부분: 금융권과 일반 공기업 병행 준비 질문 답변 부분,은행권이 원하는 자격증·커리어는 일반 공공기관과 달라 병행보다 각각 준비하는 것이 좋다고 설명.,2026-10-02,확인 필요,,중,priority 중. | 수정일: 2026-10-02 (최초 수집),N,"금융 공기업과 시중은행 취업 준비를 병행해도 될까요?,금융 공기업이랑 시중은행 같이 준비해도 돼?,금융 공기업이랑 시중은행 동시에 취준해도 됨?,금융 공기업 시중은행 병행 준비,저는 금융 공기업이 1순위인데 시중은행도 같이 준비해도 될까요?,금융 공기업과 시중은행 같이 준비하는 방법 알려주세요,금융 공기업 시중은행 병행,금융 공기업과 시중은행 채용 준비를 동시에 하면 효율이 떨어지나요?,금융 공기업이랑 시중은행 둘 다 준비하면 이도 저도 안 될까요?",금융 공기업과 시중은행 취업 준비를 병행해도 될까요?,금융 공기업이랑 시중은행 같이 준비해도 돼?,금융 공기업이랑 시중은행 동시에 취준해도 됨?,금융 공기업 시중은행 병행 준비,저는 금융 공기업이 1순위인데 시중은행도 같이 준비해도 될까요?,금융 공기업과 시중은행 같이 준비하는 방법 알려주세요,금융 공기업 시중은행 병행,금융 공기업과 시중은행 채용 준비를 동시에 하면 효율이 떨어지나요?,금융 공기업이랑 시중은행 둘 다 준비하면 이도 저도 안 될까요?
30,30,C02-013,채용공고·지원전략,금융·회계,금융권은 블라인드 채용이라던데 학점이 낮아도 괜찮나요?,"어디에 지원하느냐에 따라 다릅니다. 금융 공기업은 전면 블라인드라 학점을 보지 않고, 은행은 일부만 블라인드라 학점과 함께 대외활동·자격증·어학을 종합적으로 본다는 설명이 있습니다. 2·3금융권은 블라인드가 아니어서 학점·자격증을 꼼꼼히 챙겨야 합니다. 학점이 낮다면 지금부터 올릴 수 있는 어학·자격증·인턴 경험으로 경쟁력을 보완하세요.",자료 조사,[YouTube 영상 내 시청자 질문/주제] https://www.youtube.com/watch?v=HlJjh1IQcRU | 영상: 해커스잡·공기업 - 금융공기업·은행·금융권 스펙부터 면접까지 준비방법 총정리 | 요지: '학점이 너무 낮은데 대외활동으로 커버가 가능한지' 질문,[YouTube] 해커스잡·공기업 - 금융공기업·은행·금융권 스펙부터 면접까지 준비방법 총정리 | https://www.youtube.com/watch?v=HlJjh1IQcRU | 해당 부분: 학점 관련 질문 답변 부분,"공공기관은 학점 무관, 은행권은 학점 외에 대외활동·자격증·어학을 종합 평가한다고 설명.",2026-10-02,확인 필요,,중,priority 중. | 수정일: 2026-10-02 (최초 수집),N,"금융권 채용은 블라인드라는데 학점이 좋지 않아도 문제없나요?,금융권 블라인드라던데 학점 낮아도 돼?,금융권 블라인드면 학점 낮아도 서합 가능함?,금융권 블라인드 채용 낮은 학점,저는 학점이 낮은 편인데 금융권은 블라인드 채용이라 괜찮을까요?,금융권 블라인드 채용에서 학점 반영 여부 알려주세요,금융권 학점 블라인드,금융권 블라인드 채용 전형에서도 학점을 보나요?,학점이 낮으면 블라인드인 금융권에서도 불리한가요?",금융권 채용은 블라인드라는데 학점이 좋지 않아도 문제없나요?,금융권 블라인드라던데 학점 낮아도 돼?,금융권 블라인드면 학점 낮아도 서합 가능함?,금융권 블라인드 채용 낮은 학점,저는 학점이 낮은 편인데 금융권은 블라인드 채용이라 괜찮을까요?,금융권 블라인드 채용에서 학점 반영 여부 알려주세요,금융권 학점 블라인드,금융권 블라인드 채용 전형에서도 학점을 보나요?,학점이 낮으면 블라인드인 금융권에서도 불리한가요?
31,31,C02-014,채용공고·지원전략,금융·회계,금융권 지원 전에 어떤 인턴·대외활동을 해 두면 유리한가요?,"금융 공공기관과 금융 사기업 모두 대외활동을 중시하며, 그중 인턴 경험이 가장 높게 평가된다는 설명이 있습니다. 해당 기관의 계약직이나 서포터즈처럼 현장 실무를 경험하는 활동이 점점 중요해지고 있다고 합니다. 일부 공공기관은 인턴 경력에 서류·필기 가점을 주기도 합니다. 목표 기관의 체험형·채용연계형 인턴 공고를 미리 확인해 지원 일정을 잡으세요.",자료 조사,[YouTube 영상 내 시청자 질문/주제] https://www.youtube.com/watch?v=HlJjh1IQcRU | 영상: 해커스잡·공기업 - 금융공기업·은행·금융권 스펙부터 면접까지 준비방법 총정리 | 요지: '금융권은 어떤 활동을 더 높게 쳐 주는지' 질문,[YouTube] 해커스잡·공기업 - 금융공기업·은행·금융권 스펙부터 면접까지 준비방법 총정리 | https://www.youtube.com/watch?v=HlJjh1IQcRU | 해당 부분: 금융권 필요 역량과 대외활동(인턴 최우선) 답변 부분,"금융권은 대외활동을 중시하며 가장 으뜸은 인턴이고, 계약직·서포터즈 등 실무 경험 활동이 중요해졌다고 설명.",2026-10-02,확인 필요,,중,priority 중. | 수정일: 2026-10-02 (최초 수집),N,"금융권 입사 전에 어떤 인턴이나 대외활동 경험이 유리한가요?,금융권 가려면 어떤 인턴이나 대외활동 해 두면 좋아?,금융권 취준할 때 어떤 인턴 대외활 하면 유리함?,금융권 유리한 인턴 대외활동,저는 금융권 취업을 준비 중인데 어떤 인턴이나 대외활동을 하면 좋을까요?,금융권 지원에 도움 되는 인턴 대외활동 알려주세요,금융권 인턴 대외활동,금융권 취업에 도움 되는 인턴이나 대외활동 경험은 어떤 것인가요?,인턴이나 대외활동 없이 금융권 지원하면 불리할까요?",금융권 입사 전에 어떤 인턴이나 대외활동 경험이 유리한가요?,금융권 가려면 어떤 인턴이나 대외활동 해 두면 좋아?,금융권 취준할 때 어떤 인턴 대외활 하면 유리함?,금융권 유리한 인턴 대외활동,저는 금융권 취업을 준비 중인데 어떤 인턴이나 대외활동을 하면 좋을까요?,금융권 지원에 도움 되는 인턴 대외활동 알려주세요,금융권 인턴 대외활동,금융권 취업에 도움 되는 인턴이나 대외활동 경험은 어떤 것인가요?,인턴이나 대외활동 없이 금융권 지원하면 불리할까요?
32,32,C02-015,채용공고·지원전략,생산·물류·서비스,SCM 직무에 지원할 때 어학은 어느 정도 필요한가요?,원어민 수준은 아니어도 해외 법인과 업무 내용을 주고받을 수 있는 정도의 어학 능력이 필요하다는 현직자 의견이 있습니다. 점수 자체보다 실제 업무 상황에서 의견을 명확히 전달하는 능력이 중요하다고 강조합니다. 지원 회사의 최소 어학 요건부터 확인하세요. 말하기 시험(토익스피킹·OPIc)을 함께 준비하면 면접과 실무 모두에 도움이 됩니다.,자료 조사,"[YouTube 영상 내 시청자 질문/주제] https://www.youtube.com/watch?v=chDO_d91TRo | 영상: LG전자 채용 - SCM 취준, 이것부터 준비해 | 요지: SCM 현직자에게 어학·자격증 준비를 묻는 Q&A","[YouTube] LG전자 채용 - SCM 취준, 이것부터 준비해 | https://www.youtube.com/watch?v=chDO_d91TRo | 해당 부분: 어학 관련 답변 부분",해외 법인과 소통이 많아 내용을 이해하고 의견을 전달할 정도의 어학이 필요하며 점수보다 실제 소통이 중요하다고 설명.,2026-10-02,확인 필요,,하,priority 하. | 수정일: 2026-10-02 (최초 수집),N,"SCM 직무 지원 시 외국어 실력은 어느 수준이 필요한가요?,SCM 직무 어학 어느 정도 해야 돼?,SCM 직무 현직자 기준 어학 어느 정도 필요함?,SCM 직무 어학 수준,저는 SCM 직무를 준비하는데 어학은 어느 정도 해 두면 될까요?,SCM 직무에 필요한 어학 수준 알려주세요,SCM 어학,SCM 직무 채용에서 요구하는 어학 능력은 어느 정도인가요?,어학이 약하면 SCM 직무 지원 시 불리할까요?",SCM 직무 지원 시 외국어 실력은 어느 수준이 필요한가요?,SCM 직무 어학 어느 정도 해야 돼?,SCM 직무 현직자 기준 어학 어느 정도 필요함?,SCM 직무 어학 수준,저는 SCM 직무를 준비하는데 어학은 어느 정도 해 두면 될까요?,SCM 직무에 필요한 어학 수준 알려주세요,SCM 어학,SCM 직무 채용에서 요구하는 어학 능력은 어느 정도인가요?,어학이 약하면 SCM 직무 지원 시 불리할까요?
33,33,C02-016,채용공고·지원전략,교육·공공·사회서비스,공기업 필기 시험 날짜가 겹치면 어떻게 해야 하나요?,더 가고 싶은 곳 한 곳을 선택하는 것이 좋다는 조언이 많습니다. 오전·오후로 나눠 두 곳을 보는 것은 집중력과 체력 면에서 무리라는 의견입니다. 원하지 않는 곳에 붙으면 다시 이직 준비를 해야 할 수 있으니 눈치 싸움보다 선호도를 기준으로 고르세요. 지원 전 목표 공기업 우선순위를 미리 정해 두세요.,자료 조사,[YouTube 영상 내 시청자 질문/주제] https://www.youtube.com/watch?v=qpS3AxXUI1M | 영상: 해커스잡·공기업 - 인턴 안하면 공기업 합격 못 하나요? 공기업 준비 Q&A | 요지: 공기업 준비 Q&A 중 '필기 시험이 겹치는 날 어디를 선택할지' 질문,[YouTube] 해커스잡·공기업 - 인턴 안하면 공기업 합격 못 하나요? 공기업 준비 Q&A | https://www.youtube.com/watch?v=qpS3AxXUI1M | 해당 부분: 필기 시험 일정이 겹칠 때 답변 부분,"두 곳을 이어서 보는 것은 체력적으로 어렵고, 원하는 공기업을 선택하는 것이 맞다고 설명.",2026-10-02,확인 필요,,하,priority 하. | 수정일: 2026-10-02 (최초 수집),N,"공기업 필기시험 일정이 겹치면 어떻게 선택해야 하나요?,공기업 필기 날짜 겹치면 어떡해?,공공기관 필기 날짜 겹치면 어케 해요?,공기업 필기 시험 날짜 겹침,저는 공기업 두 곳 필기를 보게 됐는데 날짜가 겹치면 어떻게 하나요?,공기업 필기 날짜 겹칠 때 선택 기준 알려주세요,공기업 필기 겹침,공기업 필기 시험 일정이 같은 날이면 어느 곳에 응시해야 하나요?,공기업 필기 두 곳을 오전 오후로 나눠 봐도 괜찮을까요?",공기업 필기시험 일정이 겹치면 어떻게 선택해야 하나요?,공기업 필기 날짜 겹치면 어떡해?,공공기관 필기 날짜 겹치면 어케 해요?,공기업 필기 시험 날짜 겹침,저는 공기업 두 곳 필기를 보게 됐는데 날짜가 겹치면 어떻게 하나요?,공기업 필기 날짜 겹칠 때 선택 기준 알려주세요,공기업 필기 겹침,공기업 필기 시험 일정이 같은 날이면 어느 곳에 응시해야 하나요?,공기업 필기 두 곳을 오전 오후로 나눠 봐도 괜찮을까요?
34,34,C02-017,채용공고·지원전략,교육·공공·사회서비스,보훈·장애인 전형은 일반 전형과 어떻게 다른가요?,"공공기관에는 가점을 받아 일반 전형에 응시하는 방식과, 해당 대상자끼리만 경쟁하는 제한 경쟁 전형이 있습니다. 제한 경쟁은 서류 어학 기준이나 커트라인이 일반 전형보다 다소 낮은 편이라 활용을 추천한다는 의견이 있습니다. 가점은 중복 적용되지 않고 가장 높은 것 하나만 반영되는 경우가 많습니다. 지원 기관의 공고에서 전형 종류, 가점 기준, 필기 유무를 반드시 확인하세요.",자료 조사,[YouTube 영상 내 시청자 질문/주제] https://www.youtube.com/watch?v=qpS3AxXUI1M | 영상: 해커스잡·공기업 - 인턴 안하면 공기업 합격 못 하나요? 공기업 준비 Q&A | 요지: 공기업 준비 Q&A 중 보훈·장애 전형 질문,"[YouTube] 해커스잡·공기업 - 인턴 안하면 공기업 합격 못 하나요? 공기업 준비 Q&A | https://www.youtube.com/watch?v=qpS3AxXUI1M | 해당 부분: 보훈 전형, 가점 중복, 장애 제한 경쟁 답변 부분","보훈·장애 전형은 가점형과 제한 경쟁형이 있고, 제한 경쟁은 서류 문턱이 낮으며 가점은 대개 중복되지 않는다고 설명.",2026-10-02,확인 필요,,중,priority 중: 해당자에게 중요. 기관별 공고 확인 필수 문구 유지. | 수정일: 2026-10-02 (최초 수집),N,"보훈 대상자나 장애인 전형은 일반 채용과 어떤 차이가 있나요?,보훈이나 장애인 전형은 일반 전형이랑 뭐가 달라?,공공기관 보훈 장애인 전형 일반 전형이랑 차이 머임?,보훈 장애인 전형 일반 전형 차이,저는 보훈 대상자인데 보훈 장애인 전형은 일반 전형과 어떻게 다른가요?,보훈 장애인 전형과 일반 전형 차이 정리해 주세요,보훈 장애인 전형,보훈 장애인 채용 전형은 일반 채용 전형과 어떻게 다른가요?,보훈 장애인 전형 대신 일반 전형으로 지원해도 괜찮을까요?",보훈 대상자나 장애인 전형은 일반 채용과 어떤 차이가 있나요?,보훈이나 장애인 전형은 일반 전형이랑 뭐가 달라?,공공기관 보훈 장애인 전형 일반 전형이랑 차이 머임?,보훈 장애인 전형 일반 전형 차이,저는 보훈 대상자인데 보훈 장애인 전형은 일반 전형과 어떻게 다른가요?,보훈 장애인 전형과 일반 전형 차이 정리해 주세요,보훈 장애인 전형,보훈 장애인 채용 전형은 일반 채용 전형과 어떻게 다른가요?,보훈 장애인 전형 대신 일반 전형으로 지원해도 괜찮을까요?
35,35,C03-001,이력서·자소서,공통,신입인데 이력서에 '성과'를 어떻게 쓰나요?,"신입에게 기대하는 성과는 매출 같은 큰 숫자가 아니라 '내가 한 행동으로 무엇이 달라졌는지'입니다. 인사담당자들은 성과 없이 역할만 나열한 이력서를 아쉬운 사례로 꼽았습니다. 인턴·팀 프로젝트·공모전·아르바이트에서 문제 → 내 행동 → 결과를 짧게 정리하면 됩니다. 결과가 숫자로 없다면 전후 변화(시간 단축, 오류 감소, 피드백)를 구체적으로 적어 보세요.",자료 조사,[YouTube 댓글] https://www.youtube.com/watch?v=7CWlAg_Xmn0&lc=UgyyydBgfE8lTsh4M7p4AaABAg | 좋아요 345 | 영상: 채널 원티드 - 인사담당자가 무조건 거르는 이력서는? | 요지: 신입은 성과를 어떻게 적느냐는 질문,[YouTube] 채널 원티드 - 인사담당자가 무조건 거르는 이력서는? | https://www.youtube.com/watch?v=7CWlAg_Xmn0 | 해당 부분: 인사담당자가 거르는 이력서 중 '성과 안 적어서 내는 경우' 부분,인사담당자들은 성과를 적지 않은 이력서를 거르는 사례로 언급.,2026-10-02,확인 필요,,상,"priority 상: 좋아요 345, 반발 댓글 다수. 신입 성과의 범위 설명 보완 검토. | 수정일: 2026-10-02 (최초 수집)",N,"신입 이력서에서 성과는 어떤 식으로 작성해야 하나요?,신입인데 이력서에 성과 어떻게 써?,신입 취준생인데 이력서 성과란 어케 써요?,신입 이력서 성과 작성법,저는 신입이라 큰 성과가 없는데 이력서에 성과를 어떻게 써야 하나요?,신입 이력서 성과 쓰는 방법 알려주세요,신입 이력서 성과,신입 이력서에서 경험의 성과를 어떻게 표현하나요?,신입 이력서에 성과 없이 역할만 써도 괜찮을까요?",신입 이력서에서 성과는 어떤 식으로 작성해야 하나요?,신입인데 이력서에 성과 어떻게 써?,신입 취준생인데 이력서 성과란 어케 써요?,신입 이력서 성과 작성법,저는 신입이라 큰 성과가 없는데 이력서에 성과를 어떻게 써야 하나요?,신입 이력서 성과 쓰는 방법 알려주세요,신입 이력서 성과,신입 이력서에서 경험의 성과를 어떻게 표현하나요?,신입 이력서에 성과 없이 역할만 써도 괜찮을까요?
36,36,C03-002,이력서·자소서,공통,"경험을 수치화하라는데, 과장처럼 보이지 않을까요?","숫자는 내 권한과 역할 범위 안에서 확인 가능한 것만 쓰는 것이 안전합니다. 아르바이트생이 매장 운영을 크게 바꿔 몇 % 개선했다는 식의 서술은 '권한상 말이 안 된다'는 반응을 얻기 쉽습니다. 수치보다 중요한 것은 어떤 과정을 거쳐 그 결과가 나왔는지입니다. 숫자를 쓸 때는 측정 방법과 기준(언제, 무엇과 비교)을 한 줄로 함께 적으세요.",자료 조사,[YouTube 댓글] https://www.youtube.com/watch?v=u2SDGZoVRP0&lc=UgwnYpFiKQ6euqyU_RJ4AaABAg | 좋아요 472 | 영상: 취업사이다 - 서류 광탈 원인이 스펙 문제...? (합격클리닉) | 요지: 알바 경험에서 병목을 개선해 몇 % 올렸다는 서술은 권한상 말이 안 된다는 지적,"[YouTube] 딩코딩코 - 5개 기업 동시 합격한 개발자 이력서, 비포/애프터 전부 공개 | https://www.youtube.com/watch?v=f_kN5j7KSwk | 해당 부분: 마무리 파트(수치는 어떤 과정으로 측정했는지까지 써야 함)",단순히 n% 개선이 아니라 어떤 과정으로 수치를 측정했는지까지 써야 한다고 조언.,2026-10-02,확인 필요,,상,priority 상: 좋아요 472. 근거 영상은 개발자 대상이지만 원칙은 공통 적용 가능. | 수정일: 2026-10-02 (최초 수집),N,"경험을 숫자로 표현하라는데 부풀린 것처럼 보이지 않을까요?,경험 수치화하면 과장 같아 보이지 않아?,자소서 경험 수치화하면 오버처럼 보임?,경험 수치화 과장 우려,저는 경험을 수치로 쓰려는데 과장처럼 보일까 봐 걱정돼요 어떻게 써야 하나요?,과장 없이 경험 수치화하는 방법 알려주세요,경험 수치화 과장,서류에 경험 성과를 수치화할 때 어디까지 써도 되나요?,경험을 수치화했다가 과장으로 보이면 불리할까요?",경험을 숫자로 표현하라는데 부풀린 것처럼 보이지 않을까요?,경험 수치화하면 과장 같아 보이지 않아?,자소서 경험 수치화하면 오버처럼 보임?,경험 수치화 과장 우려,저는 경험을 수치로 쓰려는데 과장처럼 보일까 봐 걱정돼요 어떻게 써야 하나요?,과장 없이 경험 수치화하는 방법 알려주세요,경험 수치화 과장,서류에 경험 성과를 수치화할 때 어디까지 써도 되나요?,경험을 수치화했다가 과장으로 보이면 불리할까요?
37,37,C03-003,이력서·자소서,공통,아르바이트·학부연구생 경험을 이력서 경력란에 써도 되나요?,"기업마다 기준이 달라 공고와 지원서 안내를 먼저 확인해야 합니다. 일부 기업은 지원서에 아르바이트를 경력에 쓰지 말라고 명시하기도 하고, 보수를 받지 않은 활동은 경력으로 인정하지 않는 경우도 있습니다. 경력란에 쓸 수 없다면 경험·활동란이나 자소서에서 직무와 연결해 활용하면 됩니다. 지원서 작성 전에 경력 인정 기준(유급 여부, 기간)을 확인하세요.",자료 조사,"[YouTube 댓글] https://www.youtube.com/watch?v=u2SDGZoVRP0&lc=UgytDpOHnEHXHP7NmLV4AaABAg | 좋아요 22 | 영상: 취업사이다 - 서류 광탈 원인이 스펙 문제...? (합격클리닉) | 요지: 학부연구·아르바이트를 경력에 쓰라는 조언이 이해 안 된다, 많은 기업이 알바는 경력에 쓰지 말라고 명시한다는 반응",[YouTube] 취업사이다 - 서류 광탈 원인이 스펙 문제...? (합격클리닉) | https://www.youtube.com/watch?v=u2SDGZoVRP0 | 해당 부분: 댓글 반응 기반(영상 내 경력 기재 조언에 대한 시청자 반응),"시청자들은 많은 기업이 아르바이트를 경력에 쓰지 말라고 명시한다고 지적했고, 무급 인턴은 경력 인정이 어렵다는 반응도 있었음.",2026-10-02,초안,,중,priority 중: 반복 질문. 근거가 댓글 반응뿐이므로 기업 지원서 안내 등 공식 근거 확보 필요. | 수정일: 2026-10-02 (최초 수집),N,"알바나 학부연구생 경험을 이력서 경력 항목에 적어도 되나요?,알바랑 학부연구생 경험 경력란에 써도 돼?,학연생이랑 알바 경험 이력서 경력란에 넣어도 됨?,아르바이트 학부연구생 경력란 기재,저는 아르바이트와 학부연구생 경험이 있는데 이력서 경력란에 써도 될까요?,아르바이트 학부연구생 경험 이력서 기재 방법 알려주세요,알바 학부연구생 경력란,아르바이트와 학부연구생 경험도 이력서상 경력으로 인정되나요?,아르바이트나 학부연구생 경험을 경력란에 쓰면 문제가 될까요?",알바나 학부연구생 경험을 이력서 경력 항목에 적어도 되나요?,알바랑 학부연구생 경험 경력란에 써도 돼?,학연생이랑 알바 경험 이력서 경력란에 넣어도 됨?,아르바이트 학부연구생 경력란 기재,저는 아르바이트와 학부연구생 경험이 있는데 이력서 경력란에 써도 될까요?,아르바이트 학부연구생 경험 이력서 기재 방법 알려주세요,알바 학부연구생 경력란,아르바이트와 학부연구생 경험도 이력서상 경력으로 인정되나요?,아르바이트나 학부연구생 경험을 경력란에 쓰면 문제가 될까요?
38,38,C03-004,이력서·자소서,공통,AI(ChatGPT 등)로 자소서를 써도 되나요?,"AI를 쓰는 것 자체보다, 경험과 관점까지 AI에게 맡겨 비슷한 자소서가 나오는 것이 문제로 지적됩니다. 같은 키워드와 구조가 반복되는 자소서는 회사도 AI로 빠르게 걸러낸다는 분석이 있습니다. AI는 문항 분석, 구조 점검, 표현 다듬기 같은 보조 역할로 쓰는 것이 좋습니다. 먼저 내 경험과 지원 이유를 직접 정리한 뒤, 그 초안을 AI로 점검하는 순서로 작업하세요.",자료 조사,[YouTube 댓글] https://www.youtube.com/watch?v=7CWlAg_Xmn0&lc=Ugw7jIxUPWjjh2bwrp54AaABAg | 좋아요 7 | 영상: 채널 원티드 - 인사담당자가 무조건 거르는 이력서는? | 요지: 기업은 AI로 필터링하면서 지원자는 AI 이력서를 쓰면 안 되느냐는 반문,"[YouTube] 옴스잡스 - 2026하반기 채용트렌드 ""AI 그만 쓰고, 자기색깔/직무전문성 더 쌓아라"" | https://www.youtube.com/watch?v=ECbFAdC_n-w | 해당 부분: 트렌드① 심화되는 AI 의존·하향평준화 및 '지원자가 AI로 쓰면 회사는 AI로 거른다' 부분","AI에 산업·직무·경험 분석을 위탁해 키워드만 반복되는 자소서가 양산되고, 정제된 키워드 자소서는 AI로 가장 쉽게 걸러진다고 설명.",2026-10-02,확인 필요,,상,priority 상: AI 활용은 최근 가장 많이 언급되는 주제. | 수정일: 2026-10-02 (최초 수집),N,"ChatGPT 같은 AI로 자기소개서를 작성해도 괜찮나요?,AI로 자소서 써도 돼?,챗GPT로 자소서 쓰면 걸림?,AI ChatGPT 자소서 작성,저는 자소서 쓰는 게 막막한데 ChatGPT 같은 AI를 써도 될까요?,AI로 자소서 쓸 때 주의할 점 알려주세요,AI 자소서,자소서 작성에 ChatGPT 같은 생성형 AI 도구를 써도 되나요?,AI로 쓴 자소서는 서류에서 불리할까요?",ChatGPT 같은 AI로 자기소개서를 작성해도 괜찮나요?,AI로 자소서 써도 돼?,챗GPT로 자소서 쓰면 걸림?,AI ChatGPT 자소서 작성,저는 자소서 쓰는 게 막막한데 ChatGPT 같은 AI를 써도 될까요?,AI로 자소서 쓸 때 주의할 점 알려주세요,AI 자소서,자소서 작성에 ChatGPT 같은 생성형 AI 도구를 써도 되나요?,AI로 쓴 자소서는 서류에서 불리할까요?
39,39,C03-005,이력서·자소서,공통,서류에서 오타나 형식 실수 하나로도 떨어지나요?,"회사명 오기 같은 오타, 요구한 형식과 다른 제출(국문 요청에 영문 이력서 등), 부적절한 사진은 인사담당자들이 바로 거르는 사례로 꼽혔습니다. 지원자가 많을수록 사소한 실수가 탈락 사유가 되기 쉽습니다. 기업마다 기준은 다르지만 피할 수 있는 실수이므로 반드시 점검해야 합니다. 제출 전 회사명·직무명·제출 형식·사진을 체크리스트로 확인하세요.",자료 조사,[YouTube 댓글] https://www.youtube.com/watch?v=7CWlAg_Xmn0&lc=UgxPu9OAW6G5Xefy2Et4AaABAg | 좋아요 7 | 영상: 채널 원티드 - 인사담당자가 무조건 거르는 이력서는? | 요지: 오타 하나로 무조건 탈락시키는 것은 과하다는 반발,"[YouTube] 채널 원티드 - 인사담당자가 무조건 거르는 이력서는? | https://www.youtube.com/watch?v=7CWlAg_Xmn0 | 해당 부분: 영문 이력서 제출, 이상한 사진, 오타 관련 답변 부분","인사담당자 6명이 요구 형식과 다른 제출, 부적절한 사진, 오타를 거르는 사례로 언급.",2026-10-02,확인 필요,,중,priority 중. | 수정일: 2026-10-02 (최초 수집),N,"지원서에 오탈자나 양식 실수가 하나만 있어도 탈락하나요?,서류에 오타 하나 있어도 떨어져?,자소서 오타 하나로 서탈할 수도 있음?,서류 오타 형식 실수 탈락,저는 제출한 서류에서 오타를 발견했는데 그것 때문에 떨어질 수도 있나요?,서류 오타 형식 실수 피하는 방법 알려주세요,서류 오타 탈락,입사 지원 서류의 오타나 형식 실수도 평가에 영향을 주나요?,서류에 오타 하나 있으면 불리할까요?",지원서에 오탈자나 양식 실수가 하나만 있어도 탈락하나요?,서류에 오타 하나 있어도 떨어져?,자소서 오타 하나로 서탈할 수도 있음?,서류 오타 형식 실수 탈락,저는 제출한 서류에서 오타를 발견했는데 그것 때문에 떨어질 수도 있나요?,서류 오타 형식 실수 피하는 방법 알려주세요,서류 오타 탈락,입사 지원 서류의 오타나 형식 실수도 평가에 영향을 주나요?,서류에 오타 하나 있으면 불리할까요?
40,40,C03-006,이력서·자소서,공통,지원동기는 어떻게 써야 하나요?,"회사 뉴스를 요약하는 수준이 아니라, 이 산업과 회사를 내가 어떻게 보는지와 구체적으로 어디에 기여하고 싶은지가 드러나야 합니다. 누구나 아는 대표 사업만 언급하고 '왜 이 회사인지'에 답하지 않는 지원동기는 흔한 실패 사례로 꼽힙니다. 면접에서도 지원동기에 대한 꼬리질문이 집요해지고 있어 진정성이 중요합니다. 회사 사업 중 하나를 골라 내 관점과 기여 포인트를 세 문장으로 정리해 보세요.",자료 조사,"[YouTube 영상 내 시청자 질문/주제] https://www.youtube.com/watch?v=ECbFAdC_n-w | 영상: 옴스잡스 - 2026하반기 채용트렌드 ""AI 그만 쓰고, 자기색깔/직무전문성 더 쌓아라"" | 요지: 실제 지원자 자소서 사례를 분석하며 지원동기의 문제점을 다룸","[YouTube] 옴스잡스 - 2026하반기 채용트렌드 ""AI 그만 쓰고, 자기색깔/직무전문성 더 쌓아라"" | https://www.youtube.com/watch?v=ECbFAdC_n-w | 해당 부분: 트렌드① 지원자 자소서 사례 분석(지원동기·포부 부재) 부분",대표 사업 키워드만 언급하고 지원자만의 관점과 구체적 기여 포부가 없는 지원동기를 문제로 지적.,2026-10-02,확인 필요,,상,priority 상: 모든 자소서 공통 문항. | 수정일: 2026-10-02 (최초 수집),N,"지원 동기 항목은 어떤 방식으로 작성해야 하나요?,지원동기 어떻게 써?,자소서 지원동기 어케 써요?,지원동기 작성법,저는 지원동기를 쓸 때마다 막막한데 어떻게 써야 하나요?,지원동기 잘 쓰는 방법 알려주세요,지원동기 쓰기,자기소개서 입사 지원동기는 어떻게 쓰나요?,지원동기에 회사 뉴스만 정리해도 괜찮을까요?",지원 동기 항목은 어떤 방식으로 작성해야 하나요?,지원동기 어떻게 써?,자소서 지원동기 어케 써요?,지원동기 작성법,저는 지원동기를 쓸 때마다 막막한데 어떻게 써야 하나요?,지원동기 잘 쓰는 방법 알려주세요,지원동기 쓰기,자기소개서 입사 지원동기는 어떻게 쓰나요?,지원동기에 회사 뉴스만 정리해도 괜찮을까요?
41,41,C03-007,이력서·자소서,공통,자소서가 'AI 냄새' 나거나 뻔하다는 피드백을 받았어요. 어떻게 고치나요?,"역량 키워드('분석력', '도전 정신')를 반복하기보다 실제로 무엇을 어떻게 했는지 과정을 보여 줘야 합니다. 정제된 표현과 키워드로만 채운 자소서는 비슷하게 보여 차별성이 사라진다는 분석이 있습니다. 경험을 깊게 돌아보고 내가 왜 그렇게 판단했는지를 적으면 개성이 드러납니다. 자소서의 형용사·역량 키워드에 표시하고, 각각을 구체적인 행동 문장으로 바꿔 보세요.",자료 조사,[YouTube 댓글] https://www.youtube.com/watch?v=u2SDGZoVRP0&lc=UgwAku6crdRZMjiYdzt4AaABAg | 좋아요 4 | 영상: 취업사이다 - 서류 광탈 원인이 스펙 문제...? (합격클리닉) | 요지: 출연자의 서류에서 AI 냄새가 난다는 피드백,"[YouTube] 옴스잡스 - 2026하반기 채용트렌드 ""AI 그만 쓰고, 자기색깔/직무전문성 더 쌓아라"" | https://www.youtube.com/watch?v=ECbFAdC_n-w | 해당 부분: 정리 파트(역량 키워드 어필 방식은 더 이상 통하지 않음)","역량 키워드를 뽑아 직무 연관성을 어필하는 방식은 통하지 않고, 자기 이해를 바탕으로 어떤 사람인지 보여 줘야 한다고 설명.",2026-10-02,확인 필요,,중,priority 중. | 수정일: 2026-10-02 (최초 수집),N,"자기소개서가 AI가 쓴 것 같고 진부하다는 평을 들었어요 어떻게 수정하나요?,자소서가 AI 냄새 난다는데 어떻게 고쳐?,자소서 AI 냄새 난다고 피드백 받음 어케 고쳐요?,자소서 AI 냄새 뻔함 수정 방법,저는 자소서 첨삭에서 AI 냄새가 난다는 말을 들었는데 어떻게 고쳐야 하나요?,AI 냄새 나는 뻔한 자소서 고치는 방법 알려주세요,자소서 AI 냄새,자소서 첨삭 피드백에서 AI 같고 뻔하다는 지적을 받으면 어떻게 하나요?,AI 냄새 나는 자소서로 지원하면 불리할까요?",자기소개서가 AI가 쓴 것 같고 진부하다는 평을 들었어요 어떻게 수정하나요?,자소서가 AI 냄새 난다는데 어떻게 고쳐?,자소서 AI 냄새 난다고 피드백 받음 어케 고쳐요?,자소서 AI 냄새 뻔함 수정 방법,저는 자소서 첨삭에서 AI 냄새가 난다는 말을 들었는데 어떻게 고쳐야 하나요?,AI 냄새 나는 뻔한 자소서 고치는 방법 알려주세요,자소서 AI 냄새,자소서 첨삭 피드백에서 AI 같고 뻔하다는 지적을 받으면 어떻게 하나요?,AI 냄새 나는 자소서로 지원하면 불리할까요?
42,42,C03-008,이력서·자소서,공통,여러 회사에 지원할 때 자소서를 복사해서 써도 되나요?,"회사·직무별로 강조점을 바꾸는 것이 원칙이지만, 겹치는 역량 설명은 재사용하는 것이 현실적이라는 합격자 경험이 있습니다. 핵심은 지원동기와 회사·직무 관련 부분은 반드시 새로 쓰는 것입니다. 이전 회사명이 남아 있는 실수는 치명적이니 주의해야 합니다. 경험별 '마스터 문단'을 만들어 두고, 지원 회사에 맞춰 첫 문장과 연결 문장을 고쳐 쓰세요.",자료 조사,[YouTube 영상 내 시청자 질문/주제] https://www.youtube.com/watch?v=C6xsb3kETb8 | 영상: 반도체 양산기술 취업 전략 - 공백기 뿌시고 ASML·SK하이닉스 동시 합격자 인터뷰 | 요지: 20~30곳 지원 시 자소서를 복사·붙여넣기 했는지 묻는 인터뷰 질문,[YouTube] 반도체 양산기술 취업 전략 - 공백기 뿌시고 ASML·SK하이닉스 동시 합격자 인터뷰 | https://www.youtube.com/watch?v=C6xsb3kETb8 | 해당 부분: '컨트롤C 컨트롤V가 아니라 기업마다 특징을 살렸는지' 질문 답변 부분,기업 특징을 살려 쓰려고 했지만 20~30곳을 쓰다 보니 겹치는 역량 부분은 복사·붙여넣기도 했다고 답함.,2026-10-02,확인 필요,,중,priority 중. | 수정일: 2026-10-02 (최초 수집),N,"여러 기업에 지원할 때 자기소개서를 그대로 재사용해도 되나요?,여러 회사 지원할 때 자소서 그대로 베껴 써도 돼?,자소서 복붙해서 여러 회사 써도 됨?,여러 회사 자소서 복사 재사용,저는 한 번에 여러 회사에 지원하는데 자소서를 복사해서 써도 될까요?,여러 회사 자소서 재사용할 때 주의할 점 알려주세요,자소서 복붙,여러 회사 입사 지원 시 자소서 내용을 재활용해도 되나요?,자소서를 복사해서 여러 회사에 내도 괜찮을까요?",여러 기업에 지원할 때 자기소개서를 그대로 재사용해도 되나요?,여러 회사 지원할 때 자소서 그대로 베껴 써도 돼?,자소서 복붙해서 여러 회사 써도 됨?,여러 회사 자소서 복사 재사용,저는 한 번에 여러 회사에 지원하는데 자소서를 복사해서 써도 될까요?,여러 회사 자소서 재사용할 때 주의할 점 알려주세요,자소서 복붙,여러 회사 입사 지원 시 자소서 내용을 재활용해도 되나요?,자소서를 복사해서 여러 회사에 내도 괜찮을까요?
43,43,C03-009,이력서·자소서,연구·엔지니어링·제조기술,연구개발·공정 직무 자소서에서 어떤 점을 보여줘야 하나요?,"R&D 공정 엔지니어는 새로운 문제를 계속 마주하는 직무라, 여러 방법을 시도하고 합리적인 선택을 설명하는 태도가 중요하다고 현직자들은 말합니다. 공부만큼 다른 사람과 함께 더 나은 해결책을 찾아본 경험이 중요하다는 조언도 있습니다. 내 장점이 직무와 어떻게 맞고, 단점을 어떻게 보완할지 스스로 정리해 두면 좋습니다. 실험·프로젝트 경험에서 '왜 그 방법을 선택했는지'를 한 문단으로 써 보세요.",자료 조사,[YouTube 영상 내 시청자 질문/주제] https://www.youtube.com/watch?v=IzImoS0dpY4 | 영상: SK하이닉스 - ASK-하이닉스 직무 리얼 토크 Ep.1 R&D 공정 편 | 요지: SK하이닉스 현직자에게 R&D 공정 직무 준비를 묻는 직무 토크,[YouTube] SK하이닉스 - ASK-하이닉스 직무 리얼 토크 Ep.1 R&D 공정 편 | https://www.youtube.com/watch?v=IzImoS0dpY4 | 해당 부분: R&D 공정 직무 매력·필요 역량·준비 조언 부분,"엔지니어는 주어진 환경에서 합리적 선택을 하고 설명하는 직업이며, 계속 질문하는 자세와 협업으로 해결책을 찾은 경험이 중요하다고 설명.",2026-10-02,확인 필요,,중,priority 중: 기업 공식 채널 근거. | 수정일: 2026-10-02 (최초 수집),N,"R&D나 공정 직무 자기소개서에서는 무엇을 드러내야 하나요?,연구개발이나 공정 직무 자소서엔 뭘 보여줘야 해?,R&D 공정 직무 자소서 머 강조해요?,연구개발 공정 직무 자소서 강조점,저는 공정 엔지니어로 지원하려는데 연구개발 공정 직무 자소서에 무엇을 써야 할까요?,연구개발 공정 직무 자소서에서 보여줄 점 알려주세요,R&D 공정 자소서,연구개발 공정 엔지니어 직무 자소서에서 드러내야 할 역량은 무엇인가요?,연구개발 공정 직무 자소서에 공부한 내용만 써도 괜찮을까요?",R&D나 공정 직무 자기소개서에서는 무엇을 드러내야 하나요?,연구개발이나 공정 직무 자소서엔 뭘 보여줘야 해?,R&D 공정 직무 자소서 머 강조해요?,연구개발 공정 직무 자소서 강조점,저는 공정 엔지니어로 지원하려는데 연구개발 공정 직무 자소서에 무엇을 써야 할까요?,연구개발 공정 직무 자소서에서 보여줄 점 알려주세요,R&D 공정 자소서,연구개발 공정 엔지니어 직무 자소서에서 드러내야 할 역량은 무엇인가요?,연구개발 공정 직무 자소서에 공부한 내용만 써도 괜찮을까요?
44,44,C03-010,이력서·자소서,경영·사무·인사,HR 관련 경험이 전혀 없는데 인사 직무 자소서는 어떻게 쓰나요?,"대부분의 지원자가 HR 경험 없이 지원하므로, 인사 업무를 가정해 보고 내 경험 중 연결되는 활동을 찾는 것이 핵심입니다. 실제 합격자는 동아리 운영에서 자원을 배분하고 사람들과 소통한 경험을 HR과 연결했다고 말했습니다. 사람을 만나고 조율한 경험은 HR에서 설득력 있는 소재가 됩니다. 인사 업무 하나(채용, 교육 등)를 정해 내 경험과 연결되는 지점을 세 가지 적어 보세요.",자료 조사,[YouTube 영상 내 시청자 질문/주제] https://www.youtube.com/watch?v=FUV9343n7yc | 영상: LG전자 채용 - 인턴 없이 HR 직무 합격한 썰 | 요지: HR 경험 없이 자소서를 쓰는 방법을 묻는 Q&A,[YouTube] LG전자 채용 - 인턴 없이 HR 직무 합격한 썰 | https://www.youtube.com/watch?v=FUV9343n7yc | 해당 부분: 직무 경험이 없을 때 자소서 준비 방법 답변 부분,HR 경험이 없다면 HR 업무를 가정하고 본인 활동 중 맞는 경험을 연결해 자소서를 쓰라고 조언.,2026-10-02,확인 필요,,중,priority 중. | 수정일: 2026-10-02 (최초 수집),N,"인사 관련 경험이 하나도 없으면 HR 직무 자기소개서를 어떻게 작성하나요?,HR 경험 없는데 인사 자소서 어떻게 써?,HR 경험 0인데 인사 직무 자소서 어케 써요?,HR 경험 없는 인사 직무 자소서,저는 HR 경험이 전혀 없는데 인사 직무 자소서를 어떻게 써야 할까요?,HR 경험 없이 인사 직무 자소서 쓰는 방법 알려주세요,HR 무경험 인사 자소서,HR 실무 경험 없이 인사 직무 자기소개서에 어떤 경험을 써야 하나요?,HR 경험 없이 인사 직무 자소서를 쓰면 불리할까요?",인사 관련 경험이 하나도 없으면 HR 직무 자기소개서를 어떻게 작성하나요?,HR 경험 없는데 인사 자소서 어떻게 써?,HR 경험 0인데 인사 직무 자소서 어케 써요?,HR 경험 없는 인사 직무 자소서,저는 HR 경험이 전혀 없는데 인사 직무 자소서를 어떻게 써야 할까요?,HR 경험 없이 인사 직무 자소서 쓰는 방법 알려주세요,HR 무경험 인사 자소서,HR 실무 경험 없이 인사 직무 자기소개서에 어떤 경험을 써야 하나요?,HR 경험 없이 인사 직무 자소서를 쓰면 불리할까요?
45,45,C03-011,이력서·자소서,IT·개발·데이터,개발자 이력서에 기술 스택과 구현한 기능을 나열했는데 서류에서 떨어져요.,AI로 구현이 쉬워지면서 'Redis 캐싱 구현' 같은 기능 나열은 많은 이력서에 비슷하게 들어가 차별성이 약해졌다는 지적이 있습니다. 문제(왜 중요했나) → 분석(어떤 선택지를 비교했나) → 행동 → 결과(수치) 구조로 쓰면 사고 과정이 드러납니다. 특히 대안 중 왜 그 방법을 골랐는지가 면접 질문으로 이어집니다. 가장 자신 있는 프로젝트 하나를 골라 이 구조로 다시 써 보세요.,자료 조사,"[YouTube 영상 내 시청자 질문/주제] https://www.youtube.com/watch?v=f_kN5j7KSwk | 영상: 딩코딩코 - 5개 기업 동시 합격한 개발자 이력서, 비포/애프터 전부 공개 | 요지: 서류 탈락하던 개발자 이력서의 비포/애프터를 비교하는 영상","[YouTube] 딩코딩코 - 5개 기업 동시 합격한 개발자 이력서, 비포/애프터 전부 공개 | https://www.youtube.com/watch?v=f_kN5j7KSwk | 해당 부분: PAR(문제·분석·행동) 구조 설명 및 '왜 했는지가 없어서 떨어졌다' 부분","구현 수준 텍스트는 가치가 떨어졌고, 문제·분석·행동·수치 구조로 의사결정 과정을 드러내야 서류 합격률이 높아졌다고 설명.",2026-10-02,확인 필요,,상,priority 상: 개발 직군 서류 핵심. | 수정일: 2026-10-02 (최초 수집),N,"개발자 이력서에 기술 스택과 구현 기능을 적었는데 왜 서류에서 탈락할까요?,개발자 이력서에 기술 스택이랑 기능 다 적었는데 왜 떨어져?,개발자 이력서 기술 스택 나열했는데 서탈함 이유가 머예요?,개발자 이력서 기술 스택 나열 서류 탈락,저는 개발자 이력서에 기술 스택과 구현한 기능을 정리했는데 서류에서 자꾸 떨어져요 어떻게 고치나요?,기술 스택 나열식 개발자 이력서 개선 방법 알려주세요,개발자 이력서 기능 나열,개발자 이력서에서 기술 스택과 구현 기능 나열만으로는 서류 통과가 어려운가요?,개발자 이력서를 기능 나열 위주로 써도 괜찮을까요?",개발자 이력서에 기술 스택과 구현 기능을 적었는데 왜 서류에서 탈락할까요?,개발자 이력서에 기술 스택이랑 기능 다 적었는데 왜 떨어져?,개발자 이력서 기술 스택 나열했는데 서탈함 이유가 머예요?,개발자 이력서 기술 스택 나열 서류 탈락,저는 개발자 이력서에 기술 스택과 구현한 기능을 정리했는데 서류에서 자꾸 떨어져요 어떻게 고치나요?,기술 스택 나열식 개발자 이력서 개선 방법 알려주세요,개발자 이력서 기능 나열,개발자 이력서에서 기술 스택과 구현 기능 나열만으로는 서류 통과가 어려운가요?,개발자 이력서를 기능 나열 위주로 써도 괜찮을까요?
46,46,C03-012,이력서·자소서,IT·개발·데이터,실무 트래픽 경험이 없는 신입 개발자는 이력서에 무엇을 써야 하나요?,"신입은 실서비스 환경을 접하기 어렵기 때문에 부하 테스트처럼 상황을 직접 만들어 경험해 보는 방법이 제안됩니다. 경험이 없으면 가정으로 확장해 그 과정 자체를 경험으로 만드는 것이 중요하다는 설명입니다. 의도 없이 프로젝트 수만 늘리면 면접에서 설명하기 어렵습니다. 기존 프로젝트에 가상의 사용자 규모를 설정하고, 그때 생기는 문제와 해결 과정을 기록해 보세요.",자료 조사,"[YouTube 영상 내 시청자 질문/주제] https://www.youtube.com/watch?v=f_kN5j7KSwk | 영상: 딩코딩코 - 5개 기업 동시 합격한 개발자 이력서, 비포/애프터 전부 공개 | 요지: '신입은 그럼 어떻게 하면 좋냐'는 질문을 다루는 부분","[YouTube] 딩코딩코 - 5개 기업 동시 합격한 개발자 이력서, 비포/애프터 전부 공개 | https://www.youtube.com/watch?v=f_kN5j7KSwk | 해당 부분: 신입 대상 조언(부하 테스트, 가정으로 확장) 부분","신입은 부하 테스트 등으로 환경을 직접 만들어 보고, 경험이 없으면 가정으로 확장해 경험으로 승화하라고 조언.",2026-10-02,확인 필요,,중,priority 중. | 수정일: 2026-10-02 (최초 수집),N,"실서비스 트래픽을 다뤄 본 적 없는 신입 개발자는 이력서에 어떤 내용을 써야 하나요?,트래픽 경험 없는 신입 개발자는 이력서에 뭐 써?,트래픽 경험 없는 신입 개발자 이력서 머 써야 함?,트래픽 경험 없는 신입 개발자 이력서,저는 신입 개발자라 실무 트래픽 경험이 없는데 이력서에 무엇을 써야 할까요?,트래픽 경험 없는 신입 개발자 이력서 작성법 알려주세요,신입 개발자 트래픽 경험,실무 트래픽 경험이 없는 신입 개발자는 이력서 경험란을 어떻게 채우나요?,실무 트래픽 경험이 없으면 신입 개발자 서류에서 불리할까요?",실서비스 트래픽을 다뤄 본 적 없는 신입 개발자는 이력서에 어떤 내용을 써야 하나요?,트래픽 경험 없는 신입 개발자는 이력서에 뭐 써?,트래픽 경험 없는 신입 개발자 이력서 머 써야 함?,트래픽 경험 없는 신입 개발자 이력서,저는 신입 개발자라 실무 트래픽 경험이 없는데 이력서에 무엇을 써야 할까요?,트래픽 경험 없는 신입 개발자 이력서 작성법 알려주세요,신입 개발자 트래픽 경험,실무 트래픽 경험이 없는 신입 개발자는 이력서 경험란을 어떻게 채우나요?,실무 트래픽 경험이 없으면 신입 개발자 서류에서 불리할까요?
47,47,C03-013,이력서·자소서,영업·마케팅,영업 직무 자소서에서 무엇을 강조해야 하나요?,영업은 결국 고객과의 관계를 다루는 일이라 사람을 만나고 설득한 경험이 핵심 소재가 됩니다. 원래 다른 직무를 준비했다면 영업에 지원하는 이유를 따로 정리해야 면접관의 의심을 줄일 수 있습니다. 거절이나 성과 압박을 견디고 결과를 낸 경험도 좋은 소재입니다. 고객·상대방을 설득해 결과를 바꾼 경험 하나를 골라 상황-행동-결과로 정리하세요.,AI 제안,[AI 제안] 직접 수집된 질문 아님. 선정 이유: 영업 직무 영상에서 직무 특성(관계·설득·거절)을 설명하여 자소서 질문으로 재구성,"[YouTube] 영업취업랩 - 문과 취업 현실, 영업직이 답인 이유 | https://www.youtube.com/watch?v=KpwOO0Vj8M0 | 해당 부분: 영업 직무 특성(관계·외교, 거절과 성과 압박) 설명 부분","영업의 핵심은 기업·사람 간 관계를 다루는 것이며, 스트레스는 거절과 성과 압박에서 온다고 설명.",2026-10-02,초안,,중,"priority 중. AI 제안 질문, 자소서 작성법에 대한 직접 근거 약함 → 보완 필요. | 수정일: 2026-10-02 (최초 수집)",N,"영업 직무 자기소개서에는 어떤 부분을 부각해야 하나요?,영업 직무 자소서엔 뭘 강조해야 돼?,영업 직무 자소서 머 강조해요?,영업 직무 자소서 강조점,저는 영업 직무에 지원하려는데 자소서에 어떤 경험을 강조해야 할까요?,영업 직무 자소서 강조할 점 알려주세요,영업 자소서 강조,영업 직무 입사 지원서에서는 어떤 경험이 핵심 소재가 되나요?,영업 직무 자소서에 고객을 만난 경험이 없어도 괜찮을까요?",영업 직무 자기소개서에는 어떤 부분을 부각해야 하나요?,영업 직무 자소서엔 뭘 강조해야 돼?,영업 직무 자소서 머 강조해요?,영업 직무 자소서 강조점,저는 영업 직무에 지원하려는데 자소서에 어떤 경험을 강조해야 할까요?,영업 직무 자소서 강조할 점 알려주세요,영업 자소서 강조,영업 직무 입사 지원서에서는 어떤 경험이 핵심 소재가 되나요?,영업 직무 자소서에 고객을 만난 경험이 없어도 괜찮을까요?
48,48,C03-014,이력서·자소서,금융·회계,은행 자소서는 어떤 방향으로 써야 하나요?,"은행 같은 금융 사기업은 고객 접점에서 상품과 서비스를 판매하는 곳이라는 관점으로 쓰는 것이 좋다는 조언이 있습니다. 은행마다 특화 분야(기업금융, 글로벌 등)가 다르니 지원 은행의 방향을 녹여야 합니다. 금융 지식뿐 아니라 디지털 역량을 함께 보여 주면 미래 금융에 맞는 인재로 어필할 수 있다는 설명입니다. 지원 은행의 특화 사업 하나를 골라 내 경험과 연결해 보세요.",자료 조사,[YouTube 영상 내 시청자 질문/주제] https://www.youtube.com/watch?v=HlJjh1IQcRU | 영상: 해커스잡·공기업 - 금융공기업·은행·금융권 스펙부터 면접까지 준비방법 총정리 | 요지: '금융권 자소서는 어떤 방식으로 쓰면 도움이 되는지' 질문,[YouTube] 해커스잡·공기업 - 금융공기업·은행·금융권 스펙부터 면접까지 준비방법 총정리 | https://www.youtube.com/watch?v=HlJjh1IQcRU | 해당 부분: 금융 공기업과 금융 사기업 자소서 작성 차이 답변 부분,"금융 공기업은 설립 목적·직무기술서 중심, 은행은 고객 접점·은행별 특화 금융과 디지털 역량을 녹여 쓰라고 조언.",2026-10-02,확인 필요,,중,priority 중. | 수정일: 2026-10-02 (최초 수집),N,"은행 자기소개서는 어떤 관점으로 작성하는 게 좋나요?,은행 자소서 어떤 방향으로 써?,은행권 자소서 방향 어케 잡아요?,은행 자소서 작성 방향,저는 은행에 지원하려는데 자소서를 어떤 방향으로 써야 할까요?,은행 자소서 방향 잡는 법 알려주세요,은행 자소서,은행 입사 지원 자기소개서에는 무엇을 녹여야 하나요?,은행 자소서를 다른 금융권과 똑같이 써도 괜찮을까요?",은행 자기소개서는 어떤 관점으로 작성하는 게 좋나요?,은행 자소서 어떤 방향으로 써?,은행권 자소서 방향 어케 잡아요?,은행 자소서 작성 방향,저는 은행에 지원하려는데 자소서를 어떤 방향으로 써야 할까요?,은행 자소서 방향 잡는 법 알려주세요,은행 자소서,은행 입사 지원 자기소개서에는 무엇을 녹여야 하나요?,은행 자소서를 다른 금융권과 똑같이 써도 괜찮을까요?
49,49,C03-015,이력서·자소서,생산·물류·서비스,물류·SCM 자소서에서 경험을 어떻게 써야 하나요?,"경험을 나열하기보다 그 상황에서 맡은 역할, 행동, 결과가 보이도록 쓰는 것이 좋다는 현직자 조언이 있습니다. 특히 그 경험이 SCM에 필요한 데이터 분석, 일정 관리, 협업 역량과 어떻게 이어지는지 명확히 보여 주라고 합니다. 물류 트렌드(지정학 리스크, 운임 변동, 환경 규제)가 공급망에 미치는 영향까지 연결하면 관심도가 드러납니다. 경험 하나를 골라 SCM 역량 세 가지 중 어디에 해당하는지 표시해 보세요.",자료 조사,"[YouTube 영상 내 시청자 질문/주제] https://www.youtube.com/watch?v=chDO_d91TRo | 영상: LG전자 채용 - SCM 취준, 이것부터 준비해 | 요지: SCM 현직자에게 자소서·면접 준비를 묻는 Q&A","[YouTube] LG전자 채용 - SCM 취준, 이것부터 준비해 | https://www.youtube.com/watch?v=chDO_d91TRo | 해당 부분: 자소서 작성 방식과 트렌드 공부 답변 부분","경험 나열보다 역할·행동·결과를 보여 주고, SCM의 데이터 분석·일정 관리·협업 역량과 연결하라고 조언.",2026-10-02,확인 필요,,중,priority 중: 기업 공식 채널 근거. | 수정일: 2026-10-02 (최초 수집),N,"물류나 SCM 직무 자기소개서에는 경험을 어떤 식으로 풀어야 하나요?,물류 SCM 자소서에 경험 어떻게 써?,물류 SCM 자소서 경험 어케 써요?,물류 SCM 자소서 경험 작성법,저는 물류 SCM 직무에 지원하는데 자소서에 경험을 어떻게 녹여야 할까요?,물류 SCM 자소서 경험 쓰는 방법 알려주세요,SCM 자소서 경험,물류 SCM 직무 지원서에 쓸 경험은 어떻게 직무 역량과 연결하나요?,물류 SCM 자소서에 경험을 나열만 해도 괜찮을까요?",물류나 SCM 직무 자기소개서에는 경험을 어떤 식으로 풀어야 하나요?,물류 SCM 자소서에 경험 어떻게 써?,물류 SCM 자소서 경험 어케 써요?,물류 SCM 자소서 경험 작성법,저는 물류 SCM 직무에 지원하는데 자소서에 경험을 어떻게 녹여야 할까요?,물류 SCM 자소서 경험 쓰는 방법 알려주세요,SCM 자소서 경험,물류 SCM 직무 지원서에 쓸 경험은 어떻게 직무 역량과 연결하나요?,물류 SCM 자소서에 경험을 나열만 해도 괜찮을까요?
50,50,C03-016,이력서·자소서,교육·공공·사회서비스,공기업 블라인드 자소서에서 특히 주의할 점은 무엇인가요?,"출신 지역, 성별, 학교 등 개인을 특정할 수 있는 정보를 쓰지 않는 것이 가장 기본입니다. 제목에 지역과 성별이 드러나는 표현을 넣었다가 탈락한 사례도 소개됩니다. 면접에서도 이름 대신 수험번호로 자신을 소개하는 연습을 해 두는 것이 좋습니다. 제출 전 자소서에서 지역명·학교명·가족 정보를 검색해 지워 보세요.",자료 조사,[YouTube 영상 내 시청자 질문/주제] https://www.youtube.com/watch?v=qpS3AxXUI1M | 영상: 해커스잡·공기업 - 인턴 안하면 공기업 합격 못 하나요? 공기업 준비 Q&A | 요지: 공기업 준비 Q&A 중 '블라인드 자소서·면접 주의사항' 질문,[YouTube] 해커스잡·공기업 - 인턴 안하면 공기업 합격 못 하나요? 공기업 준비 Q&A | https://www.youtube.com/watch?v=qpS3AxXUI1M | 해당 부분: 블라인드 관련 주의사항 답변 부분,"지역·성별이 드러나면 탈락할 수 있고, 면접에서는 이름 대신 수험번호로 소개하는 습관을 들이라고 조언.",2026-10-02,확인 필요,,상,priority 상: 실수 시 바로 탈락 가능한 사항. | 수정일: 2026-10-02 (최초 수집),N,"공기업 블라인드 자기소개서를 쓸 때 꼭 조심해야 할 부분은 무엇인가요?,공기업 블라인드 자소서 쓸 때 뭐 조심해야 돼?,공공기관 블라인드 자소서 주의할 거 머임?,공기업 블라인드 자소서 주의사항,저는 공기업 블라인드 자소서를 처음 쓰는데 특히 주의할 점이 있을까요?,공기업 블라인드 자소서 주의사항 정리해 주세요,공기업 블라인드 주의,공기업 블라인드 채용 자소서에서 쓰면 안 되는 정보는 무엇인가요?,공기업 블라인드 자소서에 학교나 지역이 드러나면 탈락할까요?",공기업 블라인드 자기소개서를 쓸 때 꼭 조심해야 할 부분은 무엇인가요?,공기업 블라인드 자소서 쓸 때 뭐 조심해야 돼?,공공기관 블라인드 자소서 주의할 거 머임?,공기업 블라인드 자소서 주의사항,저는 공기업 블라인드 자소서를 처음 쓰는데 특히 주의할 점이 있을까요?,공기업 블라인드 자소서 주의사항 정리해 주세요,공기업 블라인드 주의,공기업 블라인드 채용 자소서에서 쓰면 안 되는 정보는 무엇인가요?,공기업 블라인드 자소서에 학교나 지역이 드러나면 탈락할까요?
51,51,C03-017,이력서·자소서,디자인·콘텐츠,디자이너 이력서·포트폴리오 자기소개 페이지는 어떻게 구성하나요?,"학력보다 경력이나 경험을 앞에 두는 것이 좋다는 현직자 피드백이 있습니다. 비전공자도 많아 학력이 크게 중요하지 않기 때문입니다. 글자가 너무 작으면 읽기 어려우니, 본문은 대략 12pt 이상을 권장하는 의견이 있습니다. 관련 정보를 가깝게 묶어 한눈에 읽히도록 정리하고, 오타를 마지막에 다시 확인하세요.",자료 조사,[YouTube 영상 내 시청자 질문/주제] https://www.youtube.com/watch?v=bEciFBaGDTY | 영상: 스파르타클럽 - 경력직 포트폴리오처럼 보이려면 이렇게 준비하시면 됩니다 (UXUI) | 요지: 지원자 포트폴리오 자기소개 페이지 피드백,[YouTube] 스파르타클럽 - 경력직 포트폴리오처럼 보이려면 이렇게 준비하시면 됩니다 (UXUI) | https://www.youtube.com/watch?v=bEciFBaGDTY | 해당 부분: 자기소개·학력·경력 배치와 폰트 크기 피드백 부분,"학력보다 경력을 앞에 두고, 글자 크기는 12 이하를 피하며 정보를 클러스터링해 읽기 쉽게 하라고 조언.",2026-10-02,확인 필요,,하,priority 하. | 수정일: 2026-10-02 (최초 수집),N,"디자이너 이력서나 포트폴리오의 자기소개 페이지는 어떻게 짜야 하나요?,디자이너 포트폴리오 자기소개 페이지 어떻게 구성해?,디자이너 포폴 자기소개 페이지 어케 짜요?,디자이너 포트폴리오 자기소개 페이지 구성,저는 디자이너로 지원하는데 이력서와 포트폴리오 자기소개 페이지를 어떻게 구성할까요?,디자이너 이력서 자기소개 페이지 구성법 알려주세요,디자이너 자기소개 페이지,디자이너 지원용 포트폴리오에서 자기소개 페이지는 무엇부터 배치하나요?,디자이너 포트폴리오 자기소개 페이지에 학력을 먼저 써도 괜찮을까요?",디자이너 이력서나 포트폴리오의 자기소개 페이지는 어떻게 짜야 하나요?,디자이너 포트폴리오 자기소개 페이지 어떻게 구성해?,디자이너 포폴 자기소개 페이지 어케 짜요?,디자이너 포트폴리오 자기소개 페이지 구성,저는 디자이너로 지원하는데 이력서와 포트폴리오 자기소개 페이지를 어떻게 구성할까요?,디자이너 이력서 자기소개 페이지 구성법 알려주세요,디자이너 자기소개 페이지,디자이너 지원용 포트폴리오에서 자기소개 페이지는 무엇부터 배치하나요?,디자이너 포트폴리오 자기소개 페이지에 학력을 먼저 써도 괜찮을까요?
52,52,C04-001,경험·포트폴리오,공통,포트폴리오 형식을 아무도 알려주지 않아요. 기본 구성은 어떻게 하나요?,"학교 발표용 PPT처럼 표지-목차-인적사항-기능 캡처 순으로 만드는 것은 흔한 실수로 꼽힙니다. 첫 장부터 프로젝트의 문제, 해결, 결과를 바로 보여 주는 것이 핵심이라는 조언이 많습니다. 이력서와 함께 보기 때문에 사진·자기소개·스킬 목록 같은 중복 정보는 빼는 것이 좋습니다. 다만 직군마다 기준이 다르니, 지원 직군 현직자의 포트폴리오 예시를 함께 확인하세요.",자료 조사,[YouTube 댓글] https://www.youtube.com/watch?v=r_O71gbaqng&lc=UgxELNUA7_FQHbk3UPh4AaABAg | 좋아요 1493 | 영상: 생각등대 - 생각보다 포트폴리오를 제대로 쓰는 사람이 없다 | 요지: 포트폴리오 쓰는 법을 아무도 안 가르쳐 준다는 하소연,"[YouTube] 생각등대 - 안 뽑을 수가 없는 포트폴리오 구성 | https://www.youtube.com/watch?v=nCP9nNeXYyQ | 해당 부분: 이력서와 중복 금지, 본론(문제·해결·결과) 바로 제시 부분","포트폴리오는 이력서와 같이 보므로 중복 요소를 빼고, 바로 프로젝트의 문제·해결·결과를 상세하게 보여 주라고 설명.",2026-10-02,확인 필요,,상,"priority 상: 좋아요 1,493로 수집 질문 중 최다 공감. | 수정일: 2026-10-02 (최초 수집)",N,"포트폴리오 양식을 알려주는 곳이 없어요 기본 틀은 어떻게 잡나요?,포트폴리오 형식 아무도 안 알려주는데 기본 구성 어떻게 해?,포폴 형식 기본 구성 어케 해요?,포트폴리오 기본 구성 형식,저는 포트폴리오를 처음 만드는데 기본 구성을 어떻게 해야 할까요?,포트폴리오 기본 구성 방법 알려주세요,포폴 기본 구성,취업용 포트폴리오의 기본 형식은 어떻게 구성하나요?,포트폴리오를 학교 발표용 PPT처럼 만들어도 괜찮을까요?",포트폴리오 양식을 알려주는 곳이 없어요 기본 틀은 어떻게 잡나요?,포트폴리오 형식 아무도 안 알려주는데 기본 구성 어떻게 해?,포폴 형식 기본 구성 어케 해요?,포트폴리오 기본 구성 형식,저는 포트폴리오를 처음 만드는데 기본 구성을 어떻게 해야 할까요?,포트폴리오 기본 구성 방법 알려주세요,포폴 기본 구성,취업용 포트폴리오의 기본 형식은 어떻게 구성하나요?,포트폴리오를 학교 발표용 PPT처럼 만들어도 괜찮을까요?
53,53,C04-002,경험·포트폴리오,공통,"포트폴리오는 직군마다 다르다던데, 무엇을 기준으로 맞춰야 하나요?","개발은 문제 해결 과정, 디자인은 시각적 완성도와 사고 흐름, 기획은 업계에 대한 지속적 관심과 관련 경험이 중요하다는 등 직군별 기준이 다릅니다. 공통 원칙은 읽는 사람(면접관)이 빠르게 이해할 수 있게 만드는 것입니다. 한 영상의 형식을 그대로 따라 하기보다 큰 틀만 참고하라는 댓글 반응도 많았습니다. 지원 직군의 현직자 포트폴리오 2~3개를 찾아 공통 구성을 비교해 보세요.",자료 조사,[YouTube 댓글] https://www.youtube.com/watch?v=r_O71gbaqng&lc=UgyrJG3Ak9q5AKaj8w14AaABAg | 좋아요 1283 | 영상: 생각등대 - 생각보다 포트폴리오를 제대로 쓰는 사람이 없다 | 요지: 포트폴리오는 분야마다 달라서 그대로 따라 하면 안 되고 큰 틀만 참고하라는 의견,[YouTube] 생각등대 - 생각보다 포트폴리오를 제대로 쓰는 사람이 없다 | https://www.youtube.com/watch?v=r_O71gbaqng | 해당 부분: 개발자 기준 포트폴리오 작성법(문제 해결 결과 상세) 부분 + 동일 영상 댓글 반응,"영상은 개발자 기준으로 문제 해결 과정을 강조했고, 댓글에서는 디자인·기획 등 분야별로 기준이 다르다는 지적이 많았음.",2026-10-02,확인 필요,,상,"priority 상: 좋아요 1,283. 직군별 기준은 추가 근거 보강 필요. | 수정일: 2026-10-02 (최초 수집)",N,"직군별로 포트폴리오가 다르다던데 어떤 기준에 맞춰 만들어야 하나요?,포트폴리오 직군마다 다르다는데 뭘 기준으로 맞춰?,포폴 직군별로 다르다던데 기준 머예요?,직군별 포트폴리오 기준,저는 지원 직군에 맞춰 포트폴리오를 만들고 싶은데 무엇을 기준으로 해야 할까요?,직군별 포트폴리오 차이 정리해 주세요,직군별 포폴,지원 직군에 따라 포트폴리오 평가 기준은 어떻게 다른가요?,포트폴리오를 직군 상관없이 같은 형식으로 만들어도 괜찮을까요?",직군별로 포트폴리오가 다르다던데 어떤 기준에 맞춰 만들어야 하나요?,포트폴리오 직군마다 다르다는데 뭘 기준으로 맞춰?,포폴 직군별로 다르다던데 기준 머예요?,직군별 포트폴리오 기준,저는 지원 직군에 맞춰 포트폴리오를 만들고 싶은데 무엇을 기준으로 해야 할까요?,직군별 포트폴리오 차이 정리해 주세요,직군별 포폴,지원 직군에 따라 포트폴리오 평가 기준은 어떻게 다른가요?,포트폴리오를 직군 상관없이 같은 형식으로 만들어도 괜찮을까요?
54,54,C04-003,경험·포트폴리오,공통,직무 관련 경험이 없는데 '직무 유사 경험'은 어떻게 만드나요?,"기업은 비슷한 일을 해 본 사람을 원하기 때문에, 인턴·아르바이트·공모전·사이드 프로젝트 등 직무와 최대한 비슷하다고 설명할 수 있는 경험을 만들어야 한다는 조언이 많습니다. 경험이 없다면 지금까지 한 일 중에서 찾거나, 새로 만들 수 있는 활동에 빨리 도전하는 것이 좋습니다. 그 경험을 자소서·면접에서 같은 메시지로 일관되게 말할 수 있어야 합니다. 목표 직무의 대표 업무 하나를 골라 비슷하게 해볼 수 있는 활동을 찾아보세요.",자료 조사,[YouTube 영상 내 시청자 질문/주제] https://www.youtube.com/watch?v=doAV4HQWwWY | 영상: 면접왕 이형 - 2026 취업/이직 준비 전략 총정리 | 요지: 2026 취업 전략에서 '비슷한 일을 잘해 본 주도적인 사람'을 강조,"[YouTube] 면접왕 이형 - 2026 취업/이직 준비 전략 총정리 | https://www.youtube.com/watch?v=doAV4HQWwWY | 해당 부분: 필살기 중심 파트(직무 유사 경험 + 성공 경험, 찾거나 만들기)","기업은 비슷한 일을 해본 주도적인 사람을 뽑고 싶어 하며, 인턴·알바·공모전 등에서 직무와 유사하다고 설명할 수 있는 경험을 만들라고 조언.",2026-10-02,확인 필요,,상,priority 상. | 수정일: 2026-10-02 (최초 수집),N,"직무 경험이 없을 때 직무와 비슷한 경험은 어떻게 쌓나요?,직무 관련 경험 없는데 유사 경험 어떻게 만들어?,직무 경험 0인 취준생은 유사 경험 어케 만들어요?,직무 유사 경험 만드는 방법,저는 직무 관련 경험이 하나도 없는데 직무 유사 경험을 어떻게 만들 수 있을까요?,직무 유사 경험 쌓는 방법 좀 알려주세요,직무 유사 경험,취업에 쓸 직무 관련 경험은 어떤 활동으로 만들 수 있나요?,직무 관련 경험이 없으면 서류에서 불리할까요?",직무 경험이 없을 때 직무와 비슷한 경험은 어떻게 쌓나요?,직무 관련 경험 없는데 유사 경험 어떻게 만들어?,직무 경험 0인 취준생은 유사 경험 어케 만들어요?,직무 유사 경험 만드는 방법,저는 직무 관련 경험이 하나도 없는데 직무 유사 경험을 어떻게 만들 수 있을까요?,직무 유사 경험 쌓는 방법 좀 알려주세요,직무 유사 경험,취업에 쓸 직무 관련 경험은 어떤 활동으로 만들 수 있나요?,직무 관련 경험이 없으면 서류에서 불리할까요?
55,55,C04-004,경험·포트폴리오,공통,포트폴리오를 '면접관이 읽기 좋게' 만든다는 건 구체적으로 무엇인가요?,"면접관은 짧은 시간에 많은 포트폴리오를 보기 때문에, 핵심(문제-해결-결과)이 먼저 보이고 흐름이 예측 가능한 구성이 좋습니다. 프로젝트마다 같은 구조로 반복하면 읽는 사람의 피로가 줄어든다는 현직자 피드백이 있습니다. 글자가 작거나 정보가 흩어져 있으면 좋은 내용도 덜 읽힙니다. 다른 사람에게 1분만 보여 주고 무슨 프로젝트인지 설명할 수 있는지 테스트해 보세요.",자료 조사,[YouTube 댓글] https://www.youtube.com/watch?v=r_O71gbaqng&lc=UgwTXXJessmL7tOQSXN4AaABAg | 좋아요 655 | 영상: 생각등대 - 생각보다 포트폴리오를 제대로 쓰는 사람이 없다 | 요지: 지원자가 쓰기 좋은 게 아니라 면접관이 읽기 좋게 만들어야 한다는 의견,[YouTube] 스파르타클럽 - 경력직 포트폴리오처럼 보이려면 이렇게 준비하시면 됩니다 (UXUI) | https://www.youtube.com/watch?v=bEciFBaGDTY | 해당 부분: '모든 프로젝트가 유사한 구조로 흐름을 가져가 인식 피로도를 줄인다' 피드백 부분,프로젝트마다 같은 구조로 흐름을 반복하면 다음 내용을 예측할 수 있어 읽는 피로가 줄어든다고 설명.,2026-10-02,확인 필요,,상,priority 상: 좋아요 655. | 수정일: 2026-10-02 (최초 수집),N,"포트폴리오를 평가자가 보기 편하게 만든다는 건 어떤 의미인가요?,포트폴리오 면접관이 읽기 좋게 만들라는 게 무슨 뜻이야?,포폴 면접관이 읽기 좋게 만든다는 게 머예요?,면접관 읽기 좋은 포트폴리오,저는 포트폴리오를 면접관이 읽기 좋게 만들라는 조언을 들었는데 구체적으로 어떻게 하나요?,면접관이 읽기 좋은 포트폴리오 만드는 방법 알려주세요,읽기 좋은 포폴,채용 면접관이 보기 쉬운 포트폴리오 구성은 어떤 건가요?,포트폴리오가 면접관이 읽기 불편하면 불리할까요?",포트폴리오를 평가자가 보기 편하게 만든다는 건 어떤 의미인가요?,포트폴리오 면접관이 읽기 좋게 만들라는 게 무슨 뜻이야?,포폴 면접관이 읽기 좋게 만든다는 게 머예요?,면접관 읽기 좋은 포트폴리오,저는 포트폴리오를 면접관이 읽기 좋게 만들라는 조언을 들었는데 구체적으로 어떻게 하나요?,면접관이 읽기 좋은 포트폴리오 만드는 방법 알려주세요,읽기 좋은 포폴,채용 면접관이 보기 쉬운 포트폴리오 구성은 어떤 건가요?,포트폴리오가 면접관이 읽기 불편하면 불리할까요?
56,56,C04-005,경험·포트폴리오,공통,공백기 동안 무엇을 해야 의미 있는 경험이 되나요?,"단순 공부나 자격증보다 '일하는 경험'을 만드는 것이 중요하다는 조언이 있습니다. 툴을 써서 문제를 해결해 본 경험, 팀으로 성과에 도전한 협업 경험, 현직자에게 피드백을 받아 본 경험이 의미 있는 활동으로 제시됩니다. 직무와 관련된 공부·자격증·교육·아르바이트도 공백이 아니라 과정으로 설명할 수 있습니다. 공백 기간을 월 단위로 적고, 각 기간에 한 일과 배운 점을 한 줄씩 정리해 보세요.",자료 조사,[YouTube 댓글] https://www.youtube.com/watch?v=VQmAnqT482g&lc=UgzM8WcQTVD9T88QUpN4AaABAg | 좋아요 211 | 영상: 면접왕 이형 - 공백기에 대한 면접관의 속마음 | 이미 생긴 공백기 대처법 | 요지: 공백기 질문 자체를 금지해야 한다는 의견(공백기에 대한 부담감),[YouTube] 면접왕 이형 - 공백기에 대한 면접관의 속마음 | 이미 생긴 공백기 대처법 | https://www.youtube.com/watch?v=VQmAnqT482g | 해당 부분: '진짜 공백기 찾기'와 공백기 활용 3가지(기술·협업·현직자) 부분,"직무와 무관하게 보낸 기간만 진짜 공백기이며, 스킬로 문제 해결, 협업 성과 도전, 현직자 피드백 경험을 쌓으라고 조언.",2026-10-02,확인 필요,,상,"priority 상: 좋아요 211, 공백기 불안은 반복 주제. | 수정일: 2026-10-02 (최초 수집)",N,"공백 기간에 어떤 활동을 해야 의미 있는 경험으로 인정받나요?,공백기에 뭐 해야 의미 있는 경험이 돼?,취준 공백기에 머 해야 의미 있음?,공백기 의미 있는 경험,저는 졸업 후 공백기가 생겼는데 어떤 경험을 해야 의미가 있을까요?,공백기에 할 만한 의미 있는 경험 알려주세요,공백기 경험,취업 공백기에 쌓으면 좋은 직무 경험은 무엇인가요?,공백기 동안 공부랑 자격증만 해도 괜찮을까요?",공백 기간에 어떤 활동을 해야 의미 있는 경험으로 인정받나요?,공백기에 뭐 해야 의미 있는 경험이 돼?,취준 공백기에 머 해야 의미 있음?,공백기 의미 있는 경험,저는 졸업 후 공백기가 생겼는데 어떤 경험을 해야 의미가 있을까요?,공백기에 할 만한 의미 있는 경험 알려주세요,공백기 경험,취업 공백기에 쌓으면 좋은 직무 경험은 무엇인가요?,공백기 동안 공부랑 자격증만 해도 괜찮을까요?
57,57,C04-006,경험·포트폴리오,공통,불안해서 프로젝트를 하나 더 하려는데 도움이 될까요?,"목적 없이 추가한 프로젝트는 이력서나 면접에서 설명하기 어려워 오히려 쓸모가 없었다는 합격자 경험이 있습니다. 중요한 것은 프로젝트 개수가 아니라 왜 그 선택을 했고 어떤 결과를 냈는지 설명할 수 있는가입니다. 기존 프로젝트를 깊게 개선하는 편이 더 효과적일 수 있습니다. 새 프로젝트를 시작하기 전, 그 프로젝트로 증명하려는 역량을 한 문장으로 적어 보세요.",자료 조사,"[YouTube 영상 내 시청자 질문/주제] https://www.youtube.com/watch?v=f_kN5j7KSwk | 영상: 딩코딩코 - 5개 기업 동시 합격한 개발자 이력서, 비포/애프터 전부 공개 | 요지: 합격자가 '불안해서 프로젝트를 하나 더 했던 경험'을 이야기하는 부분","[YouTube] 딩코딩코 - 5개 기업 동시 합격한 개발자 이력서, 비포/애프터 전부 공개 | https://www.youtube.com/watch?v=f_kN5j7KSwk | 해당 부분: 불필요한 프로젝트 삭제, 의도가 명확하지 않은 프로젝트 관련 부분",불안해서 추가한 프로젝트는 의사결정 이유가 불명확해 이력서·면접에서 풀 수 없었고 결국 삭제했다고 설명.,2026-10-02,확인 필요,,중,priority 중. | 수정일: 2026-10-02 (최초 수집),N,"불안한 마음에 프로젝트를 하나 더 하려는데 실제로 도움이 될까요?,불안해서 프로젝트 하나 더 하려는데 도움 돼?,불안해서 사이드 프로젝트 하나 더 하는 거 취준에 도움 됨?,추가 프로젝트 도움 여부,저는 불안해서 프로젝트를 하나 더 하려고 하는데 의미가 있을까요?,프로젝트를 더 할지 판단하는 기준 알려주세요,프로젝트 하나 더,취업용 포트폴리오에 프로젝트를 하나 더 추가하면 도움이 되나요?,목적 없이 프로젝트를 하나 더 해도 괜찮을까요?",불안한 마음에 프로젝트를 하나 더 하려는데 실제로 도움이 될까요?,불안해서 프로젝트 하나 더 하려는데 도움 돼?,불안해서 사이드 프로젝트 하나 더 하는 거 취준에 도움 됨?,추가 프로젝트 도움 여부,저는 불안해서 프로젝트를 하나 더 하려고 하는데 의미가 있을까요?,프로젝트를 더 할지 판단하는 기준 알려주세요,프로젝트 하나 더,취업용 포트폴리오에 프로젝트를 하나 더 추가하면 도움이 되나요?,목적 없이 프로젝트를 하나 더 해도 괜찮을까요?
58,58,C04-007,경험·포트폴리오,연구·엔지니어링·제조기술,학부연구생 경험은 취업에 얼마나 도움이 되나요?,반도체 등 기술 직무 합격자들은 학부연구생 경험이 자소서와 면접의 핵심 소재가 됐다고 말합니다. 면접관이 그 경험에서 무엇을 느꼈고 어떤 성과를 냈는지를 집중적으로 물었다는 사례가 있습니다. 논문이나 구체적인 결과물이 있으면 더 강력하다는 의견도 있습니다. 연구 과정에서 내가 직접 맡은 실험·분석과 그 결과를 정리해 두세요.,자료 조사,[YouTube 댓글] https://www.youtube.com/watch?v=u2SDGZoVRP0&lc=Ugz4_OavFV3VeiygRRR4AaABAg | 좋아요 2 | 영상: 취업사이다 - 서류 광탈 원인이 스펙 문제...? (합격클리닉) | 요지: 학부연구생의 최고 스펙은 논문이며 목표를 가지고 하라는 조언,[YouTube] 반도체 양산기술 취업 전략 - 공백기 뿌시고 ASML·SK하이닉스 동시 합격자 인터뷰 | https://www.youtube.com/watch?v=C6xsb3kETb8 | 해당 부분: '가장 도움이 된 활동' 질문에 학부연구생이라고 답한 부분,합격자는 학부연구생 경험으로 자소서를 썼고 면접에서도 그 경험을 계속 물어봤다고 답함.,2026-10-02,확인 필요,,중,priority 중. | 수정일: 2026-10-02 (최초 수집),N,"학부연구생으로 활동한 경험이 취업에 얼마나 유리한가요?,학부연구생 경험 취업에 도움 많이 돼?,학연생 경험 취준에 얼마나 도움 됨?,학부연구생 경험 취업 도움,저는 학부연구생을 하고 있는데 이 경험이 취업에 얼마나 도움이 될까요?,학부연구생 경험 취업에 활용하는 방법 알려주세요,학부연구생 도움,학부연구생 연구 경험이 기술 직무 취업에서 어떻게 평가되나요?,학부연구생 경험이 취업에 별 도움 안 될까 봐 걱정인데 괜찮을까요?",학부연구생으로 활동한 경험이 취업에 얼마나 유리한가요?,학부연구생 경험 취업에 도움 많이 돼?,학연생 경험 취준에 얼마나 도움 됨?,학부연구생 경험 취업 도움,저는 학부연구생을 하고 있는데 이 경험이 취업에 얼마나 도움이 될까요?,학부연구생 경험 취업에 활용하는 방법 알려주세요,학부연구생 도움,학부연구생 연구 경험이 기술 직무 취업에서 어떻게 평가되나요?,학부연구생 경험이 취업에 별 도움 안 될까 봐 걱정인데 괜찮을까요?
59,59,C04-008,경험·포트폴리오,연구·엔지니어링·제조기술,인턴·학부연구생 경험이 없으면 엔지니어 직무는 불리한가요?,정량적 스펙보다 각 경험에서 무엇을 느꼈고 어떤 성과를 냈는지가 중요했다는 합격자 경험이 있습니다. 관련 경험이 없어도 반도체 직무에 합격한 사례가 소개되기도 합니다. 자신이 한 일을 직무에서 필요한 역량 관점으로 다시 보면 매력적인 포인트를 찾을 수 있습니다. 수업 실험·팀 프로젝트 중 직무와 연결되는 경험을 골라 역량 단위로 정리해 보세요.,자료 조사,[YouTube 영상 내 시청자 질문/주제] https://www.youtube.com/watch?v=C6xsb3kETb8 | 영상: 반도체 양산기술 취업 전략 - 공백기 뿌시고 ASML·SK하이닉스 동시 합격자 인터뷰 | 요지: 인턴·학부연구생이 없는 시청자를 위한 조언 요청,[YouTube] 반도체 양산기술 취업 전략 - 공백기 뿌시고 ASML·SK하이닉스 동시 합격자 인터뷰 | https://www.youtube.com/watch?v=C6xsb3kETb8 | 해당 부분: '정량적인 스펙은 그렇게 중요하지 않다'는 답변 부분,여러 번 최종 면접을 보며 무엇을 했는지보다 각 경험에서 느낀 점과 성과를 중요하게 물었다고 설명.,2026-10-02,확인 필요,,중,priority 중. | 수정일: 2026-10-02 (최초 수집),N,"인턴이나 학부연구생 이력이 없으면 엔지니어 채용에서 손해인가요?,인턴이나 학부연구생 경험 없으면 엔지니어 직무 불리해?,인턴 학연생 경험 없으면 엔지니어 직무 불리함?,인턴 학부연구생 없음 엔지니어 직무,저는 인턴도 학부연구생 경험도 없는데 엔지니어 직무에 지원해도 될까요?,인턴 학부연구생 경험 없이 엔지니어 직무 준비하는 방법 알려주세요,엔지니어 인턴 없음,인턴이나 학부연구생 경력이 없으면 엔지니어 직무 서류 평가에서 감점되나요?,인턴이나 학부연구생 경험 없이 엔지니어 직무에 지원해도 괜찮을까요?",인턴이나 학부연구생 이력이 없으면 엔지니어 채용에서 손해인가요?,인턴이나 학부연구생 경험 없으면 엔지니어 직무 불리해?,인턴 학연생 경험 없으면 엔지니어 직무 불리함?,인턴 학부연구생 없음 엔지니어 직무,저는 인턴도 학부연구생 경험도 없는데 엔지니어 직무에 지원해도 될까요?,인턴 학부연구생 경험 없이 엔지니어 직무 준비하는 방법 알려주세요,엔지니어 인턴 없음,인턴이나 학부연구생 경력이 없으면 엔지니어 직무 서류 평가에서 감점되나요?,인턴이나 학부연구생 경험 없이 엔지니어 직무에 지원해도 괜찮을까요?
60,60,C04-009,경험·포트폴리오,경영·사무·인사,인사(HR) 직무를 위해 어떤 경험을 쌓으면 좋나요?,"HR 직접 경험이 없어도 합격은 가능하지만, 입사 후 적응을 위해 인턴이나 학회 등 HR 관련 활동을 미리 해 보라는 현직자 조언이 있습니다. 사람을 만나고 조율하는 일이 많아 리더·운영 경험도 좋은 소재가 됩니다. 신입 인사 업무로는 근태·급여·계약서·채용 운영 등이 자주 언급되므로 엑셀 활용 능력도 도움이 됩니다. 인사 관련 학회·스터디나 채용 운영 보조 같은 활동을 찾아보세요.",자료 조사,[YouTube 영상 내 시청자 질문/주제] https://www.youtube.com/watch?v=FUV9343n7yc | 영상: LG전자 채용 - 인턴 없이 HR 직무 합격한 썰 | 요지: '다시 준비한다면 무엇을 보강하겠냐'는 질문,[YouTube] LG전자 채용 - 인턴 없이 HR 직무 합격한 썰 | https://www.youtube.com/watch?v=FUV9343n7yc | 해당 부분: 직무 경험 보강 조언 부분,현직자는 HR 직접 경험이 없어 입사 초 적응이 어려웠다며 인턴·학회 등 HR 관련 활동을 접해 보라고 조언.,2026-10-02,확인 필요,,중,priority 중. | 수정일: 2026-10-02 (최초 수집),N,"HR 직무를 목표로 한다면 어떤 활동을 해 두는 게 좋나요?,인사 직무 하려면 어떤 경험 쌓아야 돼?,HR 직무 취준할 때 어떤 대외활 하면 좋아요?,인사 HR 직무 추천 경험,저는 인사 직무를 목표로 하는데 어떤 경험을 쌓아 두면 좋을까요?,HR 직무에 도움 되는 경험 알려주세요,HR 경험 쌓기,인사 HR 직무 취업에 도움 되는 경험은 어떤 것인가요?,HR 관련 경험 없이 인사 직무 준비해도 괜찮을까요?",HR 직무를 목표로 한다면 어떤 활동을 해 두는 게 좋나요?,인사 직무 하려면 어떤 경험 쌓아야 돼?,HR 직무 취준할 때 어떤 대외활 하면 좋아요?,인사 HR 직무 추천 경험,저는 인사 직무를 목표로 하는데 어떤 경험을 쌓아 두면 좋을까요?,HR 직무에 도움 되는 경험 알려주세요,HR 경험 쌓기,인사 HR 직무 취업에 도움 되는 경험은 어떤 것인가요?,HR 관련 경험 없이 인사 직무 준비해도 괜찮을까요?
61,61,C04-010,경험·포트폴리오,IT·개발·데이터,개발자 포트폴리오에는 기능 캡처 대신 무엇을 넣어야 하나요?,"기능 구현 화면보다 문제를 어떤 사고 흐름으로 해결했는지를 보여 주는 것이 중요하다는 조언이 많습니다. 아키텍처, 데이터 플로우, 시퀀스 다이어그램 중 하나로 구조를 그리고, 문제·해결·결과를 각 2~3줄로 구체적으로 쓰는 방식이 제안됩니다. 완성도보다 고민 과정과 해결 방법을 정리하는 것이 중요하다는 기업 현직자 의견도 있습니다. 대표 프로젝트 하나의 구조도를 그리고 해결한 문제 3가지를 정리하세요.",자료 조사,[YouTube 영상 내 시청자 질문/주제] https://www.youtube.com/watch?v=r_O71gbaqng | 영상: 생각등대 - 생각보다 포트폴리오를 제대로 쓰는 사람이 없다 | 요지: 멘토링에서 자주 보는 잘못된 개발자 포트폴리오 사례,"[YouTube] 생각등대 - 생각보다 포트폴리오를 제대로 쓰는 사람이 없다 | https://www.youtube.com/watch?v=r_O71gbaqng | 해당 부분: 기능 캡처 대신 아키텍처·데이터 플로우·시퀀스 다이어그램, 문제 해결 3줄 부분","기능 캡처 설명은 면접관에게 흥미가 없고, 다이어그램으로 사고 흐름을 그리고 문제 해결을 3줄씩 상세히 쓰면 합격률이 높아진다고 설명.",2026-10-02,확인 필요,,상,priority 상: 넥슨 영상(--JaHGmO0J0)에서도 '완성도보다 고민·해결 과정' 언급되어 교차 확인됨. | 수정일: 2026-10-02 (최초 수집),N,"개발자 포트폴리오에 기능 화면 캡처 말고 어떤 내용을 담아야 하나요?,개발자 포트폴리오에 기능 캡처 말고 뭐 넣어?,개발자 포폴 기능 캡처 대신 머 넣어야 함?,개발자 포트폴리오 기능 캡처 대체 내용,저는 개발자 포트폴리오를 기능 캡처 위주로 만들었는데 무엇을 넣어야 할까요?,기능 캡처 대신 개발자 포트폴리오에 넣을 내용 알려주세요,개발자 포폴 캡처 대신,개발자 채용용 포트폴리오에서 기능 캡처보다 중요한 내용은 무엇인가요?,개발자 포트폴리오를 기능 캡처로만 채워도 괜찮을까요?",개발자 포트폴리오에 기능 화면 캡처 말고 어떤 내용을 담아야 하나요?,개발자 포트폴리오에 기능 캡처 말고 뭐 넣어?,개발자 포폴 기능 캡처 대신 머 넣어야 함?,개발자 포트폴리오 기능 캡처 대체 내용,저는 개발자 포트폴리오를 기능 캡처 위주로 만들었는데 무엇을 넣어야 할까요?,기능 캡처 대신 개발자 포트폴리오에 넣을 내용 알려주세요,개발자 포폴 캡처 대신,개발자 채용용 포트폴리오에서 기능 캡처보다 중요한 내용은 무엇인가요?,개발자 포트폴리오를 기능 캡처로만 채워도 괜찮을까요?
62,62,C04-011,경험·포트폴리오,IT·개발·데이터,신입인데 아키텍처나 시퀀스 다이어그램을 그릴 만한 프로젝트가 없어요.,"서비스를 통째로 설계한 경험이 없다는 반응이 많았습니다. 이 경우 실생활에서 느낀 문제를 직접 해결한 스토리만으로도 충분히 설득력이 있다는 의견이 있습니다. 작은 프로젝트라도 데이터가 어떻게 흐르는지 간단한 그림 하나로 정리할 수 있습니다. 내가 만든 기능 하나의 처리 흐름을 그려 보고, 그 과정에서 겪은 문제를 함께 적어 보세요.",자료 조사,[YouTube 댓글] https://www.youtube.com/watch?v=r_O71gbaqng&lc=Ugy-9z9F033XI2Of6QV4AaABAg | 좋아요 15 | 영상: 생각등대 - 생각보다 포트폴리오를 제대로 쓰는 사람이 없다 | 요지: 다이어그램을 다 쓰려면 서비스를 통째로 만들어 본 경험이 필요한데 신입이 가능하냐는 의견,"[YouTube] 넥슨태그 - AI 시대, 넥슨은 어떤 프로그래머를 찾고 있을까? | https://www.youtube.com/watch?v=--JaHGmO0J0 | 해당 부분: 마무리 조언(포트폴리오 완성도보다 고민과 문제 해결 과정 정리) 부분",넥슨 현직자는 포트폴리오 완성도보다 만들면서 한 고민과 문제 해결 과정을 정리하는 것이 더 도움이 된다고 조언.,2026-10-02,확인 필요,,중,priority 중. | 수정일: 2026-10-02 (최초 수집),N,"신입이라 아키텍처나 시퀀스 다이어그램으로 표현할 프로젝트가 없는데 어떻게 하나요?,신입인데 아키텍처나 시퀀스 다이어그램 그릴 프로젝트가 없어 어떡해?,신입인데 포폴에 아키텍처 시퀀스 다이어그램 그릴 프로젝트 없음 어케 해요?,신입 아키텍처 시퀀스 다이어그램 프로젝트 없음,저는 신입이라 서비스를 통째로 설계해 본 적이 없는데 아키텍처나 시퀀스 다이어그램은 어떻게 하나요?,아키텍처 시퀀스 다이어그램 그릴 프로젝트 없을 때 방법 알려주세요,시퀀스 다이어그램 프로젝트 없음,신입 개발자 포트폴리오에 아키텍처나 시퀀스 다이어그램을 그릴 프로젝트 경험이 없으면 어떻게 하나요?,신입인데 아키텍처나 시퀀스 다이어그램이 없으면 불리할까요?",신입이라 아키텍처나 시퀀스 다이어그램으로 표현할 프로젝트가 없는데 어떻게 하나요?,신입인데 아키텍처나 시퀀스 다이어그램 그릴 프로젝트가 없어 어떡해?,신입인데 포폴에 아키텍처 시퀀스 다이어그램 그릴 프로젝트 없음 어케 해요?,신입 아키텍처 시퀀스 다이어그램 프로젝트 없음,저는 신입이라 서비스를 통째로 설계해 본 적이 없는데 아키텍처나 시퀀스 다이어그램은 어떻게 하나요?,아키텍처 시퀀스 다이어그램 그릴 프로젝트 없을 때 방법 알려주세요,시퀀스 다이어그램 프로젝트 없음,신입 개발자 포트폴리오에 아키텍처나 시퀀스 다이어그램을 그릴 프로젝트 경험이 없으면 어떻게 하나요?,신입인데 아키텍처나 시퀀스 다이어그램이 없으면 불리할까요?
63,63,C04-012,경험·포트폴리오,영업·마케팅,실무 경험 없이 마케팅 포트폴리오를 어떻게 만드나요?,"실제 광고를 소액으로 집행해 보고 핵심 지표를 분석·해석한 경험이 이론 학습보다 설득력 있다는 현직 마케터 의견이 있습니다. 비전공자·지방 거주자는 기회 접근이 어려워 실무 피드백을 받을 수 있는 프로그램을 활용하는 것도 방법으로 제시됩니다. 다만 고가 프로그램이 필수는 아니며, 필요한 것은 정리와 실무자 피드백이라는 의견도 함께 있습니다. 작은 콘텐츠나 광고를 직접 운영해 보고 성과 지표와 개선 과정을 기록하세요.",자료 조사,[YouTube 영상 내 시청자 질문/주제] https://www.youtube.com/watch?v=WDmNdZf6JEk | 영상: 마케터 묵이 - '마케터 직무 취업'에 대해서 딱 11분 33초만 이야기할게요 | 요지: 마케터 취업 프로그램이 필요한 사람·필요 없는 사람을 다룬 영상,[YouTube] 마케터 묵이 - '마케터 직무 취업'에 대해서 딱 11분 33초만 이야기할게요 | https://www.youtube.com/watch?v=WDmNdZf6JEk | 해당 부분: 실제 광고 집행·지표 분석 경험과 이론이 아닌 실무 강조 부분,이론보다 실제 광고를 돌려보고 지표를 해석하는 실무 경험과 실무자 1:1 피드백이 중요하다고 주장.,2026-10-02,초안,,중,priority 중: 근거 영상이 강의 홍보를 포함함 → 중립적 근거 추가 확보 필요. | 수정일: 2026-10-02 (최초 수집),N,"현업 경험이 없을 때 마케팅 포트폴리오는 어떻게 준비하나요?,실무 경험 없이 마케팅 포트폴리오 어떻게 만들어?,실무 경험 없는 마케팅 취준생 포폴 어케 만들어요?,실무 경험 없는 마케팅 포트폴리오,저는 마케팅 실무 경험이 없는데 포트폴리오를 어떻게 만들 수 있을까요?,실무 경험 없이 마케팅 포트폴리오 만드는 방법 알려주세요,마케팅 포폴 무경험,마케팅 직무 포트폴리오를 실무 경험 없이 채우려면 어떤 경험이 필요한가요?,실무 경험 없이 만든 마케팅 포트폴리오도 괜찮을까요?",현업 경험이 없을 때 마케팅 포트폴리오는 어떻게 준비하나요?,실무 경험 없이 마케팅 포트폴리오 어떻게 만들어?,실무 경험 없는 마케팅 취준생 포폴 어케 만들어요?,실무 경험 없는 마케팅 포트폴리오,저는 마케팅 실무 경험이 없는데 포트폴리오를 어떻게 만들 수 있을까요?,실무 경험 없이 마케팅 포트폴리오 만드는 방법 알려주세요,마케팅 포폴 무경험,마케팅 직무 포트폴리오를 실무 경험 없이 채우려면 어떤 경험이 필요한가요?,실무 경험 없이 만든 마케팅 포트폴리오도 괜찮을까요?
64,64,C04-013,경험·포트폴리오,생산·물류·서비스,물류 관련 경험이 거의 없는데 무엇을 해 두면 좋을까요?,"SCM 현직자도 인턴 경험 없이 학술제 참가와 물류 공모전 입상 경험으로 준비했다고 말합니다. 자격증 개수보다는 해당 분야에 대한 관심과 기본 이해를 보여 주는 경험이 중요하다는 설명입니다. 물류는 택배·B2B 운송·수출입 등 범위가 넓으니 관심 분야를 좁혀 경험을 쌓는 것이 좋습니다. 관심 세부 분야를 정하고, 관련 공모전이나 학회 활동을 찾아보세요.",자료 조사,"[YouTube 영상 내 시청자 질문/주제] https://www.youtube.com/watch?v=chDO_d91TRo | 영상: LG전자 채용 - SCM 취준, 이것부터 준비해 | 요지: SCM 현직자에게 인턴·대외활동 경험을 묻는 Q&A","[YouTube] LG전자 채용 - SCM 취준, 이것부터 준비해 | https://www.youtube.com/watch?v=chDO_d91TRo | 해당 부분: 경험 관련 답변(인턴 없음, 학술제·물류 공모전 입상) 부분",현직자는 인턴 경험이 없었고 학술제 참가와 물류 관련 공모전 입상 경험이 있었다고 답함. 롯데글로벌로지스 현직자도 관심 분야 세분화를 조언.,2026-10-02,확인 필요,,중,priority 중. | 수정일: 2026-10-02 (최초 수집),N,"물류 쪽 경험이 별로 없는데 어떤 활동을 해 두는 게 좋을까요?,물류 경험 거의 없는데 뭐 해 두면 좋아?,물류 경험 없는 취준생 머 해 두면 좋아요?,물류 경험 부족 준비 방법,저는 물류 관련 경험이 거의 없는데 지금부터 무엇을 하면 좋을까요?,물류 관련 경험 쌓는 방법 알려주세요,물류 경험 부족,물류 직무 취업 준비를 위해 쌓을 만한 경험은 무엇인가요?,물류 관련 경험이 거의 없으면 지원 시 불리할까요?",물류 쪽 경험이 별로 없는데 어떤 활동을 해 두는 게 좋을까요?,물류 경험 거의 없는데 뭐 해 두면 좋아?,물류 경험 없는 취준생 머 해 두면 좋아요?,물류 경험 부족 준비 방법,저는 물류 관련 경험이 거의 없는데 지금부터 무엇을 하면 좋을까요?,물류 관련 경험 쌓는 방법 알려주세요,물류 경험 부족,물류 직무 취업 준비를 위해 쌓을 만한 경험은 무엇인가요?,물류 관련 경험이 거의 없으면 지원 시 불리할까요?
65,65,C04-014,경험·포트폴리오,디자인·콘텐츠,신입 디자이너는 실제 지표 개선 같은 '임팩트'가 없는데 포트폴리오에 무엇을 넣나요?,실무 지표는 일을 해 봐야 얻을 수 있어 신입 포트폴리오에 억지로 넣을 필요는 없다는 현직자 의견이 있습니다. 대신 아이템(주제) 자체의 매력과 문제 정의-가설-솔루션의 흐름으로 승부하라는 조언입니다. 사용자가 겪는 문제를 먼저 제시해 공감을 얻는 것이 중요합니다. 일상에서 느낀 불편 하나를 골라 문제 정의부터 해결안까지 한 흐름으로 정리해 보세요.,자료 조사,[YouTube 영상 내 시청자 질문/주제] https://www.youtube.com/watch?v=bEciFBaGDTY | 영상: 스파르타클럽 - 경력직 포트폴리오처럼 보이려면 이렇게 준비하시면 됩니다 (UXUI) | 요지: 포트폴리오 리뷰 중 '임팩트(지표)는 신입 포트폴리오에 넣기 어렵다'는 설명,[YouTube] 스파르타클럽 - 경력직 포트폴리오처럼 보이려면 이렇게 준비하시면 됩니다 (UXUI) | https://www.youtube.com/watch?v=bEciFBaGDTY | 해당 부분: 임팩트 항목 설명과 신입은 아이템으로 승부하라는 부분,임팩트 지표는 실무를 해야 알 수 있어 신입은 억지로 넣기보다 아이템으로 승부하는 것이 좋다고 설명.,2026-10-02,확인 필요,,상,priority 상: 디자인 신입의 핵심 고민. | 수정일: 2026-10-02 (최초 수집),N,"신입 디자이너라 실제 지표 개선 같은 성과가 없는데 포트폴리오에 무엇을 담나요?,신입 디자이너인데 지표 개선 같은 임팩트 없으면 포트폴리오에 뭐 넣어?,신입 디자이너 포폴에 임팩트 없으면 머 넣어요?,신입 디자이너 포트폴리오 임팩트 없음,저는 신입 디자이너라 실무 지표가 없는데 포트폴리오를 어떻게 채워야 할까요?,임팩트 없는 신입 디자이너 포트폴리오 구성법 알려주세요,신입 디자이너 임팩트,신입 디자이너 포트폴리오에서 실무 지표 대신 무엇으로 경쟁력을 보여주나요?,신입 디자이너 포트폴리오에 지표 개선이 없어도 괜찮을까요?",신입 디자이너라 실제 지표 개선 같은 성과가 없는데 포트폴리오에 무엇을 담나요?,신입 디자이너인데 지표 개선 같은 임팩트 없으면 포트폴리오에 뭐 넣어?,신입 디자이너 포폴에 임팩트 없으면 머 넣어요?,신입 디자이너 포트폴리오 임팩트 없음,저는 신입 디자이너라 실무 지표가 없는데 포트폴리오를 어떻게 채워야 할까요?,임팩트 없는 신입 디자이너 포트폴리오 구성법 알려주세요,신입 디자이너 임팩트,신입 디자이너 포트폴리오에서 실무 지표 대신 무엇으로 경쟁력을 보여주나요?,신입 디자이너 포트폴리오에 지표 개선이 없어도 괜찮을까요?
66,66,C04-015,경험·포트폴리오,디자인·콘텐츠,디자인 포트폴리오에서 문제 해결 흐름은 어떻게 보여 줘야 하나요?,일반적인 흐름은 문제 상황 → 문제 정의 → 가설 → 솔루션 → 결과입니다. 레이아웃을 맞추려고 중간 과정을 생략하면 논리의 빈틈이 생긴다는 피드백이 있습니다. 결과를 보여 줄 때는 무엇을 바꿔서 개선됐는지 구분되도록 변경 범위를 명확히 하는 것이 좋습니다. 각 프로젝트에서 '왜 이 해결책인가'를 한 문장으로 설명할 수 있는지 점검하세요.,자료 조사,[YouTube 영상 내 시청자 질문/주제] https://www.youtube.com/watch?v=bEciFBaGDTY | 영상: 스파르타클럽 - 경력직 포트폴리오처럼 보이려면 이렇게 준비하시면 됩니다 (UXUI) | 요지: UXUI 지원자 포트폴리오의 사고 흐름 피드백,[YouTube] 스파르타클럽 - 경력직 포트폴리오처럼 보이려면 이렇게 준비하시면 됩니다 (UXUI) | https://www.youtube.com/watch?v=bEciFBaGDTY | 해당 부분: '문제 상황-문제 정의-가설-솔루션' 흐름과 비포/애프터 변경 범위 피드백 부분,"사고 과정 흐름이 중요하므로 압축하지 말고 온전히 담으라고 했으며, 변경이 너무 많으면 개선 원인을 파악하기 어렵다고 지적.",2026-10-02,확인 필요,,중,priority 중. | 수정일: 2026-10-02 (최초 수집),N,"디자인 포트폴리오에서 문제 해결 과정은 어떤 순서로 보여 주나요?,디자인 포트폴리오에서 문제 해결 흐름 어떻게 보여줘?,디자인 포폴 문제 해결 흐름 어케 짜요?,디자인 포트폴리오 문제 해결 흐름,저는 디자인 포트폴리오를 만드는 중인데 문제 해결 흐름을 어떻게 보여 줘야 할까요?,디자인 포트폴리오 문제 해결 흐름 구성법 알려주세요,디자인 포폴 문제 해결,디자인 포트폴리오에서 문제 정의부터 결과까지는 어떻게 구성하나요?,디자인 포트폴리오에서 중간 과정을 생략해도 괜찮을까요?",디자인 포트폴리오에서 문제 해결 과정은 어떤 순서로 보여 주나요?,디자인 포트폴리오에서 문제 해결 흐름 어떻게 보여줘?,디자인 포폴 문제 해결 흐름 어케 짜요?,디자인 포트폴리오 문제 해결 흐름,저는 디자인 포트폴리오를 만드는 중인데 문제 해결 흐름을 어떻게 보여 줘야 할까요?,디자인 포트폴리오 문제 해결 흐름 구성법 알려주세요,디자인 포폴 문제 해결,디자인 포트폴리오에서 문제 정의부터 결과까지는 어떻게 구성하나요?,디자인 포트폴리오에서 중간 과정을 생략해도 괜찮을까요?
67,67,C04-016,경험·포트폴리오,디자인·콘텐츠,포트폴리오 프로젝트 순서는 어떻게 배치하나요?,"가장 잘한 프로젝트를 맨 앞에 두는 것이 일반적이지만, 이야기의 흐름에 따라 순서를 바꾸는 편이 더 자연스러울 때도 있다는 현직자 피드백이 있습니다. 예를 들어 아이디어 실험 프로젝트 → 확장 프로젝트 → 실무 지표 개선 프로젝트 순으로 두면 성장 흐름이 보일 수 있습니다. 프로젝트 안에서도 단조롭게 이어지기보다 기승전결이 느껴지게 구성하는 것이 좋습니다. 프로젝트 3개를 한 줄씩 요약해 어떤 순서가 나를 가장 잘 설명하는지 비교해 보세요.",AI 제안,[AI 제안] 직접 수집된 질문 아님. 선정 이유: 포트폴리오 리뷰 영상의 총평에서 순서 배치 조언이 나와 FAQ로 재구성,[YouTube] 스파르타클럽 - 경력직 포트폴리오처럼 보이려면 이렇게 준비하시면 됩니다 (UXUI) | https://www.youtube.com/watch?v=bEciFBaGDTY | 해당 부분: 전체 총평(프로젝트 순서와 기승전결) 부분,"첫 프로젝트가 너무 진중해 임팩트가 약하므로 MVP 프로젝트를 먼저 두는 순서를 제안하고, 프로젝트 내 기승전결을 강조.",2026-10-02,초안,,하,priority 하: AI 제안 질문. | 수정일: 2026-10-02 (최초 수집),N,"포트폴리오 안에서 프로젝트 순서는 어떻게 정하나요?,포트폴리오 프로젝트 순서 어떻게 배치해?,포폴 프로젝트 순서 어케 배치해요?,포트폴리오 프로젝트 순서 배치,저는 포트폴리오에 프로젝트가 여러 개인데 순서를 어떻게 배치할까요?,포트폴리오 프로젝트 배치 순서 알려주세요,포폴 프로젝트 순서,취업용 포트폴리오에서 프로젝트 배치 순서는 어떻게 정하나요?,포트폴리오에서 가장 잘한 프로젝트를 맨 앞에 안 둬도 괜찮을까요?",포트폴리오 안에서 프로젝트 순서는 어떻게 정하나요?,포트폴리오 프로젝트 순서 어떻게 배치해?,포폴 프로젝트 순서 어케 배치해요?,포트폴리오 프로젝트 순서 배치,저는 포트폴리오에 프로젝트가 여러 개인데 순서를 어떻게 배치할까요?,포트폴리오 프로젝트 배치 순서 알려주세요,포폴 프로젝트 순서,취업용 포트폴리오에서 프로젝트 배치 순서는 어떻게 정하나요?,포트폴리오에서 가장 잘한 프로젝트를 맨 앞에 안 둬도 괜찮을까요?
68,68,C04-017,경험·포트폴리오,의료·보건,간호 실습에서 특별한 경험이 없는데 자소서 소재를 어떻게 찾나요?,특별해 보이지 않는 실습 경험도 그 안에서 무엇을 배웠고 어떤 간호사가 되고 싶은지로 풀어내면 좋은 소재가 된다는 현직 간호사 조언이 있습니다. 예를 들어 환자와 라포를 형성한 경험을 지원 병원·병동과 연결해 쓴 사례가 소개됩니다. 중요한 것은 사건의 크기가 아니라 환자 반응과 내 배움이 구체적으로 드러나는지입니다. 실습 중 기억에 남는 환자 한 명을 떠올려 상황-행동-반응-배운 점을 적어 보세요.,자료 조사,[YouTube 영상 내 시청자 질문/주제] https://www.youtube.com/watch?v=yMDne02E5Qw | 영상: 뚜이링의 일상 - 대학병원 출신 간호사가 말해주는 간호학과 취업 Q&A | 요지: '실습에서 무슨 경험을 자소서에 써야 할까요?' 질문,[YouTube] 뚜이링의 일상 - 대학병원 출신 간호사가 말해주는 간호학과 취업 Q&A | https://www.youtube.com/watch?v=yMDne02E5Qw | 해당 부분: 실습 경험 자소서 소재 답변 부분,간단한 실습 경험도 배운 점과 앞으로의 간호사상으로 풀어내면 좋은 소재가 되며 실제 합격 사례로 설명.,2026-10-02,확인 필요,,중,priority 중. | 수정일: 2026-10-02 (최초 수집),N,"간호 실습에서 특별한 일이 없었는데 자기소개서 소재는 어떻게 찾나요?,간호 실습 때 특별한 경험 없는데 자소서 소재 어떻게 찾아?,간호 실습 경험 평범한데 자소서 소재 어케 찾아요?,간호 실습 자소서 소재 찾기,저는 간호학과 학생인데 실습에서 특별한 경험이 없어서 자소서 소재를 못 찾겠어요 어떻게 하나요?,간호 실습 경험으로 자소서 소재 찾는 방법 알려주세요,간호 실습 소재,간호사 채용 자소서에 쓸 실습 경험 소재는 어떻게 찾나요?,간호 실습 경험이 평범해도 자소서에 써도 괜찮을까요?",간호 실습에서 특별한 일이 없었는데 자기소개서 소재는 어떻게 찾나요?,간호 실습 때 특별한 경험 없는데 자소서 소재 어떻게 찾아?,간호 실습 경험 평범한데 자소서 소재 어케 찾아요?,간호 실습 자소서 소재 찾기,저는 간호학과 학생인데 실습에서 특별한 경험이 없어서 자소서 소재를 못 찾겠어요 어떻게 하나요?,간호 실습 경험으로 자소서 소재 찾는 방법 알려주세요,간호 실습 소재,간호사 채용 자소서에 쓸 실습 경험 소재는 어떻게 찾나요?,간호 실습 경험이 평범해도 자소서에 써도 괜찮을까요?
69,69,C05-001,면접·인적성,공통,꼬리질문이 계속되면 머리가 하얘져요. 어떻게 대비하나요?,"꼬리질문은 지원동기나 경험이 얼마나 진정성 있고 깊은지 확인하려는 경우가 많습니다. 자소서에 쓴 것 말고 다른 이유는 없는지, 처음부터 이 직무를 원했는지처럼 계속 파고드는 패턴이 소개됩니다. 미리 내 경험과 지원 이유를 여러 각도에서 돌아봐 두면 압박 상황에서도 답이 나옵니다. 자소서 문항마다 '왜?'를 세 번 이어서 묻고 답해 보는 연습을 하세요.",자료 조사,[YouTube 댓글] https://www.youtube.com/watch?v=Bzs6UtcBwnk&lc=Ugz-VATvefmyoSLmf7l4AaABAg | 좋아요 1825 | 영상: 취업사이다 - 면접에서 면접관 눈 밖에 나는 답변 | 요지: 꼬리물기 질문을 받으면 머리가 하얘지고 순간 판단을 잘못할 수 있다는 공감,"[YouTube] 옴스잡스 - 2026하반기 채용트렌드 ""AI 그만 쓰고, 자기색깔/직무전문성 더 쌓아라"" | https://www.youtube.com/watch?v=ECbFAdC_n-w | 해당 부분: 트렌드④ 메타인지·자기 이해(변화구 질문, 집요한 꼬리질문 사례) 부분","꼬리질문은 지원동기의 진정성과 고민의 깊이를 확인하는 것이며, 자기 이해가 꼬리질문을 뚫는 열쇠라고 설명.",2026-10-02,확인 필요,,상,"priority 상: 좋아요 1,825로 면접 분야 최다 공감. | 수정일: 2026-10-02 (최초 수집)",N,"면접에서 꼬리 질문이 이어지면 당황하게 되는데 어떻게 대비하나요?,꼬리질문 계속 나오면 머리 하얘지는데 어떻게 대비해?,면접 꼬리질문 들어오면 멘붕 오는데 어케 대비해요?,면접 꼬리질문 대비법,저는 면접에서 꼬리질문이 계속되면 머리가 하얘지는데 어떻게 준비해야 할까요?,꼬리질문 대비하는 방법 알려주세요,꼬리질문 대비,채용 면접에서 꼬리질문에 대비하려면 어떻게 준비하나요?,꼬리질문에 제대로 답 못 하면 면접에서 불리할까요?",면접에서 꼬리 질문이 이어지면 당황하게 되는데 어떻게 대비하나요?,꼬리질문 계속 나오면 머리 하얘지는데 어떻게 대비해?,면접 꼬리질문 들어오면 멘붕 오는데 어케 대비해요?,면접 꼬리질문 대비법,저는 면접에서 꼬리질문이 계속되면 머리가 하얘지는데 어떻게 준비해야 할까요?,꼬리질문 대비하는 방법 알려주세요,꼬리질문 대비,채용 면접에서 꼬리질문에 대비하려면 어떻게 준비하나요?,꼬리질문에 제대로 답 못 하면 면접에서 불리할까요?
70,70,C05-002,면접·인적성,공통,다대다 면접처럼 답변 시간이 짧을 때는 어떻게 말해야 하나요?,"질문에 대한 결론을 첫 문장에 말하는 두괄식 답변이 핵심이라는 조언이 많습니다. 면접관은 근거보다 답 자체를 먼저 궁금해하므로, 결론 한 문장 뒤에 근거 2개 정도를 붙이면 충분합니다. 답변은 30초 안팎으로 짧게 유지하는 것이 좋습니다. 예상 질문마다 결론 한 문장부터 적고, 소리 내어 30초 안에 말하는 연습을 하세요.",자료 조사,[YouTube 댓글] https://www.youtube.com/watch?v=DPfQFF6wEq8&lc=UgzSvKbBdseq_5gmrqN4AaABAg | 좋아요 285 | 영상: 취업전략 - 면접 준비 방법 6단계 | 요지: 다대다 면접은 깊게 말할 시간이 없어 듣고 싶은 말을 빠르고 정확하게 하는 사람이 붙는다는 경험,"[YouTube] 취업전략 - 면접 준비 방법 6단계 | https://www.youtube.com/watch?v=DPfQFF6wEq8 | 해당 부분: 2단계 두괄식 한 문장 답변, 4단계 근거 추가(권장 30초) 부분",모든 질문에 두괄식 한 문장 답부터 쓰고 근거 2~3문장을 붙이며 답변 권장 시간은 30초라고 설명.,2026-10-02,확인 필요,,상,"priority 상: 좋아요 285, 합격 후기 댓글 다수. | 수정일: 2026-10-02 (최초 수집)",N,"다대다 면접처럼 말할 시간이 짧을 때는 답변을 어떻게 구성해야 하나요?,다대다 면접에서 답변 시간 짧으면 어떻게 말해?,다대다 면접 답변 시간 짧을 때 어케 말해요?,다대다 면접 짧은 답변 요령,저는 다대다 면접을 앞두고 있는데 답변 시간이 짧으면 어떻게 말해야 할까요?,다대다 면접에서 짧게 답변하는 방법 알려주세요,다대다 면접 답변,다대다 채용 면접에서 답변 시간이 짧을 때 말하는 요령이 있나요?,다대다 면접에서 답변을 길게 하면 불리할까요?",다대다 면접처럼 말할 시간이 짧을 때는 답변을 어떻게 구성해야 하나요?,다대다 면접에서 답변 시간 짧으면 어떻게 말해?,다대다 면접 답변 시간 짧을 때 어케 말해요?,다대다 면접 짧은 답변 요령,저는 다대다 면접을 앞두고 있는데 답변 시간이 짧으면 어떻게 말해야 할까요?,다대다 면접에서 짧게 답변하는 방법 알려주세요,다대다 면접 답변,다대다 채용 면접에서 답변 시간이 짧을 때 말하는 요령이 있나요?,다대다 면접에서 답변을 길게 하면 불리할까요?
71,71,C05-003,면접·인적성,공통,준비 안 된 질문이 나오면 어떻게 하나요?,모르는 질문에 장황하게 돌려 말하면 오히려 탈락하는 경우가 많다는 합격자 후기가 반복됩니다. 아는 범위와 판단 근거를 솔직하게 짧게 설명하는 태도가 더 좋은 평가를 받았다는 현직자 경험도 있습니다. 평소 예상 질문을 넓게 준비해 두면 이런 상황 자체를 줄일 수 있습니다. 기출·자소서 연계·빈출 질문으로 30~50개 목록을 만들어 두세요.,자료 조사,[YouTube 댓글] https://www.youtube.com/watch?v=DPfQFF6wEq8&lc=Ugxnrxm998eLU5gYjyh4AaABAg | 좋아요 79 | 영상: 취업전략 - 면접 준비 방법 6단계 | 요지: 준비 안 된 질문에서 장황하게 동문서답하면 대부분 탈락한다는 대기업 최종 합격 후기,"[YouTube] LG전자 채용 - SCM 취준, 이것부터 준비해 | https://www.youtube.com/watch?v=chDO_d91TRo | 해당 부분: '모르는 질문은 억지로 답하기보다 아는 범위와 근거를 솔직하게' 답변 부분",SCM 현직자는 모르는 질문에 아는 범위와 판단 근거를 솔직하게 설명했던 것이 좋은 평가를 받은 이유라고 설명.,2026-10-02,확인 필요,,상,priority 상. | 수정일: 2026-10-02 (최초 수집),N,"예상하지 못한 면접 질문을 받으면 어떻게 대처하나요?,준비 안 한 질문 나오면 어떻게 해?,면접에서 모르는 질문 나오면 어케 해요?,면접 예상 못한 질문 대처,저는 면접에서 준비 안 된 질문이 나올까 봐 걱정인데 어떻게 대처해야 하나요?,준비 안 된 면접 질문 대처법 알려주세요,모르는 질문 대처,채용 면접에서 준비하지 못한 질문이 나오면 어떻게 답하나요?,면접에서 모른다고 솔직하게 말해도 괜찮을까요?",예상하지 못한 면접 질문을 받으면 어떻게 대처하나요?,준비 안 한 질문 나오면 어떻게 해?,면접에서 모르는 질문 나오면 어케 해요?,면접 예상 못한 질문 대처,저는 면접에서 준비 안 된 질문이 나올까 봐 걱정인데 어떻게 대처해야 하나요?,준비 안 된 면접 질문 대처법 알려주세요,모르는 질문 대처,채용 면접에서 준비하지 못한 질문이 나오면 어떻게 답하나요?,면접에서 모른다고 솔직하게 말해도 괜찮을까요?
72,72,C05-004,면접·인적성,공통,면접에서 공백기에 대해 물으면 어떻게 답하나요?,"면접관은 공백기 자체보다 그 기간을 의미 있게 보냈는지, 지원 직무와 이야기가 일관되는지를 본다는 설명이 있습니다. 직무와 관련된 공부·자격증·교육·아르바이트는 공백이 아니라 준비 과정으로 설명할 수 있습니다. 건강 등 개인 사정은 현재 업무에 지장이 없다는 점을 짧게 말하고 이후 준비한 내용으로 넘어가는 편이 좋습니다. 공백 기간에 한 일과 배운 점을 30초 답변으로 정리해 두세요.",자료 조사,[YouTube 댓글] https://www.youtube.com/watch?v=VQmAnqT482g&lc=Ugytu5DYLZz1TyJ1ZSp4AaABAg | 좋아요 27 | 영상: 면접왕 이형 - 공백기에 대한 면접관의 속마음 | 이미 생긴 공백기 대처법 | 요지: 수술·회복으로 생긴 공백을 건강 이슈로 보일까 봐 말할 수 없다는 고민,"[YouTube] 면접왕 이형 - 공백기에 대한 면접관의 속마음 | 이미 생긴 공백기 대처법 | https://www.youtube.com/watch?v=VQmAnqT482g | 해당 부분: 기업이 공백기를 보는 관점(일관성·의미 유무, 합불 영향 5~10%) 부분","공백기 자체에는 생각보다 관심이 없고 일관성이 깨질 때와 의미 유무를 보며, 합불 영향은 크지 않다는 개인 견해를 제시.",2026-10-02,확인 필요,,상,priority 상: 공백기 관련 댓글 다수. 건강 사유 답변 부분은 근거 보강 필요. | 수정일: 2026-10-02 (최초 수집),N,"면접관이 공백 기간에 대해 질문하면 어떻게 대답해야 하나요?,면접에서 공백기 물어보면 뭐라고 답해?,면접 공백기 질문 어케 답해요?,면접 공백기 질문 답변,저는 졸업 후 공백기가 있는데 면접에서 물어보면 어떻게 답해야 할까요?,면접 공백기 질문 답변 방법 알려주세요,공백기 질문,채용 면접에서 취업 공백기를 물으면 어떻게 설명하나요?,공백기가 있으면 면접에서 불리할까요?",면접관이 공백 기간에 대해 질문하면 어떻게 대답해야 하나요?,면접에서 공백기 물어보면 뭐라고 답해?,면접 공백기 질문 어케 답해요?,면접 공백기 질문 답변,저는 졸업 후 공백기가 있는데 면접에서 물어보면 어떻게 답해야 할까요?,면접 공백기 질문 답변 방법 알려주세요,공백기 질문,채용 면접에서 취업 공백기를 물으면 어떻게 설명하나요?,공백기가 있으면 면접에서 불리할까요?
73,73,C05-005,면접·인적성,공통,AI 면접은 시선·표정·조명까지 신경 써야 하나요?,"솔루션 개발사 관계자는 눈동자를 고정하거나 계속 웃을 필요는 없고, 대면 면접처럼 자연스럽게 하면 된다고 설명했습니다. 조명은 얼굴이 보일 정도면 충분하고, 답변 시간은 너무 짧지 않게 적절히 쓰는 것이 좋다고 합니다. 답변 내용을 평가하는지는 솔루션마다 다르므로 질문 의도에 맞게 답하는 것이 안전합니다. 연습용 AI 분석 결과는 참고용으로만 보고, 실제처럼 녹화해 말투와 답변 길이를 점검하세요.",자료 조사,"[YouTube 영상 내 시청자 질문/주제] https://www.youtube.com/watch?v=HcxPObEfmek | 영상: 스튜디오 경향 - 이젠 안 보는 기업이 없다는데 AI 면접의 모든 것 | 요지: AI 면접에 대한 취준생 소문(시선, 조명, 내용 평가)을 팩트체크","[YouTube] 스튜디오 경향 - 이젠 안 보는 기업이 없다는데 AI 면접의 모든 것 | https://www.youtube.com/watch?v=HcxPObEfmek | 해당 부분: 팩트체크①~③(눈동자, 조명, 답변 내용 평가) 부분","개발사 관계자는 시선·미소 강박은 필요 없고 조명은 얼굴이 보일 정도, 내용 평가 여부는 솔루션별로 다르다고 설명.",2026-10-02,확인 필요,,상,priority 상: AI 면접 도입 확대. | 수정일: 2026-10-02 (최초 수집),N,"AI 면접에서는 눈빛이나 표정 그리고 조명까지 신경 써야 하나요?,AI 면접 시선이랑 표정 조명까지 신경 써야 돼?,AI 면접 볼 때 시선 처리 표정 조명 머까지 신경 써요?,AI 면접 시선 표정 조명,저는 AI 면접을 앞두고 있는데 시선이나 표정 조명까지 신경 써야 할까요?,AI 면접 시선 표정 조명 준비 방법 알려주세요,AI 면접 조명,채용 AI 면접에서 시선과 표정 조명이 평가에 영향을 주나요?,AI 면접에서 시선이 흔들리면 불리할까요?",AI 면접에서는 눈빛이나 표정 그리고 조명까지 신경 써야 하나요?,AI 면접 시선이랑 표정 조명까지 신경 써야 돼?,AI 면접 볼 때 시선 처리 표정 조명 머까지 신경 써요?,AI 면접 시선 표정 조명,저는 AI 면접을 앞두고 있는데 시선이나 표정 조명까지 신경 써야 할까요?,AI 면접 시선 표정 조명 준비 방법 알려주세요,AI 면접 조명,채용 AI 면접에서 시선과 표정 조명이 평가에 영향을 주나요?,AI 면접에서 시선이 흔들리면 불리할까요?
74,74,C05-006,면접·인적성,공통,"대기업 인적성(GSAT·SKCT)은 언제부터, 어떻게 준비하나요?","합격 경험자들은 시험 약 두 달 전부터 유형 분석을 시작하고, 시험 2~3주 전부터 모의고사로 감을 끌어올리는 방식을 소개합니다. 한 문제당 제한 시간을 정해 풀고 오답 노트를 간단히라도 꾸준히 쓰는 것이 핵심이라는 조언입니다. 인적성은 새로운 것을 배우기보다 수능처럼 유형을 반복하는 시험이라는 시각도 있습니다. 인성 검사도 일관성이 중요하니 가볍게 넘기지 말고, 지원 기업의 시험 유형부터 확인하세요.",자료 조사,[YouTube 영상 내 시청자 질문/주제] https://www.youtube.com/watch?v=_684DhOGWG0 | 영상: 과부하토끼 - 대기업 인적성 준비 방법 | 요지: 인적성 시즌에 준비 일정·교재·시간 단축법을 정리한 영상(서류 마감 후 인적성 준비 수요),"[YouTube] 과부하토끼 - 대기업 인적성 준비 방법 | https://www.youtube.com/watch?v=_684DhOGWG0 | 해당 부분: 시기별 준비 일정(2달 전 유형 분석, 한 달 전 모의고사), 오답 노트 부분","두 달 전 GSAT 기반 유형 분석, 문제당 시간 제한 연습, 마지막 2~3주 모의고사, 오답 노트 작성을 권장. 다른 영상(ujIdrYfA1-Q)은 인성 검사 일관성 중요성 강조.",2026-10-02,확인 필요,,상,priority 상: 대기업 지원자 공통. | 수정일: 2026-10-02 (최초 수집),N,"대기업 적성검사인 GSAT이나 SKCT는 언제부터 어떤 방식으로 준비하나요?,대기업 인적성 GSAT SKCT 언제부터 어떻게 준비해?,대기업 인적성 GSAT SKCT 취준 언제부터 어케 해요?,대기업 인적성 GSAT SKCT 준비 시기 방법,저는 대기업 공채를 준비하는데 GSAT이나 SKCT는 언제부터 공부해야 할까요?,대기업 인적성 GSAT SKCT 준비 방법 정리해 주세요,GSAT SKCT 준비,대기업 인적성 GSAT SKCT 시험 준비 기간은 얼마나 잡나요?,대기업 인적성 GSAT SKCT를 한 달 전부터 준비해도 괜찮을까요?",대기업 적성검사인 GSAT이나 SKCT는 언제부터 어떤 방식으로 준비하나요?,대기업 인적성 GSAT SKCT 언제부터 어떻게 준비해?,대기업 인적성 GSAT SKCT 취준 언제부터 어케 해요?,대기업 인적성 GSAT SKCT 준비 시기 방법,저는 대기업 공채를 준비하는데 GSAT이나 SKCT는 언제부터 공부해야 할까요?,대기업 인적성 GSAT SKCT 준비 방법 정리해 주세요,GSAT SKCT 준비,대기업 인적성 GSAT SKCT 시험 준비 기간은 얼마나 잡나요?,대기업 인적성 GSAT SKCT를 한 달 전부터 준비해도 괜찮을까요?
75,75,C05-007,면접·인적성,공통,면접에서 '~한 것 같습니다'라고 말하면 안 되나요?,"자기 경험을 말하면서 '~한 것 같습니다'를 쓰면 확신이 없어 보이고 앞선 내용의 신뢰도가 떨어진다는 지적이 많습니다. 면접 답변은 두괄식으로 결론을 분명하게 말하는 것이 좋습니다. 다만 모르는 내용을 단정하라는 뜻은 아니며, 추측과 사실을 구분해 말하면 됩니다. 녹음해서 들어 보고 습관적인 '같습니다'를 '했습니다/생각합니다'로 바꾸는 연습을 하세요.",자료 조사,[YouTube 댓글] https://www.youtube.com/watch?v=u2SDGZoVRP0&lc=UgxLV3tyFOWudaIXqx54AaABAg | 좋아요 28 | 영상: 취업사이다 - 서류 광탈 원인이 스펙 문제...? (합격클리닉) | 요지: '~한 것 같습니다'라고 답하면 확신이 없어 보여 신빙성이 떨어진다는 지적,[YouTube] 취업전략 - 면접 준비 방법 6단계 | https://www.youtube.com/watch?v=DPfQFF6wEq8 | 해당 부분: 두괄식 답변(질문에 대한 답을 첫 문장에 명확히) 부분,질문에 대한 답을 첫 문장에서 명확하게 제시하는 것이 비즈니스 커뮤니케이션의 핵심이라고 설명.,2026-10-02,확인 필요,,중,priority 중. | 수정일: 2026-10-02 (최초 수집),N,"면접 답변에서 ~한 것 같습니다라는 표현을 써도 되나요?,면접에서 ~한 것 같습니다 말하면 안 돼?,면접 때 ~한 것 같습니다 말투 쓰면 감점임?,면접 ~한 것 같습니다 표현,저는 말끝마다 ~한 것 같습니다를 붙이는 습관이 있는데 면접에서 어떻게 고치나요?,면접에서 ~한 것 같습니다 대신 쓸 표현 알려주세요,것 같습니다 면접,채용 면접 답변에서 ~한 것 같습니다 표현은 어떻게 보이나요?,면접에서 ~한 것 같습니다라고 하면 불리할까요?",면접 답변에서 ~한 것 같습니다라는 표현을 써도 되나요?,면접에서 ~한 것 같습니다 말하면 안 돼?,면접 때 ~한 것 같습니다 말투 쓰면 감점임?,면접 ~한 것 같습니다 표현,저는 말끝마다 ~한 것 같습니다를 붙이는 습관이 있는데 면접에서 어떻게 고치나요?,면접에서 ~한 것 같습니다 대신 쓸 표현 알려주세요,것 같습니다 면접,채용 면접 답변에서 ~한 것 같습니다 표현은 어떻게 보이나요?,면접에서 ~한 것 같습니다라고 하면 불리할까요?
76,76,C05-008,면접·인적성,연구·엔지니어링·제조기술,"엔지니어 직무 면접은 경험을 깊게 파나요, 넓게 묻나요?","깊게 준비해 갔지만 실제로는 얇고 넓게 지원자를 파악하려는 질문이 많았다는 반도체 합격자 경험이 있습니다. 1분 자기소개에서 꺼낸 경험으로 질문이 이어지는 경우가 많아, 자기소개를 면접의 방향을 정하는 출발점으로 활용할 수 있습니다. 다만 PT 면접이 있는 기업은 발표 내용을 중심으로 질문이 진행되기도 합니다. 1분 자기소개에 넣을 핵심 경험 2개를 정하고, 각각에서 나올 질문을 미리 뽑아 보세요.",자료 조사,[YouTube 영상 내 시청자 질문/주제] https://www.youtube.com/watch?v=C6xsb3kETb8 | 영상: 반도체 양산기술 취업 전략 - 공백기 뿌시고 ASML·SK하이닉스 동시 합격자 인터뷰 | 요지: '예상 문제와 실제 질문에 차이가 있었나'라는 인터뷰 질문,"[YouTube] 반도체 양산기술 취업 전략 - 공백기 뿌시고 ASML·SK하이닉스 동시 합격자 인터뷰 | https://www.youtube.com/watch?v=C6xsb3kETb8 | 해당 부분: 예상 질문과 실제 질문 차이, 1분 자기소개 이후 질문 흐름 답변 부분","경험을 깊게 준비했지만 실제로는 얇고 넓게 파악하려 했고, 1분 자기소개에서 나온 경험으로 질문이 퍼져 나갔다고 설명.",2026-10-02,확인 필요,,중,priority 중. | 수정일: 2026-10-02 (최초 수집),N,"엔지니어 직무 면접에서는 경험을 깊이 파고드나요 아니면 폭넓게 묻나요?,엔지니어 면접은 경험 깊게 파 아니면 넓게 물어?,엔지니어 직무 면접관 질문 깊게 들어옴 넓게 들어옴?,엔지니어 직무 면접 질문 깊이 범위,저는 엔지니어 직무 면접을 앞두고 있는데 경험을 깊게 준비해야 할까요 넓게 준비해야 할까요?,엔지니어 직무 면접 질문 스타일 알려주세요,엔지니어 면접 깊이,엔지니어 직무 면접에서 지원자 경험은 어느 정도 깊이로 묻나요?,엔지니어 직무 면접을 한 경험만 깊게 준비해도 괜찮을까요?",엔지니어 직무 면접에서는 경험을 깊이 파고드나요 아니면 폭넓게 묻나요?,엔지니어 면접은 경험 깊게 파 아니면 넓게 물어?,엔지니어 직무 면접관 질문 깊게 들어옴 넓게 들어옴?,엔지니어 직무 면접 질문 깊이 범위,저는 엔지니어 직무 면접을 앞두고 있는데 경험을 깊게 준비해야 할까요 넓게 준비해야 할까요?,엔지니어 직무 면접 질문 스타일 알려주세요,엔지니어 면접 깊이,엔지니어 직무 면접에서 지원자 경험은 어느 정도 깊이로 묻나요?,엔지니어 직무 면접을 한 경험만 깊게 준비해도 괜찮을까요?
77,77,C05-009,면접·인적성,연구·엔지니어링·제조기술,SK하이닉스 지원 예정인데 SKCT는 서류 발표 후 준비해도 되나요?,서류 결과가 나온 뒤 준비하면 일정이 매우 빠듯하다는 합격자 경험이 있습니다. 실제 합격자는 공고 사이 빈 기간에 서류 결과와 상관없이 SKCT를 계속 풀었다고 말했습니다. SKCT는 문제당 시간 제한이 있어 다른 인적성 대비에도 도움이 된다는 의견도 있습니다. 목표 기업이 정해졌다면 해당 인적성 교재를 미리 1회 풀어 두세요.,자료 조사,[YouTube 영상 내 시청자 질문/주제] https://www.youtube.com/watch?v=C6xsb3kETb8 | 영상: 반도체 양산기술 취업 전략 - 공백기 뿌시고 ASML·SK하이닉스 동시 합격자 인터뷰 | 요지: 공백기 동안 무엇을 했는지 묻는 인터뷰 질문,[YouTube] 반도체 양산기술 취업 전략 - 공백기 뿌시고 ASML·SK하이닉스 동시 합격자 인터뷰 | https://www.youtube.com/watch?v=C6xsb3kETb8 | 해당 부분: '서류가 붙지 않았는데도 SKCT를 계속 풀었나' 질문 답변 부분,서류 결과 후 준비하면 일정이 빡빡해 공고 사이 빈 기간에 SKCT를 꾸준히 풀었다고 답함.,2026-10-02,확인 필요,,중,priority 중. | 수정일: 2026-10-02 (최초 수집),N,"SK하이닉스에 지원하려는데 SKCT 공부는 서류 결과 나온 뒤 시작해도 되나요?,SK하이닉스 SKCT 서류 발표 나고 준비해도 돼?,하이닉스 SKCT 서합 뜨고 준비해도 됨?,SK하이닉스 SKCT 준비 시기,저는 SK하이닉스에 지원할 예정인데 SKCT를 서류 발표 후에 준비해도 될까요?,SK하이닉스 SKCT 준비 일정 알려주세요,하이닉스 SKCT 시기,SK하이닉스 서류 전형 발표 후 SKCT 준비 기간이 충분한가요?,SK하이닉스 SKCT를 서류 결과 보고 준비하면 늦을까요?",SK하이닉스에 지원하려는데 SKCT 공부는 서류 결과 나온 뒤 시작해도 되나요?,SK하이닉스 SKCT 서류 발표 나고 준비해도 돼?,하이닉스 SKCT 서합 뜨고 준비해도 됨?,SK하이닉스 SKCT 준비 시기,저는 SK하이닉스에 지원할 예정인데 SKCT를 서류 발표 후에 준비해도 될까요?,SK하이닉스 SKCT 준비 일정 알려주세요,하이닉스 SKCT 시기,SK하이닉스 서류 전형 발표 후 SKCT 준비 기간이 충분한가요?,SK하이닉스 SKCT를 서류 결과 보고 준비하면 늦을까요?
78,78,C05-010,면접·인적성,IT·개발·데이터,개발자 면접에서 'AI를 어떻게 활용하나요?'라고 물으면 어떻게 답하나요?,"최근 개발자 면접에서 AI 활용 경험을 거의 항상 묻는다는 경험담이 있습니다. AI 활용은 가점 요소지만, 결국 AI를 잘 쓰려면 개발 기본기가 필요하다는 현직자 의견도 함께 나옵니다. 어떤 도구를 쓰는지보다, 요구사항을 어떻게 전달하고 결과를 어떻게 검증했는지 구체적으로 말하는 것이 좋습니다. 최근 프로젝트에서 AI를 쓴 장면 하나를 골라 '목표-지시-검증-수정' 순서로 정리해 두세요.",자료 조사,"[YouTube 영상 내 시청자 질문/주제] https://www.youtube.com/watch?v=f_kN5j7KSwk | 영상: 딩코딩코 - 5개 기업 동시 합격한 개발자 이력서, 비포/애프터 전부 공개 | 요지: 면접에서 공통으로 받은 질문(AI 활용 정도와 도구)","[YouTube] 딩코딩코 - 5개 기업 동시 합격한 개발자 이력서, 비포/애프터 전부 공개 | https://www.youtube.com/watch?v=f_kN5j7KSwk | 해당 부분: 면접 공통 질문 'AI를 어느 정도 활용하고 어떤 도구를 쓰나요' 부분","AI 활용 질문은 어디서든 나왔고, 가점은 되지만 AI를 잘 쓰려면 개발을 잘해야 한다고 설명. 넥슨 영상은 요구사항 전달·검증 과정을 강조.",2026-10-02,확인 필요,,상,priority 상. | 수정일: 2026-10-02 (최초 수집),N,"개발자 면접에서 AI 활용 방법을 질문하면 어떻게 대답해야 하나요?,개발자 면접에서 AI 어떻게 쓰냐고 물으면 뭐라고 해?,개발자 면접 AI 활용 질문 어케 답해요?,개발자 면접 AI 활용 질문 답변,저는 개발자 면접을 앞두고 있는데 AI 활용을 물으면 어떻게 답해야 할까요?,개발자 면접 AI 활용 질문 답변법 알려주세요,개발자 AI 활용 질문,개발자 채용 면접에서 AI 도구 활용 경험은 어떻게 설명하나요?,개발자 면접에서 AI를 많이 쓴다고 답하면 불리할까요?",개발자 면접에서 AI 활용 방법을 질문하면 어떻게 대답해야 하나요?,개발자 면접에서 AI 어떻게 쓰냐고 물으면 뭐라고 해?,개발자 면접 AI 활용 질문 어케 답해요?,개발자 면접 AI 활용 질문 답변,저는 개발자 면접을 앞두고 있는데 AI 활용을 물으면 어떻게 답해야 할까요?,개발자 면접 AI 활용 질문 답변법 알려주세요,개발자 AI 활용 질문,개발자 채용 면접에서 AI 도구 활용 경험은 어떻게 설명하나요?,개발자 면접에서 AI를 많이 쓴다고 답하면 불리할까요?
79,79,C05-011,면접·인적성,IT·개발·데이터,AI 활용 역량 평가에서는 무엇을 보나요?,"AI 활용 역량 평가를 도입한 기업은 문제를 먼저 정확히 파악하고, 해결 순서를 구조화하고, AI로 결과를 내는 과정 전체를 본다고 밝혔습니다. AI에게 '알아서 해줘'라고 맡기기보다 목표와 방향을 명확히 전달하고 AI가 이해한 내용을 계속 검증하는 방식이 좋은 결과를 냈다고 합니다. 새로운 것을 빠르게 배우는 학습력도 평가 요소로 언급됩니다. 작은 과제를 AI와 함께 풀면서 내 지시문과 검증 과정을 기록해 보세요.",자료 조사,"[YouTube 영상 내 시청자 질문/주제] https://www.youtube.com/watch?v=--JaHGmO0J0 | 영상: 넥슨태그 - AI 시대, 넥슨은 어떤 프로그래머를 찾고 있을까? | 요지: 'AI 활용 역량 평가'가 어떤 평가인지 묻는 질문","[YouTube] 넥슨태그 - AI 시대, 넥슨은 어떤 프로그래머를 찾고 있을까? | https://www.youtube.com/watch?v=--JaHGmO0J0 | 해당 부분: AI 활용 역량 평가 설명과 대회 참가자 사례 부분","문제 파악·구조화·결과를 평가하며, AI에 목표를 이해시키고 검증하며 푸는 팀이 좋은 성과를 냈고 학습력을 보고 싶다고 설명.",2026-10-02,확인 필요,,중,priority 중: 특정 기업(넥슨) 사례. | 수정일: 2026-10-02 (최초 수집),N,"AI 활용 능력 평가에서는 어떤 부분을 평가하나요?,AI 활용 역량 평가는 뭘 봐?,AI 활용 역량 평가 머 보는 거예요?,AI 활용 역량 평가 기준,저는 AI 활용 역량 평가가 있는 전형에 지원했는데 무엇을 보는지 궁금해요,AI 활용 역량 평가 기준 알려주세요,AI 역량 평가,채용 전형의 AI 활용 역량 평가에서는 어떤 과정을 평가하나요?,AI 활용 역량 평가에서 AI에게 다 맡기면 불리할까요?",AI 활용 능력 평가에서는 어떤 부분을 평가하나요?,AI 활용 역량 평가는 뭘 봐?,AI 활용 역량 평가 머 보는 거예요?,AI 활용 역량 평가 기준,저는 AI 활용 역량 평가가 있는 전형에 지원했는데 무엇을 보는지 궁금해요,AI 활용 역량 평가 기준 알려주세요,AI 역량 평가,채용 전형의 AI 활용 역량 평가에서는 어떤 과정을 평가하나요?,AI 활용 역량 평가에서 AI에게 다 맡기면 불리할까요?
80,80,C05-012,면접·인적성,영업·마케팅,영업 면접에서 '원래 마케팅을 하고 싶었던 것 아니냐'는 질문을 받으면?,"면접관은 다른 직무를 준비하다 영업으로 지원한 지원자를 '붙으면 다른 직무로 옮길 사람'으로 볼 수 있다는 지적이 있습니다. 그래서 영업을 선택한 이유를 경험 기반으로 설명할 수 있어야 합니다. 고객과 직접 만나 성과를 내는 일에 끌린 계기, 영업을 통해 쌓고 싶은 커리어를 구체적으로 말하는 것이 좋습니다. 영업 지원 이유를 결론 한 문장 + 경험 근거 2개로 정리해 두세요.",AI 제안,[AI 제안] 직접 수집된 질문 아님. 선정 이유: 영상에서 면접관이 직무 전환 지원자를 어떻게 볼지 설명한 부분을 면접 질문으로 재구성,"[YouTube] 영업취업랩 - 문과 취업 현실, 영업직이 답인 이유 | https://www.youtube.com/watch?v=KpwOO0Vj8M0 | 해당 부분: '나중에 영업으로 틀면' 면접관 시각 설명 부분",다른 직무를 준비하다 영업으로 오면 면접관이 원래 영업을 원한 사람이 아니라고 볼 수 있다고 설명.,2026-10-02,초안,,중,priority 중: AI 제안 질문. | 수정일: 2026-10-02 (최초 수집),N,"영업 면접에서 사실 마케팅을 원했던 것 아니냐는 질문을 받으면 어떻게 답하나요?,영업 면접에서 원래 마케팅 하고 싶었던 거 아니냐고 물으면 뭐라고 해?,영업 면접관이 원래 마케팅 원한 거 아니냐고 하면 어케 답해요?,영업 면접 마케팅 지원 의심 질문,저는 마케팅을 준비하다 영업에 지원했는데 면접에서 원래 마케팅 하고 싶었냐는 질문을 받으면 어떻게 답할까요?,영업 면접 원래 마케팅 질문 대응법 알려주세요,영업 면접 마케팅 질문,영업 직무 면접에서 마케팅 직무 준비 이력을 물으면 어떻게 설명하나요?,영업 면접에서 마케팅을 준비했던 게 드러나면 불리할까요?",영업 면접에서 사실 마케팅을 원했던 것 아니냐는 질문을 받으면 어떻게 답하나요?,영업 면접에서 원래 마케팅 하고 싶었던 거 아니냐고 물으면 뭐라고 해?,영업 면접관이 원래 마케팅 원한 거 아니냐고 하면 어케 답해요?,영업 면접 마케팅 지원 의심 질문,저는 마케팅을 준비하다 영업에 지원했는데 면접에서 원래 마케팅 하고 싶었냐는 질문을 받으면 어떻게 답할까요?,영업 면접 원래 마케팅 질문 대응법 알려주세요,영업 면접 마케팅 질문,영업 직무 면접에서 마케팅 직무 준비 이력을 물으면 어떻게 설명하나요?,영업 면접에서 마케팅을 준비했던 게 드러나면 불리할까요?
81,81,C05-013,면접·인적성,금융·회계,금융권 면접은 어떤 유형으로 진행되나요?,"금융권은 다대다 면접, PT 면접, 상품을 판매해 보는 세일즈 면접, 팀 활동 면접, 임원 면접 등 유형이 다양하다는 설명이 있습니다. 최근에는 지원자 간 협동을 요구하는 면접과 1박 2일 합숙 면접을 도입하는 곳도 늘고 있다고 합니다. 답변에서는 이론 지식보다 고객을 위해 준비한 노력을 보여 주라는 조언입니다. 토론·PT는 스터디로 연습하거나, 혼자라면 찬반 논거를 3개씩 준비하고 PT를 녹화해 점검하세요.",자료 조사,[YouTube 영상 내 시청자 질문/주제] https://www.youtube.com/watch?v=HlJjh1IQcRU | 영상: 해커스잡·공기업 - 금융공기업·은행·금융권 스펙부터 면접까지 준비방법 총정리 | 요지: '금융권 면접 전형이 어떻게 구성돼 있는지' 질문,"[YouTube] 해커스잡·공기업 - 금융공기업·은행·금융권 스펙부터 면접까지 준비방법 총정리 | https://www.youtube.com/watch?v=HlJjh1IQcRU | 해당 부분: 금융권 면접 전형 종류와 최근 특징(협동 면접, 1박 2일) 부분","다대다·PT·세일즈·팀활동·임원 면접으로 진행되며, 협동 요구 면접과 1박 2일 면접이 늘고 있다고 설명.",2026-10-02,확인 필요,,중,priority 중. | 수정일: 2026-10-02 (최초 수집),N,"금융권 면접은 어떤 방식으로 치러지나요?,금융권 면접은 어떤 식으로 봐?,금융권 면접 유형 어케 나뉘어요?,금융권 면접 유형 종류,저는 금융권 취업을 준비하는 취준생인데 면접이 어떤 유형으로 진행되나요?,금융권 면접 유형 좀 정리해 주세요,금융권 면접 형식,금융권 채용 면접 전형에는 어떤 유형이 있나요?,금융권 면접 유형을 모르고 가도 괜찮을까요?",금융권 면접은 어떤 방식으로 치러지나요?,금융권 면접은 어떤 식으로 봐?,금융권 면접 유형 어케 나뉘어요?,금융권 면접 유형 종류,저는 금융권 취업을 준비하는 취준생인데 면접이 어떤 유형으로 진행되나요?,금융권 면접 유형 좀 정리해 주세요,금융권 면접 형식,금융권 채용 면접 전형에는 어떤 유형이 있나요?,금융권 면접 유형을 모르고 가도 괜찮을까요?
82,82,C05-014,면접·인적성,생산·물류·서비스,물류 직무 면접에서는 어떤 역량을 확인하나요?,물류 현직자들은 고객사·협력사·현장 직원과 함께 프로세스를 만드는 일이라 커뮤니케이션과 분석 능력을 가장 중요하게 꼽습니다. 예상치 못한 이슈가 많아 원인을 빠르게 분석하고 대응 방안을 세우는 능력도 강조됩니다. 면접에서는 이런 상황에서 어떻게 대응했는지를 경험으로 보여 주는 것이 좋습니다. 갑작스러운 문제를 해결했던 경험을 '원인 분석-대응-재발 방지' 순서로 정리해 두세요.,자료 조사,[YouTube 영상 내 시청자 질문/주제] https://www.youtube.com/watch?v=ZjVujh7GlVk | 영상: 롯데글로벌로지스 - JOB터뷰 유통물류 직무 편 | 요지: 유통물류 현직자에게 필요한 역량을 묻는 직무 인터뷰,[YouTube] 롯데글로벌로지스 - JOB터뷰 유통물류 직무 편 | https://www.youtube.com/watch?v=ZjVujh7GlVk | 해당 부분: 가장 중요한 요소(커뮤니케이션·분석 능력)와 이슈 대응 방법 답변 부분,"물류 운영은 여러 이해관계자와 함께하므로 커뮤니케이션이 가장 중요하고, 이슈 발생 시 원인 분석과 사전 대응 계획이 중요하다고 설명.",2026-10-02,확인 필요,,중,priority 중: 기업 공식 채널 근거. | 수정일: 2026-10-02 (최초 수집),N,"물류 직무 면접에서는 어떤 능력을 평가하나요?,물류 직무 면접에선 뭘 보는 거야?,물류 직무 면접관은 머 보는지 궁금해요,물류 직무 면접 평가 역량,저는 물류 직무 면접을 앞두고 있는데 어떤 역량을 보는지 궁금합니다,물류 직무 면접에서 보는 역량 좀 알려줘,물류 면접 역량,물류 직무 채용 면접에서 중점적으로 확인하는 역량은 무엇인가요?,물류 직무 면접에서 원하는 역량을 못 보여주면 불리할까요?",물류 직무 면접에서는 어떤 능력을 평가하나요?,물류 직무 면접에선 뭘 보는 거야?,물류 직무 면접관은 머 보는지 궁금해요,물류 직무 면접 평가 역량,저는 물류 직무 면접을 앞두고 있는데 어떤 역량을 보는지 궁금합니다,물류 직무 면접에서 보는 역량 좀 알려줘,물류 면접 역량,물류 직무 채용 면접에서 중점적으로 확인하는 역량은 무엇인가요?,물류 직무 면접에서 원하는 역량을 못 보여주면 불리할까요?
83,83,C05-015,면접·인적성,교육·공공·사회서비스,"공기업 면접 준비는 언제부터, 어떻게 시작하나요?","필기 합격 후에 시작하면 늦을 수 있어, 전공을 한 번 정도 공부하고 문제 풀이에 들어간 시점부터 일주일에 2~3시간씩 꾸준히 준비하라는 조언이 있습니다. 공통 질문이 많은 인성 면접과 상황 면접 위주로 준비하는 것이 효율적이라고 합니다. 답을 외우기보다 내가 어떤 생각을 하고 있는지 정리하는 것이 중요하다는 설명입니다. 스터디나 거울 연습으로 표정과 말투를 점검해 보세요.",자료 조사,[YouTube 영상 내 시청자 질문/주제] https://www.youtube.com/watch?v=qpS3AxXUI1M | 영상: 해커스잡·공기업 - 인턴 안하면 공기업 합격 못 하나요? 공기업 준비 Q&A | 요지: '면접 준비는 언제쯤 시작해야 하는지' 질문,[YouTube] 해커스잡·공기업 - 인턴 안하면 공기업 합격 못 하나요? 공기업 준비 Q&A | https://www.youtube.com/watch?v=qpS3AxXUI1M | 해당 부분: 면접 준비 시작 시점과 방법 답변 부분,"전공 1회독 후 문제 풀이 단계부터 주 2~3시간씩, 인성·상황 면접 위주로 준비하고 거울 연습을 추천.",2026-10-02,확인 필요,,중,priority 중. | 수정일: 2026-10-02 (최초 수집),N,"공기업 면접 대비는 언제부터 어떤 방식으로 시작하면 되나요?,공기업 면접 준비 언제부터 어떻게 해?,공기업 면접 준비 언제부터 어케 시작해요?,공기업 면접 준비 시작 시기 방법,저는 공기업 취준생인데 면접 준비를 언제부터 어떻게 시작해야 할까요?,공기업 면접 준비 시작 시기랑 방법 알려주세요,공기업 면접 언제부터,공기업 채용 면접 준비는 어느 시점에 어떤 방법으로 시작하나요?,공기업 면접 준비를 필기 합격 후에 시작해도 괜찮을까요?",공기업 면접 대비는 언제부터 어떤 방식으로 시작하면 되나요?,공기업 면접 준비 언제부터 어떻게 해?,공기업 면접 준비 언제부터 어케 시작해요?,공기업 면접 준비 시작 시기 방법,저는 공기업 취준생인데 면접 준비를 언제부터 어떻게 시작해야 할까요?,공기업 면접 준비 시작 시기랑 방법 알려주세요,공기업 면접 언제부터,공기업 채용 면접 준비는 어느 시점에 어떤 방법으로 시작하나요?,공기업 면접 준비를 필기 합격 후에 시작해도 괜찮을까요?
84,84,C05-016,면접·인적성,의료·보건,간호사 면접에서 자주 나오는 질문은 무엇인가요?,"대학병원 면접에서는 지원 동기, 간호사가 된 이유, 기억에 남는 실습 경험, 갈등 경험, 스트레스 관리 방법, 장단점, 마지막 한마디가 거의 매번 나온다고 정리됩니다. 병원은 함께 일하기 편한 사람을 원하기 때문에 협업 태도가 드러나는 답이 중요하다는 설명입니다. 한 가지 강한 경험을 여러 질문에 연결해 답하는 연습도 도움이 된다는 현직자 조언이 있습니다. 7개 질문에 대해 내 경험 기반 답변을 먼저 정리하세요.",자료 조사,[YouTube 영상 내 시청자 질문/주제] https://www.youtube.com/watch?v=RzRSRhsXW2E | 영상: 간호사 로드맵 - 간호사 면접에서 무조건 나오는 질문 7가지 | 요지: 대학병원 면접 빈출 질문 7가지를 정리한 영상,[YouTube] 간호사 로드맵 - 간호사 면접에서 무조건 나오는 질문 7가지 | https://www.youtube.com/watch?v=RzRSRhsXW2E | 해당 부분: 빈출 질문 7가지 설명 부분,지원 동기·간호사가 된 이유·실습 경험·갈등·스트레스 관리·장단점·마지막 한마디가 거의 모든 대학병원에서 나온다고 설명.,2026-10-02,확인 필요,,상,priority 상: 의료직 면접 핵심. | 수정일: 2026-10-02 (최초 수집),N,"간호사 면접에서 흔히 묻는 질문은 어떤 것들인가요?,간호사 면접 단골 질문 뭐야?,간호사 면접 빈출 질문 머예요?,간호사 면접 기출 질문,저는 간호학과 졸업 예정인데 간호사 면접에서 자주 나오는 질문이 궁금해요,간호사 면접 자주 나오는 질문 정리해 주세요,간호사 면접 질문,간호사 채용 면접에서 자주 받는 질문은 무엇인가요?,간호사 면접 예상 질문만 준비해 가도 괜찮을까요?",간호사 면접에서 흔히 묻는 질문은 어떤 것들인가요?,간호사 면접 단골 질문 뭐야?,간호사 면접 빈출 질문 머예요?,간호사 면접 기출 질문,저는 간호학과 졸업 예정인데 간호사 면접에서 자주 나오는 질문이 궁금해요,간호사 면접 자주 나오는 질문 정리해 주세요,간호사 면접 질문,간호사 채용 면접에서 자주 받는 질문은 무엇인가요?,간호사 면접 예상 질문만 준비해 가도 괜찮을까요?
85,85,C06-001,역량개발·준비계획,공통,자격증·어학 같은 스펙과 경험 중 무엇에 더 시간을 써야 하나요?,"필수 자격 요건을 제외한 스펙의 영향력은 줄고, 직무 경험과 툴을 다뤄 성과를 낸 경험이 더 중요해졌다는 분석이 많습니다. 서류 가점은 있을 수 있지만 최종 합격은 경험을 얼마나 설득력 있게 풀어내느냐에 달려 있다는 설명입니다. 다만 공기업·금융권처럼 자격증이 서류 기준이 되는 곳은 예외입니다. 지원처의 필수 요건만 먼저 채우고, 남는 시간은 직무 유사 경험에 투자하세요.",자료 조사,[YouTube 영상 내 시청자 질문/주제] https://www.youtube.com/watch?v=doAV4HQWwWY | 영상: 면접왕 이형 - 2026 취업/이직 준비 전략 총정리 | 요지: 2026 취업 트렌드(스펙→스킬·경험 중심) 영상,[YouTube] 면접왕 이형 - 2026 취업/이직 준비 전략 총정리 | https://www.youtube.com/watch?v=doAV4HQWwWY | 해당 부분: 직무 중심·스킬 중심 채용 및 '필수 자격 제외 스펙은 의미 없다' 부분,"직무 중심 채용으로 경험이 가장 기초가 되었고, 필수 자격을 제외한 스펙은 서류 가점 정도라고 주장.",2026-10-02,확인 필요,,상,priority 상: 준비 방향을 정하는 질문. | 수정일: 2026-10-02 (최초 수집),N,"자격증이나 어학 점수 같은 스펙과 실무 경험 중 어디에 더 투자해야 하나요?,자격증 어학 같은 스펙이랑 경험 중에 뭐에 시간 더 써야 돼?,자격증 어학 스펙 vs 직무 경험 머가 더 중요해요?,자격증 어학 스펙 경험 시간 배분,저는 취업 준비 중인데 자격증과 어학 같은 스펙과 경험 중 무엇에 더 집중해야 할까요?,자격증 어학 스펙이랑 경험 중 우선순위 좀 알려줘,스펙 경험 뭐가 우선,취업 준비할 때 자격증 어학 스펙과 직무 경험 중 무엇에 시간을 더 써야 하나요?,자격증 어학 스펙보다 경험에 시간을 더 써도 괜찮을까요?",자격증이나 어학 점수 같은 스펙과 실무 경험 중 어디에 더 투자해야 하나요?,자격증 어학 같은 스펙이랑 경험 중에 뭐에 시간 더 써야 돼?,자격증 어학 스펙 vs 직무 경험 머가 더 중요해요?,자격증 어학 스펙 경험 시간 배분,저는 취업 준비 중인데 자격증과 어학 같은 스펙과 경험 중 무엇에 더 집중해야 할까요?,자격증 어학 스펙이랑 경험 중 우선순위 좀 알려줘,스펙 경험 뭐가 우선,취업 준비할 때 자격증 어학 스펙과 직무 경험 중 무엇에 시간을 더 써야 하나요?,자격증 어학 스펙보다 경험에 시간을 더 써도 괜찮을까요?
86,86,C06-002,역량개발·준비계획,공통,자격증은 많을수록 유리한가요? 도전했다가 떨어진 것도 의미가 있나요?,자격증 개수가 많다고 반드시 유리하지는 않다는 현직자 의견이 많습니다. 다만 관련 자격증을 준비한 경험은 그 분야에 대한 관심과 기본 이해를 보여 주는 데 도움이 됩니다. 취득하지 못했더라도 직무와 관련해 공부한 기간은 공백이 아니라 준비 과정으로 설명할 수 있습니다. 지원 직무 공고에서 자주 나오는 자격증 1~2개에 집중하세요.,자료 조사,[YouTube 댓글] https://www.youtube.com/watch?v=VQmAnqT482g&lc=UgzsR6rUdAxwBgK-diJ4AaABAg | 좋아요 1 | 영상: 면접왕 이형 - 공백기에 대한 면접관의 속마음 | 이미 생긴 공백기 대처법 | 요지: 자격증을 준비하다 실패한 것도 괜찮은지 묻는 질문,"[YouTube] LG전자 채용 - SCM 취준, 이것부터 준비해 | https://www.youtube.com/watch?v=chDO_d91TRo | 해당 부분: 자격증 관련 답변(개수가 많다고 유리하지 않지만 관심과 이해를 보여 줌) 부분",SCM 현직자는 자격증 개수가 많다고 반드시 유리하지 않지만 관심과 기본 이해를 보여 주는 데 도움이 된다고 설명. 공백기 영상은 직무 관련 자격증 준비 기간은 공백기가 아니라고 설명.,2026-10-02,확인 필요,,중,priority 중. | 수정일: 2026-10-02 (최초 수집),N,"자격증 개수가 많으면 더 유리한가요? 시험에 떨어진 경험도 의미가 있나요?,자격증 많으면 무조건 좋아? 떨어진 것도 쓸모 있어?,자격증 많을수록 서합에 유리해요? 불합한 것도 의미 있나요?,자격증 개수 유불리 불합격 경험,저는 자격증을 여러 개 준비하고 있는데 많을수록 유리한지 떨어진 것도 의미가 있는지 궁금해요,자격증 개수랑 떨어진 자격증의 의미 알려주세요,자격증 많을수록 유리,취업 준비에서 자격증은 많을수록 유리하고 응시했다 떨어진 경험도 의미가 있나요?,자격증 시험에 떨어진 경험을 말해도 괜찮을까요? 개수가 적으면 불리한가요?",자격증 개수가 많으면 더 유리한가요? 시험에 떨어진 경험도 의미가 있나요?,자격증 많으면 무조건 좋아? 떨어진 것도 쓸모 있어?,자격증 많을수록 서합에 유리해요? 불합한 것도 의미 있나요?,자격증 개수 유불리 불합격 경험,저는 자격증을 여러 개 준비하고 있는데 많을수록 유리한지 떨어진 것도 의미가 있는지 궁금해요,자격증 개수랑 떨어진 자격증의 의미 알려주세요,자격증 많을수록 유리,취업 준비에서 자격증은 많을수록 유리하고 응시했다 떨어진 경험도 의미가 있나요?,자격증 시험에 떨어진 경험을 말해도 괜찮을까요? 개수가 적으면 불리한가요?
87,87,C06-003,역량개발·준비계획,공통,학점이 낮은데 지금 무엇으로 보완할 수 있나요?,"학점은 이미 정해진 경우가 많으니, 지금부터 바꿀 수 있는 어학·자격증·직무 경험에 집중하는 것이 현실적입니다. 공기업처럼 블라인드 채용을 하는 곳은 학점을 보지 않고, 은행 등은 다른 요소와 종합 평가한다는 설명이 있습니다. 재학 중이라면 남은 학기 성적을 올려 상승 추세를 보여 주는 것도 방법입니다. 학점을 보지 않거나 비중이 낮은 지원처를 리스트에 추가해 보세요.",자료 조사,[YouTube 댓글] https://www.youtube.com/watch?v=VQmAnqT482g&lc=Ugxnz2jSgUDU6A-waf94AaABAg | 좋아요 0 | 영상: 면접왕 이형 - 공백기에 대한 면접관의 속마음 | 이미 생긴 공백기 대처법 | 요지: 학점이 2.99/4.5로 이미 망했으면 어떻게 하느냐는 질문,"[YouTube] 해커스잡·공기업 - 금융공기업·은행·금융권 스펙부터 면접까지 준비방법 총정리 | https://www.youtube.com/watch?v=HlJjh1IQcRU | 해당 부분: 학점이 낮을 때 답변(공공기관 무관, 은행권 종합 평가, 바꿀 수 있는 부분에 집중) 부분","공공기관은 학점과 무관하며, 은행권은 대외활동·자격증·어학을 종합적으로 보므로 앞으로 할 수 있는 부분에 집중하라고 조언.",2026-10-02,확인 필요,,중,priority 중. | 수정일: 2026-10-02 (최초 수집),N,"학점이 낮은데 지금 어떤 걸로 만회할 수 있나요?,학점 낮은데 지금 뭘로 메꿔?,학점 낮은데 스펙으로 어케 보완해요?,낮은 학점 보완 방법,저는 학점이 낮은 편인데 지금 무엇으로 보완할 수 있을까요?,학점 낮을 때 보완 방법 좀 알려줘,학점 낮음 보완,취업 준비에서 학점이 낮으면 지금 무엇으로 보완할 수 있나요?,학점이 낮으면 취업에 많이 불리한가요?",학점이 낮은데 지금 어떤 걸로 만회할 수 있나요?,학점 낮은데 지금 뭘로 메꿔?,학점 낮은데 스펙으로 어케 보완해요?,낮은 학점 보완 방법,저는 학점이 낮은 편인데 지금 무엇으로 보완할 수 있을까요?,학점 낮을 때 보완 방법 좀 알려줘,학점 낮음 보완,취업 준비에서 학점이 낮으면 지금 무엇으로 보완할 수 있나요?,학점이 낮으면 취업에 많이 불리한가요?
88,88,C06-004,역량개발·준비계획,공통,OPIc IM2 정도면 어학은 충분한가요?,"충분한지는 지원 기업과 직무의 요건에 따라 다릅니다. 공기업은 기준 점수만 넘기면 되는 경우가 많고, 시중은행은 높을수록 유리하며 말하기 점수가 함께 있으면 더 좋다는 설명이 있습니다. 글로벌 업무가 많은 직무는 실제 소통 능력을 보기 때문에 점수 이상의 준비가 필요할 수 있습니다. 목표 기업 공고의 어학 기준과 우대 기준을 먼저 확인하고 그 이상만 목표로 잡으세요.",자료 조사,[YouTube 댓글] https://www.youtube.com/watch?v=u2SDGZoVRP0&lc=UgyivQRCzk-Ywf2e7AJ4AaABAg | 좋아요 67 | 영상: 취업사이다 - 서류 광탈 원인이 스펙 문제...? (합격클리닉) | 요지: 영어 공부하러 해외에 다녀왔는데 OPIc IM2면 부족하다는 반응,"[YouTube] 해커스잡·공기업 - 금융공기업·은행·금융권 스펙부터 면접까지 준비방법 총정리 | https://www.youtube.com/watch?v=HlJjh1IQcRU | 해당 부분: 토익 점수 기준 질문 답변(공기업 충족 여부, 은행 높을수록, 말하기 병행) 부분","절대 기준은 없고 공기업은 기준 충족, 시중은행은 높을수록 좋으며 말하기 시험과 함께 준비하라고 조언.",2026-10-02,확인 필요,,중,priority 중: 좋아요 67. | 수정일: 2026-10-02 (최초 수집),N,"OPIc IM2 등급이면 어학 점수로 충분한가요?,OPIc IM2면 어학 이걸로 충분해?,오픽 IM2면 어학 스펙 충분해요?,OPIc IM2 어학 충분 여부,저는 OPIc IM2를 받았는데 어학은 이 정도면 충분할까요?,OPIc IM2로 충분한지 알려주세요,오픽 IM2 충분,입사 지원할 때 OPIc IM2 어학 성적이면 충분한가요?,OPIc IM2로 지원해도 불리하지 않을까요?",OPIc IM2 등급이면 어학 점수로 충분한가요?,OPIc IM2면 어학 이걸로 충분해?,오픽 IM2면 어학 스펙 충분해요?,OPIc IM2 어학 충분 여부,저는 OPIc IM2를 받았는데 어학은 이 정도면 충분할까요?,OPIc IM2로 충분한지 알려주세요,오픽 IM2 충분,입사 지원할 때 OPIc IM2 어학 성적이면 충분한가요?,OPIc IM2로 지원해도 불리하지 않을까요?
89,89,C06-005,역량개발·준비계획,공통,유료 취업 프로그램이나 부트캠프를 꼭 들어야 하나요?,"필수는 아닙니다. 관련 전공으로 학교에서 프로젝트·대외활동을 해 온 사람은 정리와 실무자 피드백 정도만 필요하다는 의견이 있습니다. 반면 비전공자, 지방 거주로 기회가 적은 사람, 빠른 취업이 필요한 사람에게는 도움이 될 수 있다고 합니다. 프로그램을 고를 때는 이론보다 실무 과제와 1:1 피드백이 있는지, 정부 지원(국비) 과정이 있는지 확인하세요.",자료 조사,[YouTube 영상 내 시청자 질문/주제] https://www.youtube.com/watch?v=WDmNdZf6JEk | 영상: 마케터 묵이 - '마케터 직무 취업'에 대해서 딱 11분 33초만 이야기할게요 | 요지: 취업 프로그램이 필요한 사람과 필요 없는 사람을 구분하는 영상,"[YouTube] 마케터 묵이 - '마케터 직무 취업'에 대해서 딱 11분 33초만 이야기할게요 | https://www.youtube.com/watch?v=WDmNdZf6JEk | 해당 부분: 프로그램이 필요 없는 경우와 필요한 경우(비전공자, 지방 거주, 빠른 취업) 설명 부분","관련 전공자는 선택사항이고, 비전공자·지방 거주자·빠른 취업 희망자에게 실무형 피드백 프로그램이 유용하다고 주장.",2026-10-02,초안,,중,priority 중: 근거 영상이 자사 강의 홍보 포함 → 중립 근거 보강 필요. | 수정일: 2026-10-02 (최초 수집),N,"유료 취업 강의나 부트캠프를 반드시 수강해야 하나요?,유료 취업 프로그램이나 부트캠프 꼭 들어야 돼?,취준할 때 유료 프로그램이나 부트캠프 필수임?,유료 취업 프로그램 부트캠프 필요성,저는 혼자 취업 준비 중인데 유료 취업 프로그램이나 부트캠프를 꼭 들어야 할까요?,유료 취업 프로그램이나 부트캠프 들어야 하는지 알려줘,부트캠프 꼭 필요,취업 준비 과정에서 유료 프로그램이나 부트캠프 수강이 필수인가요?,유료 취업 프로그램이나 부트캠프 안 들어도 괜찮을까요?",유료 취업 강의나 부트캠프를 반드시 수강해야 하나요?,유료 취업 프로그램이나 부트캠프 꼭 들어야 돼?,취준할 때 유료 프로그램이나 부트캠프 필수임?,유료 취업 프로그램 부트캠프 필요성,저는 혼자 취업 준비 중인데 유료 취업 프로그램이나 부트캠프를 꼭 들어야 할까요?,유료 취업 프로그램이나 부트캠프 들어야 하는지 알려줘,부트캠프 꼭 필요,취업 준비 과정에서 유료 프로그램이나 부트캠프 수강이 필수인가요?,유료 취업 프로그램이나 부트캠프 안 들어도 괜찮을까요?
90,90,C06-006,역량개발·준비계획,공통,면접에서 깊이 있는 답을 하려면 평소에 무엇을 준비해야 하나요?,최근 면접은 같은 질문이라도 답의 깊이에서 차이가 난다는 분석이 있습니다. 이를 위해 인생 기술서(살아온 경험 정리)와 경험 회고를 반복해 내가 어떤 사람인지 설명할 수 있어야 한다고 조언합니다. 실패 경험을 솔직하게 돌아보고 배운 점을 말할 수 있는 것도 강점이 됩니다. 주요 경험 5개에 대해 '그때 왜 그렇게 했는지'를 한 문단씩 적어 보세요.,자료 조사,"[YouTube 영상 내 시청자 질문/주제] https://www.youtube.com/watch?v=ECbFAdC_n-w | 영상: 옴스잡스 - 2026하반기 채용트렌드 ""AI 그만 쓰고, 자기색깔/직무전문성 더 쌓아라"" | 요지: 2026 하반기 채용 트렌드 ④ 메타인지·자기 이해","[YouTube] 옴스잡스 - 2026하반기 채용트렌드 ""AI 그만 쓰고, 자기색깔/직무전문성 더 쌓아라"" | https://www.youtube.com/watch?v=ECbFAdC_n-w | 해당 부분: 트렌드④ 메타인지·자기 이해와 정리 파트(인생 기술서) 부분","자기 이해가 꼬리질문·구조화 면접을 뚫는 열쇠이며, 인생 기술서를 기반으로 경험을 성찰해야 한다고 설명.",2026-10-02,확인 필요,,중,priority 중. | 수정일: 2026-10-02 (최초 수집),N,"면접에서 깊이 있는 답변을 하려면 평소 어떤 준비를 해야 하나요?,면접에서 답 깊게 하려면 평소에 뭐 해둬야 돼?,면접 답변 깊이 있게 하려면 평소에 머 준비해요?,면접 깊이 있는 답변 평소 준비,저는 면접 답변이 늘 얕은 것 같은데 평소에 무엇을 준비하면 깊이 있게 답할 수 있을까요?,면접 답변 깊이 있게 하는 평소 준비법 알려주세요,면접 답 깊이,채용 면접에서 깊이 있게 답하려면 평소에 무엇을 준비하나요?,면접 답변에 깊이가 없으면 불리할까요?",면접에서 깊이 있는 답변을 하려면 평소 어떤 준비를 해야 하나요?,면접에서 답 깊게 하려면 평소에 뭐 해둬야 돼?,면접 답변 깊이 있게 하려면 평소에 머 준비해요?,면접 깊이 있는 답변 평소 준비,저는 면접 답변이 늘 얕은 것 같은데 평소에 무엇을 준비하면 깊이 있게 답할 수 있을까요?,면접 답변 깊이 있게 하는 평소 준비법 알려주세요,면접 답 깊이,채용 면접에서 깊이 있게 답하려면 평소에 무엇을 준비하나요?,면접 답변에 깊이가 없으면 불리할까요?
91,91,C06-007,역량개발·준비계획,공통,상반기와 하반기 공고 사이 빈 기간에는 무엇을 하면 좋을까요?,"공고가 몰리는 시기(상반기 3~4월, 하반기 9월 전후) 사이에는 시간은 많지만 할 일이 없어 가장 힘들었다는 합격자 경험이 있습니다. 이 기간에 목표 기업 인적성을 꾸준히 풀거나, 직무 유사 경험을 만드는 활동을 하라는 조언이 많습니다. 불안을 줄이려 막연히 공부하기보다 다음 시즌에 바로 쓸 결과물을 만드는 것이 좋습니다. 다음 시즌 지원 리스트를 미리 만들고, 인적성·경험 정리·포트폴리오 보완 일정을 주 단위로 짜 보세요.",자료 조사,[YouTube 영상 내 시청자 질문/주제] https://www.youtube.com/watch?v=C6xsb3kETb8 | 영상: 반도체 양산기술 취업 전략 - 공백기 뿌시고 ASML·SK하이닉스 동시 합격자 인터뷰 | 요지: '취업 준비 중 가장 힘들었던 시기'를 묻는 인터뷰 질문,[YouTube] 반도체 양산기술 취업 전략 - 공백기 뿌시고 ASML·SK하이닉스 동시 합격자 인터뷰 | https://www.youtube.com/watch?v=C6xsb3kETb8 | 해당 부분: 공고 사이 빈 시간이 가장 힘들었고 SKCT를 계속 풀었다는 답변 부분,상반기와 하반기 공고 사이의 빈 시간이 가장 힘들었으며 그때 목표 기업 인적성을 계속 공부했다고 설명.,2026-10-02,확인 필요,,하,priority 하. | 수정일: 2026-10-02 (최초 수집),N,"상반기와 하반기 채용 공고 사이 공백기에는 무엇을 하면 좋을까요?,상반기 하반기 공고 사이 빌 때 뭐 해?,상하반기 공채 사이 비는 기간에 머 해요?,상반기 하반기 공고 사이 공백기 활용,저는 상반기 공고가 끝나고 하반기 공고를 기다리는 중인데 이 빈 기간에 무엇을 하면 좋을까요?,상반기 하반기 공고 사이 빈 기간 활용법 알려줘,공고 사이 빈 기간,상반기와 하반기 채용 공고 사이 쉬는 기간에는 어떤 준비를 하면 좋나요?,상반기와 하반기 공고 사이에 그냥 쉬어도 괜찮을까요?",상반기와 하반기 채용 공고 사이 공백기에는 무엇을 하면 좋을까요?,상반기 하반기 공고 사이 빌 때 뭐 해?,상하반기 공채 사이 비는 기간에 머 해요?,상반기 하반기 공고 사이 공백기 활용,저는 상반기 공고가 끝나고 하반기 공고를 기다리는 중인데 이 빈 기간에 무엇을 하면 좋을까요?,상반기 하반기 공고 사이 빈 기간 활용법 알려줘,공고 사이 빈 기간,상반기와 하반기 채용 공고 사이 쉬는 기간에는 어떤 준비를 하면 좋나요?,상반기와 하반기 공고 사이에 그냥 쉬어도 괜찮을까요?
92,92,C06-008,역량개발·준비계획,연구·엔지니어링·제조기술,반도체 직무를 준비하며 현직자 정보는 어떻게 얻나요?,"취업 준비생은 직무를 직접 해 본 적이 없어 직무 이해가 가장 어렵다는 합격자 경험이 있습니다. 합격자는 직무기술서에서 핵심 키워드를 먼저 정리하고, 회사 블로그를 찾아본 뒤 현직자에게 직접 물어보는 것이 가장 효과적이었다고 말했습니다. 기업 공식 채널의 직무 토크 영상도 현직자 관점을 얻는 방법입니다. 궁금한 점을 질문 목록으로 정리해 두고 현직자 멘토링·채용설명회 기회를 활용하세요.",자료 조사,[YouTube 영상 내 시청자 질문/주제] https://www.youtube.com/watch?v=C6xsb3kETb8 | 영상: 반도체 양산기술 취업 전략 - 공백기 뿌시고 ASML·SK하이닉스 동시 합격자 인터뷰 | 요지: '직무 분석은 어떻게 준비했는지' 인터뷰 질문,[YouTube] 반도체 양산기술 취업 전략 - 공백기 뿌시고 ASML·SK하이닉스 동시 합격자 인터뷰 | https://www.youtube.com/watch?v=C6xsb3kETb8 | 해당 부분: 직무 분석 방법(직무기술서 키워드 → 블로그 → 현직자) 답변 부분,직무기술서 핵심 키워드를 보고 회사 블로그를 찾아본 뒤 결국 현직자에게 묻는 것이 가장 효과적이었다고 설명.,2026-10-02,확인 필요,,중,"priority 중: 영상에 컨설팅 홍보 포함, 홍보 부분은 근거에서 제외. | 수정일: 2026-10-02 (최초 수집)",N,"반도체 직무를 준비할 때 현직자 정보는 어디서 얻나요?,반도체 직무 현직자 정보 어디서 구해?,반도체 직무 현직자 정보 어케 얻어요?,반도체 직무 현직자 정보 얻는 방법,저는 반도체 직무 취준생인데 현직자 정보를 어떻게 얻을 수 있을까요?,반도체 직무 현직자 정보 얻는 법 알려주세요,반도체 현직자 정보,반도체 직무 취업 준비 중 현직자에게 직무 정보를 얻는 방법은?,반도체 직무를 현직자 정보 없이 준비해도 괜찮을까요?",반도체 직무를 준비할 때 현직자 정보는 어디서 얻나요?,반도체 직무 현직자 정보 어디서 구해?,반도체 직무 현직자 정보 어케 얻어요?,반도체 직무 현직자 정보 얻는 방법,저는 반도체 직무 취준생인데 현직자 정보를 어떻게 얻을 수 있을까요?,반도체 직무 현직자 정보 얻는 법 알려주세요,반도체 현직자 정보,반도체 직무 취업 준비 중 현직자에게 직무 정보를 얻는 방법은?,반도체 직무를 현직자 정보 없이 준비해도 괜찮을까요?
93,93,C06-009,역량개발·준비계획,경영·사무·인사,인사 직무를 위해 따 두면 좋은 자격증이 있나요?,"인사 업무 대부분은 자격증이 크게 중요하지 않지만, 노경(노사관계) 업무에는 노무사 공부 경험이 도움이 된다는 현직자 의견이 있습니다. ERP 정보관리사는 기업에서 크게 알아주지는 않지만 인사 시스템 구조를 이해하는 데 도움이 됐다는 경험담도 있습니다. 근태·급여 업무는 엑셀을 많이 쓰므로 실무 능력도 중요합니다. 원하는 인사 세부 분야를 정하고 그에 맞는 학습부터 시작하세요.",자료 조사,[YouTube 영상 내 시청자 질문/주제] https://www.youtube.com/watch?v=FUV9343n7yc | 영상: LG전자 채용 - 인턴 없이 HR 직무 합격한 썰 | 요지: HR 직무 합격자에게 자격증 필요 여부를 묻는 Q&A,"[YouTube] LG전자 채용 - 인턴 없이 HR 직무 합격한 썰 | https://www.youtube.com/watch?v=FUV9343n7yc | 해당 부분: 자격증 없이 합격, 노경 업무는 노무사 공부가 도움 답변 부분",자격증 없이 합격했으며 인사기획·채용은 자격증이 크게 중요하지 않고 노경 업무는 노무사 공부가 도움이 된다고 설명. 디어커리어 영상은 ERP 정보관리사가 시스템 이해에 도움이 된다고 언급.,2026-10-02,확인 필요,,중,priority 중. | 수정일: 2026-10-02 (최초 수집),N,"인사 직무 지원에 도움이 되는 자격증이 있나요?,인사 직무 하려면 무슨 자격증 따 둬?,인사 직무 자격증 머 따면 좋아요?,인사 직무 추천 자격증,저는 인사 직무를 희망하는데 따 두면 좋은 자격증이 있을까요?,인사 직무에 좋은 자격증 좀 알려줘,인사 자격증,인사 직무 입사 준비에 유용한 자격증은 무엇인가요?,인사 직무 지원하는데 자격증이 없어도 괜찮을까요?",인사 직무 지원에 도움이 되는 자격증이 있나요?,인사 직무 하려면 무슨 자격증 따 둬?,인사 직무 자격증 머 따면 좋아요?,인사 직무 추천 자격증,저는 인사 직무를 희망하는데 따 두면 좋은 자격증이 있을까요?,인사 직무에 좋은 자격증 좀 알려줘,인사 자격증,인사 직무 입사 준비에 유용한 자격증은 무엇인가요?,인사 직무 지원하는데 자격증이 없어도 괜찮을까요?
94,94,C06-010,역량개발·준비계획,경영·사무·인사,인사팀 신입으로 들어가면 어떤 업무부터 배우게 되나요?,"현직자들은 신입 인사 담당자가 근로계약서·법정 서류 관리, 근태 관리, 법정 교육 관리, 채용 운영(일정 조율 등)부터 맡는 경우가 많다고 설명합니다. 급여 업무는 신입 때 배워 두면 이후 커리어에 큰 도움이 된다는 의견도 있습니다. 근태 데이터는 엑셀로 가공하는 일이 많아 엑셀 활용 능력이 실무에 바로 쓰입니다. 입사 전 근로계약서 필수 항목과 엑셀 기본 함수부터 익혀 두세요.",자료 조사,[YouTube 영상 내 시청자 질문/주제] https://www.youtube.com/watch?v=WqkiqaWJQLY | 영상: 디어커리어 - 인사팀 신입 채용공고 분석 | HR·총무·경영지원 | 요지: 신입 인사 공고의 업무 항목을 현직자가 해설,[YouTube] 디어커리어 - 인사팀 신입 채용공고 분석 | HR·총무·경영지원 | https://www.youtube.com/watch?v=WqkiqaWJQLY | 해당 부분: 근로계약서·근태·법정교육·급여·채용 운영 설명 부분,"신입 때 근로계약서·법적 서류, 엑셀 기반 근태 관리, 법정 교육, 채용 일정 조율을 맡으며 급여는 신입 때 배우기 좋다고 설명.",2026-10-02,확인 필요,,하,priority 하. | 수정일: 2026-10-02 (최초 수집),N,"인사팀 신입사원은 어떤 일부터 배우게 되나요?,인사팀 신입 들어가면 뭐부터 해?,인사팀 신입은 입사하면 머부터 배워요?,인사팀 신입 초기 업무,저는 인사팀 신입으로 입사 예정인데 어떤 업무부터 배우게 될까요?,인사팀 신입이 처음 맡는 업무 알려주세요,인사팀 신입 업무,인사팀 신입 입사 후 처음 배우는 업무는 무엇인가요?,인사팀 신입인데 처음 맡는 업무를 잘 몰라도 괜찮을까요?",인사팀 신입사원은 어떤 일부터 배우게 되나요?,인사팀 신입 들어가면 뭐부터 해?,인사팀 신입은 입사하면 머부터 배워요?,인사팀 신입 초기 업무,저는 인사팀 신입으로 입사 예정인데 어떤 업무부터 배우게 될까요?,인사팀 신입이 처음 맡는 업무 알려주세요,인사팀 신입 업무,인사팀 신입 입사 후 처음 배우는 업무는 무엇인가요?,인사팀 신입인데 처음 맡는 업무를 잘 몰라도 괜찮을까요?
95,95,C06-011,역량개발·준비계획,IT·개발·데이터,AI로 코드를 짜면 되는 시대에도 기본기를 공부해야 하나요?,"현직 개발자들은 오히려 기본기가 더 중요해졌다고 말합니다. 신입은 AI를 지식을 얻는 데는 쓰되, 코드 작업은 직접 손으로 해 봐야 내 것이 된다는 조언이 있습니다. AI가 만든 코드를 '내가 만들어 봤다'고 착각하면 면접 질문에서 막히는 경우가 많다고 합니다. 자료구조·알고리즘 등 전공 기본기를 정리하면서, 핵심 기능 하나는 AI 없이 직접 구현해 보세요.",자료 조사,"[YouTube 댓글] https://www.youtube.com/watch?v=--JaHGmO0J0&lc=UgwkKy2SzsSlF2QEgGN4AaABAg | 좋아요 24 | 영상: 넥슨태그 - AI 시대, 넥슨은 어떤 프로그래머를 찾고 있을까? | 요지: 바이브코딩을 해 보니 도메인 지식과 자료구조가 더 중요해졌다는 경험","[YouTube] 넥슨태그 - AI 시대, 넥슨은 어떤 프로그래머를 찾고 있을까? | https://www.youtube.com/watch?v=--JaHGmO0J0 | 해당 부분: 마무리 조언(신입은 코드 작업 시 AI 사용을 가급적 자제, 직접 작성) 부분","AI로 만든 코드를 내가 만들었다고 착각하면 면접에서 막히므로 직접 키보드로 작성해 보라고 조언하며, 면접은 기본기를 중시한다고 설명.",2026-10-02,확인 필요,,상,priority 상. | 수정일: 2026-10-02 (최초 수집),N,"AI가 코드를 작성해 주는 시대에도 기초 실력을 공부해야 하나요?,AI로 코드 짜면 되는데 기본기 공부 굳이 해야 돼?,AI 코딩 시대에도 개발 기본기 공부 필수임?,AI 코딩 시대 개발 기본기 필요성,저는 개발 취준생인데 AI로 코드를 짜면 되는 시대에도 기본기를 공부해야 할까요?,AI로 코드 짜는 시대에 기본기 공부가 필요한지 알려줘,AI 시대 기본기,AI 코드 생성 시대에도 개발자 취업 준비로 기본기 공부가 필요한가요?,AI로 코드를 짜고 기본기 공부는 건너뛰어도 괜찮을까요?",AI가 코드를 작성해 주는 시대에도 기초 실력을 공부해야 하나요?,AI로 코드 짜면 되는데 기본기 공부 굳이 해야 돼?,AI 코딩 시대에도 개발 기본기 공부 필수임?,AI 코딩 시대 개발 기본기 필요성,저는 개발 취준생인데 AI로 코드를 짜면 되는 시대에도 기본기를 공부해야 할까요?,AI로 코드 짜는 시대에 기본기 공부가 필요한지 알려줘,AI 시대 기본기,AI 코드 생성 시대에도 개발자 취업 준비로 기본기 공부가 필요한가요?,AI로 코드를 짜고 기본기 공부는 건너뛰어도 괜찮을까요?
96,96,C06-012,역량개발·준비계획,영업·마케팅,마케팅 직무에 자격증이 필요한가요?,"마케팅은 자격증보다 실제로 콘텐츠·광고를 운영해 보고 지표를 해석한 경험이 더 중요하다는 현직자 의견이 많습니다. 자격증은 관심을 보여 주는 보조 수단 정도로 보는 것이 좋습니다. 퍼포먼스 마케팅은 광고 플랫폼 운영 경험, 콘텐츠 마케팅은 기획 결과물이 핵심 증거가 됩니다. 원하는 마케팅 세부 직무를 정하고 그 직무의 결과물을 하나 만들어 보세요.",AI 제안,"[AI 제안] 직접 수집된 질문 아님. 선정 이유: '문과 직무 자격증 Top5' 숏폼이 인기였으나 자막이 없어, 마케팅 실무 경험 강조 영상과 결합해 질문 구성",[YouTube] 마케터 묵이 - '마케터 직무 취업'에 대해서 딱 11분 33초만 이야기할게요 | https://www.youtube.com/watch?v=WDmNdZf6JEk | 해당 부분: 이론이 아닌 실무(광고 집행·지표 분석) 강조 부분,이론 위주 학습보다 실제 광고를 돌려보고 지표를 분석하는 실무 경험이 중요하다고 주장.,2026-10-02,초안,,중,priority 중: 자격증에 대한 직접 근거 없음 → 마케팅 자격증 관련 근거 추가 확보 필요. | 수정일: 2026-10-02 (최초 수집),N,"마케팅 직무에 자격증이 꼭 있어야 하나요?,마케팅 직무 자격증 필요해?,마케팅 직무 지원할 때 자격증 스펙 필수임?,마케팅 직무 자격증 필요 여부,저는 마케팅 직무를 준비하는데 자격증이 필요할까요?,마케팅 직무 자격증 필요한지 알려주세요,마케팅 자격증,마케팅 직무 취업 준비에 자격증 취득이 필요한가요?,마케팅 직무 지원하는데 자격증이 없어도 괜찮을까요?",마케팅 직무에 자격증이 꼭 있어야 하나요?,마케팅 직무 자격증 필요해?,마케팅 직무 지원할 때 자격증 스펙 필수임?,마케팅 직무 자격증 필요 여부,저는 마케팅 직무를 준비하는데 자격증이 필요할까요?,마케팅 직무 자격증 필요한지 알려주세요,마케팅 자격증,마케팅 직무 취업 준비에 자격증 취득이 필요한가요?,마케팅 직무 지원하는데 자격증이 없어도 괜찮을까요?
97,97,C06-013,역량개발·준비계획,금융·회계,금융권 취업에 도움이 되는 자격증은 무엇인가요?,"분야별로 다르다는 설명이 있습니다. 개인금융은 AFPK·외환전문역 1종·투자자산운용사, 기업금융은 신용분석사·외환전문역 2종, 증권·자산운용은 CFA나 투자자산운용사가 언급됩니다. 금융 공공기관은 전문 라이선스 외에는 우대가 크지 않고 일부 기관만 특정 자격증을 우대하며, 오히려 해당 기관 인턴 가점이 더 큰 경우가 있다고 합니다. 지원 기관·직무 공고의 가점 항목부터 확인하고 그에 맞춰 취득하세요.",자료 조사,[YouTube 영상 내 시청자 질문/주제] https://www.youtube.com/watch?v=HlJjh1IQcRU | 영상: 해커스잡·공기업 - 금융공기업·은행·금융권 스펙부터 면접까지 준비방법 총정리 | 요지: '금융권 자격증은 이 정도는 꼭 있어야 한다는 정보가 많은데 사실인지' 질문,[YouTube] 해커스잡·공기업 - 금융공기업·은행·금융권 스펙부터 면접까지 준비방법 총정리 | https://www.youtube.com/watch?v=HlJjh1IQcRU | 해당 부분: 분야별 추천 자격증과 공공기관 우대 범위 답변 부분,"개인금융·기업금융·금융투자업별 추천 자격증을 제시하고, 공공기관은 인턴 가점이 자격증 가점보다 높을 수 있다고 설명.",2026-10-02,확인 필요,,상,priority 상: 금융권 지원자 핵심 질문. 가점 기준은 기관별 공고로 재확인 필요. | 수정일: 2026-10-02 (최초 수집),N,"금융권 입사에 도움이 되는 자격증은 어떤 것이 있나요?,금융권 취업하려면 무슨 자격증 따?,금융권 취준할 때 자격증 머 따요?,금융권 취업 추천 자격증,저는 금융권 취업을 준비하는데 어떤 자격증이 도움이 될까요?,금융권 취업에 좋은 자격증 정리해 주세요,금융권 자격증,금융권 채용 준비에 유리한 자격증은 무엇인가요?,금융권 취업하는데 자격증이 없으면 불리한가요?",금융권 입사에 도움이 되는 자격증은 어떤 것이 있나요?,금융권 취업하려면 무슨 자격증 따?,금융권 취준할 때 자격증 머 따요?,금융권 취업 추천 자격증,저는 금융권 취업을 준비하는데 어떤 자격증이 도움이 될까요?,금융권 취업에 좋은 자격증 정리해 주세요,금융권 자격증,금융권 채용 준비에 유리한 자격증은 무엇인가요?,금융권 취업하는데 자격증이 없으면 불리한가요?
98,98,C06-014,역량개발·준비계획,생산·물류·서비스,SCM·물류 직무에 도움이 되는 자격증은 무엇인가요?,"물류관리사(공급자~소매 물류 지식), 유통관리사(고객 쪽 유통), 생산·재고관리 중심의 국제 자격증 CPIM 등이 언급됩니다. 다만 CPIM은 비용이 200만 원 이상으로 높고 중소기업에서는 잘 알려지지 않아 우대가 약할 수 있다는 설명입니다. 현직자들은 자격증 개수보다 분야에 대한 관심과 이해를 보여 주는 용도로 보라고 조언합니다. 관심 세부 분야(물류·생산관리·구매)를 먼저 정하고 그에 맞는 자격증 하나부터 시작하세요.",자료 조사,[YouTube 영상 내 시청자 질문/주제] https://www.youtube.com/watch?v=Qw-i_nDc53Y | 영상: 무꿈사TV - SCM 직무와 필요한 자격증 설명 | 요지: SCM 취업에 어떤 자격증이 중요한지 설명하는 영상,[YouTube] 무꿈사TV - SCM 직무와 필요한 자격증 설명 | https://www.youtube.com/watch?v=Qw-i_nDc53Y | 해당 부분: 물류관리사·유통관리사·CPIM 비교와 비용·인지도 설명 부분,"물류관리사와 유통관리사의 차이, CPIM의 범위와 높은 비용, 중소기업 인지도 한계를 설명.",2026-10-02,확인 필요,,중,priority 중: 자격증 비용은 시점별로 변동 → 재확인 필요. | 수정일: 2026-10-02 (최초 수집),N,"SCM이나 물류 직무에 유용한 자격증은 무엇인가요?,SCM 물류 직무 자격증 뭐 따면 좋아?,SCM 물류 직무 스펙으로 자격증 머 따요?,SCM 물류 직무 추천 자격증,저는 SCM 물류 직무를 준비 중인데 어떤 자격증이 도움이 될까요?,SCM 물류 직무에 좋은 자격증 알려줘,SCM 물류 자격증,SCM 물류 직무 취업 준비에 도움 되는 자격증은?,SCM 물류 직무 지원하는데 자격증이 없어도 괜찮을까요?",SCM이나 물류 직무에 유용한 자격증은 무엇인가요?,SCM 물류 직무 자격증 뭐 따면 좋아?,SCM 물류 직무 스펙으로 자격증 머 따요?,SCM 물류 직무 추천 자격증,저는 SCM 물류 직무를 준비 중인데 어떤 자격증이 도움이 될까요?,SCM 물류 직무에 좋은 자격증 알려줘,SCM 물류 자격증,SCM 물류 직무 취업 준비에 도움 되는 자격증은?,SCM 물류 직무 지원하는데 자격증이 없어도 괜찮을까요?
99,99,C06-015,역량개발·준비계획,교육·공공·사회서비스,공기업 사무직 준비에 필요한 자격증과 어학 기준은?,"사무직은 대체로 토익 850점 이상, 컴퓨터활용능력, 한국사 정도를 갖추면 좋다는 설명이 있고, 기술직은 관련 기사 자격증(에너지·발전 쪽은 기사 2개)이 사실상 필수라고 합니다. 토익이 어렵다면 토익스피킹·OPIc으로 대체 가능한 기관도 있지만, 기관마다 환산 기준이 다릅니다. 토익 기준이 낮거나 어학을 보지 않는 기관도 있습니다. 목표 기관 3곳의 공고에서 어학 기준과 대체 시험 인정 여부를 비교해 보세요.",자료 조사,[YouTube 영상 내 시청자 질문/주제] https://www.youtube.com/watch?v=qpS3AxXUI1M | 영상: 해커스잡·공기업 - 인턴 안하면 공기업 합격 못 하나요? 공기업 준비 Q&A | 요지: 공기업 준비 Q&A 중 가장 많이 묻는 '필요한 자격증·스펙' 질문,"[YouTube] 해커스잡·공기업 - 인턴 안하면 공기업 합격 못 하나요? 공기업 준비 Q&A | https://www.youtube.com/watch?v=qpS3AxXUI1M | 해당 부분: 사무직·기술직 스펙, 토익 대체, 토익 안 보는 기관 답변 부분","사무직은 토익 850·컴활·한국사, 기술직은 기사 필수이며 토익스피킹·OPIc 대체와 환산 기준은 기관별로 다르다고 설명.",2026-10-02,확인 필요,,상,priority 상: 공기업 지원자 최다 질문. 점수 기준은 기관별 공고로 재확인 필요. | 수정일: 2026-10-02 (최초 수집),N,"공기업 사무직을 준비할 때 필요한 자격증과 어학 점수 기준은 어떻게 되나요?,공기업 사무직 자격증이랑 어학 어느 정도 있어야 돼?,공기업 사무직 자격증 어학 스펙 기준 머예요?,공기업 사무직 자격증 어학 기준,저는 공기업 사무직을 준비하는데 자격증과 어학은 어느 정도 필요할까요?,공기업 사무직 자격증 어학 기준 정리해 주세요,공기업 사무직 어학,공기업 사무직 채용 준비에 필요한 자격증과 어학 점수는?,공기업 사무직 지원하는데 자격증과 어학이 부족하면 불리한가요?",공기업 사무직을 준비할 때 필요한 자격증과 어학 점수 기준은 어떻게 되나요?,공기업 사무직 자격증이랑 어학 어느 정도 있어야 돼?,공기업 사무직 자격증 어학 스펙 기준 머예요?,공기업 사무직 자격증 어학 기준,저는 공기업 사무직을 준비하는데 자격증과 어학은 어느 정도 필요할까요?,공기업 사무직 자격증 어학 기준 정리해 주세요,공기업 사무직 어학,공기업 사무직 채용 준비에 필요한 자격증과 어학 점수는?,공기업 사무직 지원하는데 자격증과 어학이 부족하면 불리한가요?
100,100,C06-016,역량개발·준비계획,의료·보건,간호학과 취업 준비에 컴퓨터활용능력 자격증이 필요한가요?,"현직 간호사 경험담에 따르면 간호사 취업에서는 BLS·ACLS 같은 자격과 학점·토익이 주로 언급되고, 컴활은 동기들 사이에서도 거의 없었다고 합니다. 선배 조언에 따라 컴활 대신 토익 점수를 올리는 데 집중했다는 사례가 소개됩니다. 다만 병원마다 요건이 다르니 지원 병원 공고를 확인해야 합니다. 학점과 토익 등 병원이 중요하게 보는 항목부터 우선순위를 정하세요.",자료 조사,[YouTube 영상 내 시청자 질문/주제] https://www.youtube.com/watch?v=yMDne02E5Qw | 영상: 뚜이링의 일상 - 대학병원 출신 간호사가 말해주는 간호학과 취업 Q&A | 요지: 간호학과 취업 Q&A 중 자격증 관련 질문,"[YouTube] 뚜이링의 일상 - 대학병원 출신 간호사가 말해주는 간호학과 취업 Q&A | https://www.youtube.com/watch?v=yMDne02E5Qw | 해당 부분: 자격증 관련 답변(BLS·ACLS, 컴활 대신 토익) 부분",가장 많이 가진 자격은 BLS·ACLS이며 컴활 대신 토익 점수를 올리는 데 집중했다고 경험담으로 설명.,2026-10-02,확인 필요,,중,priority 중: 개인 경험담 → 병원별 요건 확인 필요. | 수정일: 2026-10-02 (최초 수집),N,"간호학과 학생이 취업 준비로 컴퓨터활용능력을 따야 하나요?,간호학과인데 컴활 따야 돼?,간호학과 취준에 컴활 필수임?,간호학과 취업 컴활 필요 여부,저는 간호학과 학생인데 취업 준비로 컴퓨터활용능력 자격증이 필요할까요?,간호학과 취업에 컴활 필요한지 알려주세요,간호학과 컴활,간호학과 취업 준비 스펙으로 컴퓨터활용능력 자격증이 필요한가요?,간호학과인데 컴활 없이 취업 준비해도 괜찮을까요?",간호학과 학생이 취업 준비로 컴퓨터활용능력을 따야 하나요?,간호학과인데 컴활 따야 돼?,간호학과 취준에 컴활 필수임?,간호학과 취업 컴활 필요 여부,저는 간호학과 학생인데 취업 준비로 컴퓨터활용능력 자격증이 필요할까요?,간호학과 취업에 컴활 필요한지 알려주세요,간호학과 컴활,간호학과 취업 준비 스펙으로 컴퓨터활용능력 자격증이 필요한가요?,간호학과인데 컴활 없이 취업 준비해도 괜찮을까요?
101,101,S-C01-001,직무 탐색·전환,연구·엔지니어링·제조기술,연구·R&D 직무는 구체적으로 어떤 일을 하나요?,"이 연구팀은 상처를 보호하고 치유를 돕는 창상피복재를 개발하는 조직입니다. 그중에서도 폼 형태의 드레싱 제품을 담당하는 연구원은 제품의 연구개발 전반을 맡게 됩니다. 폼 드레싱은 상처 부위를 보호하면서도 치유 효과를 높이는 기능을 갖추도록 설계하는 것이 핵심입니다. 이와 함께 제품의 안정성을 확보하는 실험을 진행하고, 실험실에서 쌓은 데이터를 바탕으로 생산 부서가 원활하게 제품을 양산할 수 있도록 지원하는 역할도 함께 수행합니다.",사람인 현직자 인터뷰 크롤링,사람인 현직자 인터뷰 - 티앤엘 (기술연구소 연구 2팀),https://www.saramin.co.kr/zf_user/career-information/senior-view?doc_idx=23943 (Q2),창상피복재(폼 드레싱) 연구직 현직자가 Q2에서 밝힌 담당 업무 설명 요약,2026-10-03,미검토,,상,"사람인 현직자 인터뷰 기반 수집, 원문 저작권 보호를 위해 요약만 저장 | 수집일: 2026-10-03",N,"R&D 연구직은 실제로 어떤 업무를 담당하나요?,R&D 연구직은 무슨 일 해?,R&D 연구직 현직자는 머 하는지 궁금해요,R&D 연구직 업무 내용,저는 R&D 연구직에 관심이 있는데 구체적으로 어떤 일을 하는지 궁금해요,R&D 연구직 하는 일 좀 알려줘,R&D 연구 업무,R&D 연구직은 회사 직무로서 구체적으로 어떤 일을 하나요?,R&D 연구직이 하는 일을 잘 모르고 지원해도 괜찮을까요?",R&D 연구직은 실제로 어떤 업무를 담당하나요?,R&D 연구직은 무슨 일 해?,R&D 연구직 현직자는 머 하는지 궁금해요,R&D 연구직 업무 내용,저는 R&D 연구직에 관심이 있는데 구체적으로 어떤 일을 하는지 궁금해요,R&D 연구직 하는 일 좀 알려줘,R&D 연구 업무,R&D 연구직은 회사 직무로서 구체적으로 어떤 일을 하나요?,R&D 연구직이 하는 일을 잘 모르고 지원해도 괜찮을까요?
102,102,S-C01-002,직무 탐색·전환,연구·엔지니어링·제조기술,연구·R&D 직무를 선택하게 되는 계기는 보통 무엇인가요?,"이 분야로 오게 된 현직자는 화학공학을 전공하면서 자연스럽게 연구직을 지망하게 되었다고 밝혔습니다. 첫 직장에서는 화학약품을 많이 다루는 환경에서 근무하며 약품 노출로 어려움을 겪은 경험이 있었습니다. 이후 의료기기 연구는 상대적으로 유해물질 노출이 적을 것이라는 기대를 갖고 지원하게 되었고, 실제로 근무해 보니 피부 트러블도 줄어드는 등 체감되는 변화가 있었다고 합니다. 특정 회사를 선택한 데에는 거창한 이유보다는 채용 공고를 통해 우연히 접하게 된 경우도 많습니다.",사람인 현직자 인터뷰 크롤링,사람인 현직자 인터뷰 - 티앤엘 (기술연구소 연구 2팀),https://www.saramin.co.kr/zf_user/career-information/senior-view?doc_idx=23943 (Q3),의료기기 연구직 현직자가 Q3에서 밝힌 직무·회사 선택 계기 요약,2026-10-03,미검토,,상,"사람인 현직자 인터뷰 기반 수집, 원문 저작권 보호를 위해 요약만 저장 | 수집일: 2026-10-03",N,"R&D 연구직을 택하게 되는 동기는 주로 무엇인가요?,R&D 연구직은 보통 어쩌다 하게 돼?,R&D 연구직 현직자들은 어케 이 직무를 고르게 됐어요?,R&D 연구직 선택 계기,저는 R&D 연구직을 고민 중인데 다른 사람들은 보통 어떤 계기로 선택하나요?,R&D 연구직을 선택하게 된 계기 좀 알려주세요,R&D 연구직 계기,R&D 연구직 직무 선택 계기는 보통 무엇인가요?,R&D 연구직을 뚜렷한 계기 없이 선택해도 괜찮을까요?",R&D 연구직을 택하게 되는 동기는 주로 무엇인가요?,R&D 연구직은 보통 어쩌다 하게 돼?,R&D 연구직 현직자들은 어케 이 직무를 고르게 됐어요?,R&D 연구직 선택 계기,저는 R&D 연구직을 고민 중인데 다른 사람들은 보통 어떤 계기로 선택하나요?,R&D 연구직을 선택하게 된 계기 좀 알려주세요,R&D 연구직 계기,R&D 연구직 직무 선택 계기는 보통 무엇인가요?,R&D 연구직을 뚜렷한 계기 없이 선택해도 괜찮을까요?
103,103,S-C06-001,역량개발·준비계획,연구·엔지니어링·제조기술,연구·R&D 직무에서 커리어 성장을 위해 어떤 준비를 하면 좋을까요?,연구직에서는 커리어 성장을 위해 영어 실력을 꾸준히 키워나가는 경우가 많습니다. 연구 용어 자체가 영어로 쓰이는 경우가 많다 보니 영어 독해와 작문 능력이 자연스럽게 중요해지기 때문입니다. 영어 실력은 업무 수행 능력을 끌어올리는 데 도움이 되는 요소로 꼽힙니다. 회사에서 자기개발을 적극적으로 지원해 주는 경우 이를 활용해 꾸준히 공부하는 것도 좋은 방법입니다.,사람인 현직자 인터뷰 크롤링,사람인 현직자 인터뷰 - 티앤엘 (기술연구소 연구 2팀),https://www.saramin.co.kr/zf_user/career-information/senior-view?doc_idx=23943 (Q8),창상피복재 연구직 현직자가 Q8에서 밝힌 커리어 성장 준비 방법 요약,2026-10-03,미검토,,상,"사람인 현직자 인터뷰 기반 수집, 원문 저작권 보호를 위해 요약만 저장 | 수집일: 2026-10-03",N,"R&D 연구직에서 경력을 키우려면 어떤 준비가 필요할까요?,R&D 연구직에서 커리어 키우려면 뭐 준비해?,R&D 연구직 현직자는 커리어 성장 위해 머 준비해요?,R&D 연구직 커리어 성장 준비,저는 R&D 연구직으로 일하고 있는데 커리어 성장을 위해 무엇을 준비하면 좋을까요?,R&D 연구직 커리어 성장 준비법 알려줘,R&D 커리어 성장,R&D 연구직에서 경력 개발을 위해 어떤 준비를 하면 좋을까요?,R&D 연구직에서 커리어 준비를 따로 안 해도 괜찮을까요?",R&D 연구직에서 경력을 키우려면 어떤 준비가 필요할까요?,R&D 연구직에서 커리어 키우려면 뭐 준비해?,R&D 연구직 현직자는 커리어 성장 위해 머 준비해요?,R&D 연구직 커리어 성장 준비,저는 R&D 연구직으로 일하고 있는데 커리어 성장을 위해 무엇을 준비하면 좋을까요?,R&D 연구직 커리어 성장 준비법 알려줘,R&D 커리어 성장,R&D 연구직에서 경력 개발을 위해 어떤 준비를 하면 좋을까요?,R&D 연구직에서 커리어 준비를 따로 안 해도 괜찮을까요?
104,104,S-C06-002,역량개발·준비계획,연구·엔지니어링·제조기술,연구·R&D 직무를 준비하려면 무엇을 하면 좋을까요?,"의료기기 연구직을 준비한다면 먼저 전공 분야의 학문적 지식과 기초 역량을 충분히 쌓는 것이 중요합니다. 이후에는 실제 연구 현장에서의 경험을 쌓는 과정이 뒤따라야 합니다. 대학원 과정이나 연구실 프로젝트 참여, 인턴십 등을 통해 연구 활동을 직간접적으로 경험해 보는 것이 추천됩니다. 더불어 연구직은 영어 자료를 접할 일이 많으므로 어학 공부도 함께 병행하는 것이 좋습니다.",사람인 현직자 인터뷰 크롤링,사람인 현직자 인터뷰 - 티앤엘 (기술연구소 연구 2팀),https://www.saramin.co.kr/zf_user/career-information/senior-view?doc_idx=23943 (Q10),의료기기 연구직 현직자가 Q10에서 밝힌 후배 추천 활동 요약,2026-10-03,미검토,,상,"사람인 현직자 인터뷰 기반 수집, 원문 저작권 보호를 위해 요약만 저장 | 수집일: 2026-10-03",N,"R&D 연구직에 지원하려면 어떤 준비를 해야 하나요?,R&D 연구직 준비하려면 뭐 해야 돼?,R&D 연구직 취준 어케 해요?,R&D 연구직 취업 준비 방법,저는 R&D 연구직을 목표로 하는 학생인데 무엇부터 준비하면 좋을까요?,R&D 연구직 준비 방법 좀 알려주세요,R&D 연구직 준비,R&D 연구직 입사 준비는 무엇을 하면 좋을까요?,R&D 연구직 준비를 늦게 시작해도 괜찮을까요?",R&D 연구직에 지원하려면 어떤 준비를 해야 하나요?,R&D 연구직 준비하려면 뭐 해야 돼?,R&D 연구직 취준 어케 해요?,R&D 연구직 취업 준비 방법,저는 R&D 연구직을 목표로 하는 학생인데 무엇부터 준비하면 좋을까요?,R&D 연구직 준비 방법 좀 알려주세요,R&D 연구직 준비,R&D 연구직 입사 준비는 무엇을 하면 좋을까요?,R&D 연구직 준비를 늦게 시작해도 괜찮을까요?
105,105,S-C01-003,직무 탐색·전환,연구·엔지니어링·제조기술,건설·건축 직무는 구체적으로 어떤 일을 하나요?,이 기관은 차세대 자동차 기술을 개발하는 부품업체와 연구기관을 지원하기 위해 주행시험로(PG)와 각종 시험 시설을 운영하고 있습니다. 담당 업무는 이러한 주행시험로를 효율적으로 관리하는 일이 중심이 됩니다. 더불어 시설을 활용한 신규 사업을 기획하고 운영하는 업무도 함께 맡게 됩니다. 즉 시설 운영 관리와 사업 기획이 결합된 형태의 직무라고 볼 수 있습니다.,사람인 현직자 인터뷰 크롤링,사람인 현직자 인터뷰 - 지능형자동차부품진흥원 (PG 운영본부),https://www.saramin.co.kr/zf_user/career-information/senior-view?doc_idx=23778 (Q2),자동차 시험시설 운영 직무 현직자가 Q2에서 밝힌 담당 업무 설명 요약,2026-10-03,미검토,,상,"사람인 현직자 인터뷰 기반 수집, 원문 저작권 보호를 위해 요약만 저장 | 수집일: 2026-10-03",N,"건설 건축 직무는 실제로 어떤 업무를 맡나요?,건설 건축 직무는 무슨 일 해?,건설 건축 직무 현직자는 머 하는지 궁금해요,건설 건축 직무 업무 내용,저는 건설 건축 직무에 관심이 있는데 구체적으로 어떤 일을 하는지 궁금해요,건설 건축 직무 하는 일 좀 알려줘,건설 건축 업무,건설 건축 분야 직무는 입사하면 구체적으로 어떤 일을 하나요?,건설 건축 직무가 하는 일을 잘 모르고 지원해도 괜찮을까요?",건설 건축 직무는 실제로 어떤 업무를 맡나요?,건설 건축 직무는 무슨 일 해?,건설 건축 직무 현직자는 머 하는지 궁금해요,건설 건축 직무 업무 내용,저는 건설 건축 직무에 관심이 있는데 구체적으로 어떤 일을 하는지 궁금해요,건설 건축 직무 하는 일 좀 알려줘,건설 건축 업무,건설 건축 분야 직무는 입사하면 구체적으로 어떤 일을 하나요?,건설 건축 직무가 하는 일을 잘 모르고 지원해도 괜찮을까요?
106,106,S-C01-004,직무 탐색·전환,연구·엔지니어링·제조기술,건설·건축 직무의 매력은 무엇인가요?,이 직무의 가장 큰 매력은 차세대 자동차 기술 발전에 직접 기여할 수 있다는 점입니다. 주행시험로를 통해 차량의 성능과 안전성을 평가하는 과정에서 산업 발전에 실질적으로 보탬이 되는 경험을 할 수 있습니다. 또한 신규 사업을 기획하고 운영하면서 자동차 산업의 미래를 선도하는 역할도 수행하게 됩니다. 이러한 업무 특성 덕분에 매번 새롭고 흥미로운 경험을 할 수 있다는 점이 큰 매력으로 꼽힙니다.,사람인 현직자 인터뷰 크롤링,사람인 현직자 인터뷰 - 지능형자동차부품진흥원 (PG 운영본부),https://www.saramin.co.kr/zf_user/career-information/senior-view?doc_idx=23778 (Q3),자동차 시험시설 운영 직무 현직자가 Q3에서 밝힌 직무 매력 요약,2026-10-03,미검토,,상,"사람인 현직자 인터뷰 기반 수집, 원문 저작권 보호를 위해 요약만 저장 | 수집일: 2026-10-03",N,"건설 건축 직무의 장점은 무엇인가요?,건설 건축 직무는 뭐가 좋아?,건설 건축 직무 현직자가 느끼는 매력 머예요?,건설 건축 직무 매력,저는 건설 건축 직무를 고민 중인데 이 직무의 매력이 궁금해요,건설 건축 직무 매력 좀 알려주세요,건설 건축 매력,건설 건축 분야 직무로 일할 때 느끼는 매력은 무엇인가요?,건설 건축 직무를 매력만 보고 선택해도 괜찮을까요?",건설 건축 직무의 장점은 무엇인가요?,건설 건축 직무는 뭐가 좋아?,건설 건축 직무 현직자가 느끼는 매력 머예요?,건설 건축 직무 매력,저는 건설 건축 직무를 고민 중인데 이 직무의 매력이 궁금해요,건설 건축 직무 매력 좀 알려주세요,건설 건축 매력,건설 건축 분야 직무로 일할 때 느끼는 매력은 무엇인가요?,건설 건축 직무를 매력만 보고 선택해도 괜찮을까요?
107,107,S-C01-005,직무 탐색·전환,연구·엔지니어링·제조기술,건설·건축 직무에서 경력을 쌓으면 어떻게 성장하나요?,"자동차 시험로는 건축물과 기계설비를 함께 운영해야 하는 특성이 있어, 관련 설비를 지속적으로 관리하는 업무를 맡게 됩니다. 급수설비나 터널, 다양한 형태의 노면 등 시험로 내 여러 시설을 체계적으로 관리하는 경험이 쌓이게 됩니다. 이 과정을 거치면서 시설관리자로서의 전문 역량을 점차 키워나갈 수 있습니다. 결국 경력이 쌓일수록 다양한 설비를 아우르는 종합적인 시설관리 전문가로 성장할 기회를 얻게 됩니다.",사람인 현직자 인터뷰 크롤링,사람인 현직자 인터뷰 - 지능형자동차부품진흥원 (PG 운영본부),https://www.saramin.co.kr/zf_user/career-information/senior-view?doc_idx=23778 (Q4),자동차 시험시설 운영 직무 현직자가 Q4에서 밝힌 경력 성장 경로 요약,2026-10-03,미검토,,상,"사람인 현직자 인터뷰 기반 수집, 원문 저작권 보호를 위해 요약만 저장 | 수집일: 2026-10-03",N,"건설 건축 직무에서 연차가 쌓이면 어떻게 발전하나요?,건설 건축 직무 경력 쌓이면 어떻게 커?,건설 건축 직무 경력 쌓으면 커리어 어케 돼요?,건설 건축 직무 경력 성장 경로,저는 건설 건축 직무로 입사를 준비 중인데 경력을 쌓으면 어떻게 성장하는지 궁금해요,건설 건축 직무 경력 성장 과정 알려줘,건설 건축 경력,건설 건축 직무에서 업무 경력을 쌓으면 어떤 방향으로 성장하나요?,건설 건축 직무로 경력을 쌓아도 성장할 수 있을까요?",건설 건축 직무에서 연차가 쌓이면 어떻게 발전하나요?,건설 건축 직무 경력 쌓이면 어떻게 커?,건설 건축 직무 경력 쌓으면 커리어 어케 돼요?,건설 건축 직무 경력 성장 경로,저는 건설 건축 직무로 입사를 준비 중인데 경력을 쌓으면 어떻게 성장하는지 궁금해요,건설 건축 직무 경력 성장 과정 알려줘,건설 건축 경력,건설 건축 직무에서 업무 경력을 쌓으면 어떤 방향으로 성장하나요?,건설 건축 직무로 경력을 쌓아도 성장할 수 있을까요?
108,108,S-C06-003,역량개발·준비계획,연구·엔지니어링·제조기술,건설·건축 직무에 필요한 역량/지식은 무엇인가요?,"이 직무를 수행하려면 건축과 기계에 대한 지식을 갖추고 있는 것이 유리합니다. 다양한 장비와 시설의 유지관리 업무를 효과적으로 처리하는 데 직접적으로 도움이 되기 때문입니다. 더불어 자동차 기술 개발을 지원하는 기관의 특성상 자동차에 관한 기본적인 지식도 필요합니다. 실제로 일반기계기사와 같은 관련 자격증을 보유하고 있으면 업무에 도움이 되며, 기관 특성상 행정 업무도 함께 수행하므로 컴퓨터 관련 자격증도 갖추고 있으면 좋습니다.",사람인 현직자 인터뷰 크롤링,사람인 현직자 인터뷰 - 지능형자동차부품진흥원 (PG 운영본부),https://www.saramin.co.kr/zf_user/career-information/senior-view?doc_idx=23778 (Q6),자동차 시험시설 운영 직무 현직자가 Q6에서 밝힌 필요 지식·자격 요약,2026-10-03,미검토,,상,"사람인 현직자 인터뷰 기반 수집, 원문 저작권 보호를 위해 요약만 저장 | 수집일: 2026-10-03",N,"건설 건축 직무에 요구되는 능력과 지식은 무엇인가요?,건설 건축 직무 하려면 뭘 알아야 돼?,건설 건축 직무 필요 역량 머예요?,건설 건축 직무 필요 역량 지식,저는 건설 건축 직무를 준비하는데 어떤 역량과 지식이 필요할까요?,건설 건축 직무에 필요한 역량 알려주세요,건설 건축 필요 지식,건설 건축 직무 업무 수행에 필요한 역량과 지식은?,건설 건축 직무에 필요한 지식이 부족해도 괜찮을까요?",건설 건축 직무에 요구되는 능력과 지식은 무엇인가요?,건설 건축 직무 하려면 뭘 알아야 돼?,건설 건축 직무 필요 역량 머예요?,건설 건축 직무 필요 역량 지식,저는 건설 건축 직무를 준비하는데 어떤 역량과 지식이 필요할까요?,건설 건축 직무에 필요한 역량 알려주세요,건설 건축 필요 지식,건설 건축 직무 업무 수행에 필요한 역량과 지식은?,건설 건축 직무에 필요한 지식이 부족해도 괜찮을까요?
109,109,S-C06-004,역량개발·준비계획,연구·엔지니어링·제조기술,건설·건축 직무에서 커리어 성장을 위해 어떤 준비를 하면 좋을까요?,시설관리 업무 외에도 직무 역량을 넓히기 위해 실무 과정에서 스스로 학습하는 시간을 꾸준히 가지는 것이 중요합니다. 자동차 관련 기술과 산업 동향은 변화가 빠른 분야이기 때문에 관련 기사나 논문을 통해 트렌드를 계속 주시해야 합니다. 특정 사업을 담당하는 경우에는 그 사업과 관련된 국내외 자료를 꼼꼼히 살펴보는 노력도 필요합니다. 수출 지원 관련 업무를 맡는다면 관련 규제사항과 인증 품목에 대한 내용도 지속적으로 모니터링하는 것이 좋습니다.,사람인 현직자 인터뷰 크롤링,사람인 현직자 인터뷰 - 지능형자동차부품진흥원 (PG 운영본부),https://www.saramin.co.kr/zf_user/career-information/senior-view?doc_idx=23778 (Q7),자동차 시험시설 운영 직무 현직자가 Q7에서 밝힌 커리어 성장 준비 요약,2026-10-03,미검토,,상,"사람인 현직자 인터뷰 기반 수집, 원문 저작권 보호를 위해 요약만 저장 | 수집일: 2026-10-03",N,"건설 건축 직무에서 경력을 키우려면 어떤 준비가 필요할까요?,건설 건축 직무 커리어 키우려면 뭐 준비해?,건설 건축 직무 현직자는 커리어 성장 위해 머 준비해요?,건설 건축 직무 커리어 성장 준비,저는 건설 건축 직무로 일하는데 커리어 성장을 위해 무엇을 준비하면 좋을까요?,건설 건축 직무 커리어 성장 준비법 알려줘,건설 건축 커리어,건설 건축 직무에서 경력 개발을 위해 어떤 준비를 하면 좋을까요?,건설 건축 직무에서 커리어 준비를 따로 안 해도 괜찮을까요?",건설 건축 직무에서 경력을 키우려면 어떤 준비가 필요할까요?,건설 건축 직무 커리어 키우려면 뭐 준비해?,건설 건축 직무 현직자는 커리어 성장 위해 머 준비해요?,건설 건축 직무 커리어 성장 준비,저는 건설 건축 직무로 일하는데 커리어 성장을 위해 무엇을 준비하면 좋을까요?,건설 건축 직무 커리어 성장 준비법 알려줘,건설 건축 커리어,건설 건축 직무에서 경력 개발을 위해 어떤 준비를 하면 좋을까요?,건설 건축 직무에서 커리어 준비를 따로 안 해도 괜찮을까요?
110,111,S-C01-007,직무 탐색·전환,연구·엔지니어링·제조기술,연구·R&D 직무의 매력은 무엇인가요?,"화장품 연구직의 매력 중 하나는 머릿속 상상을 실제 제품으로 구현해낼 수 있다는 점입니다. 일상에서 화장품을 쓰며 떠올렸던 아이디어를 직접 제품으로 만들어보는 경험을 할 수 있습니다. 그렇게 만든 제품이 소비자의 공감을 얻을 때는 특별하고 보람된 감정을 느끼게 됩니다. 또한 여러 제품을 만들고 품평하는 과정에서 자신의 피부와 취향에 맞는 성분을 찾을 수 있어, 개인적인 피부관리에도 도움이 된다는 점이 장점으로 꼽힙니다.",사람인 현직자 인터뷰 크롤링,사람인 현직자 인터뷰 - 티앤엘 (기술연구소 연구4팀),https://www.saramin.co.kr/zf_user/career-information/senior-view?doc_idx=23889 (Q3),화장품 연구개발 직무 현직자가 Q3에서 밝힌 직무 매력 요약,2026-10-03,미검토,,상,"사람인 현직자 인터뷰 기반 수집, 원문 저작권 보호를 위해 요약만 저장 | 수집일: 2026-10-03",N,"R&D 연구직의 장점은 무엇인가요?,R&D 연구직은 뭐가 좋아?,R&D 연구직 현직자가 느끼는 매력 머예요?,R&D 연구직 매력,저는 R&D 연구직을 고민 중인데 이 직무의 매력이 궁금해요,R&D 연구직 매력 좀 알려주세요,R&D 매력,R&D 연구직으로 일할 때 느끼는 직무 매력은 무엇인가요?,R&D 연구직을 매력만 보고 선택해도 괜찮을까요?",R&D 연구직의 장점은 무엇인가요?,R&D 연구직은 뭐가 좋아?,R&D 연구직 현직자가 느끼는 매력 머예요?,R&D 연구직 매력,저는 R&D 연구직을 고민 중인데 이 직무의 매력이 궁금해요,R&D 연구직 매력 좀 알려주세요,R&D 매력,R&D 연구직으로 일할 때 느끼는 직무 매력은 무엇인가요?,R&D 연구직을 매력만 보고 선택해도 괜찮을까요?
111,113,S-C04-001,경험·포트폴리오,연구·엔지니어링·제조기술,연구·R&D 직무를 하면서 쌓이는 노하우에는 어떤 것이 있나요?,"기초 화장품 분야에서는 향이 제품의 완성도를 좌우하는 중요한 요소로 작용합니다. 업무를 반복하다 보면 향을 좀 더 세밀하게 조합하는 노하우가 자연스럽게 쌓이게 됩니다. 탑노트와 베이스노트의 향을 직접 섞어보고, 화장품 안에서 어떻게 발향되는지 확인하는 과정을 반복하면서 감각적인 지식이 축적됩니다. 이러한 실험 경험은 향에 대한 이해도를 높이는 데 실질적인 도움이 됩니다.",사람인 현직자 인터뷰 크롤링,사람인 현직자 인터뷰 - 티앤엘 (기술연구소 연구4팀),https://www.saramin.co.kr/zf_user/career-information/senior-view?doc_idx=23889 (Q6),화장품 연구개발 직무 현직자가 Q6에서 밝힌 업무 노하우 요약,2026-10-03,미검토,,중,"사람인 현직자 인터뷰 기반 수집, 원문 저작권 보호를 위해 요약만 저장 | 수집일: 2026-10-03",N,"R&D 연구직으로 일하며 얻게 되는 노하우는 무엇인가요?,R&D 연구직 하다 보면 어떤 노하우 생겨?,R&D 연구직 현직자 노하우 머 있어요?,R&D 연구직 업무 노하우,저는 R&D 연구직을 준비하는데 일하면서 쌓이는 노하우가 궁금해요,R&D 연구직 노하우 좀 알려줘,R&D 노하우,R&D 연구직 실무 경험으로 쌓이는 노하우는 어떤 것이 있나요?,R&D 연구직 노하우가 없는 신입이어도 괜찮을까요?",R&D 연구직으로 일하며 얻게 되는 노하우는 무엇인가요?,R&D 연구직 하다 보면 어떤 노하우 생겨?,R&D 연구직 현직자 노하우 머 있어요?,R&D 연구직 업무 노하우,저는 R&D 연구직을 준비하는데 일하면서 쌓이는 노하우가 궁금해요,R&D 연구직 노하우 좀 알려줘,R&D 노하우,R&D 연구직 실무 경험으로 쌓이는 노하우는 어떤 것이 있나요?,R&D 연구직 노하우가 없는 신입이어도 괜찮을까요?
112,114,S-C06-006,역량개발·준비계획,연구·엔지니어링·제조기술,연구·R&D 직무에 필요한 역량/지식은 무엇인가요?,"화장품 연구직에서는 화학적 지식이 업무 전반에 큰 도움이 됩니다. 각종 실험 기계의 사용법이나 보습·미용 관련 화장품 성분, 미생물·세포에 대한 기본 지식도 실무에 유용하게 쓰입니다. 오피스 프로그램 활용 같은 기본적인 업무 능력도 당연히 필요한 부분입니다. 다만 이러한 지식이 다소 부족하더라도 예술적이고 감각적인 감수성이 중요하게 작용하는 분야이기 때문에, 의지가 있다면 누구나 도전해볼 수 있는 직무라고 할 수 있습니다.",사람인 현직자 인터뷰 크롤링,사람인 현직자 인터뷰 - 티앤엘 (기술연구소 연구4팀),https://www.saramin.co.kr/zf_user/career-information/senior-view?doc_idx=23889 (Q8),화장품 연구개발 직무 현직자가 Q8에서 밝힌 필요 지식 요약,2026-10-03,미검토,,상,"사람인 현직자 인터뷰 기반 수집, 원문 저작권 보호를 위해 요약만 저장 | 수집일: 2026-10-03",N,"R&D 연구직에 요구되는 능력과 지식은 무엇인가요?,R&D 연구직 하려면 뭘 알아야 돼?,R&D 연구직 필요 역량 머예요?,R&D 연구직 필요 역량 지식,저는 R&D 연구직을 준비하는데 어떤 역량과 지식이 필요할까요?,R&D 연구직에 필요한 역량 알려주세요,R&D 필요 지식,R&D 연구직 업무 수행에 필요한 역량과 지식은?,R&D 연구직에 필요한 지식이 부족해도 괜찮을까요?",R&D 연구직에 요구되는 능력과 지식은 무엇인가요?,R&D 연구직 하려면 뭘 알아야 돼?,R&D 연구직 필요 역량 머예요?,R&D 연구직 필요 역량 지식,저는 R&D 연구직을 준비하는데 어떤 역량과 지식이 필요할까요?,R&D 연구직에 필요한 역량 알려주세요,R&D 필요 지식,R&D 연구직 업무 수행에 필요한 역량과 지식은?,R&D 연구직에 필요한 지식이 부족해도 괜찮을까요?
113,117,S-C01-009,직무 탐색·전환,연구·엔지니어링·제조기술,건설·건축 직무를 선택하게 되는 계기는 보통 무엇인가요?,"이 분야로 오게 된 현직자는 원래 고객상담 업무에 관심을 두고 관련 직종을 찾아보고 있었다고 밝혔습니다. 그러던 중 입찰이나 공동도급처럼 생소한 분야를 접하게 되면서, 그 전문성에 매력을 느끼게 되었습니다. 이후 이 분야의 전문가로 성장해보고 싶다는 마음을 가지고 해당 직무를 선택하게 되었습니다.",사람인 현직자 인터뷰 크롤링,사람인 현직자 인터뷰 - 터전 (비지니스 브릿지 사업부),https://www.saramin.co.kr/zf_user/career-information/senior-view?doc_idx=23478 (Q3),건설 공동도급 전문 직무 현직자가 Q3에서 밝힌 직무 선택 계기 요약,2026-10-03,미검토,,상,"사람인 현직자 인터뷰 기반 수집, 원문 저작권 보호를 위해 요약만 저장 | 수집일: 2026-10-03",N,"건설 건축 직무를 택하게 되는 동기는 주로 무엇인가요?,건설 건축 직무는 보통 어쩌다 하게 돼?,건설 건축 직무 현직자들은 어케 이 직무를 고르게 됐어요?,건설 건축 직무 선택 계기,저는 건설 건축 직무를 고민 중인데 다른 사람들은 보통 어떤 계기로 선택하나요?,건설 건축 직무 선택 계기 좀 알려주세요,건설 건축 계기,건설 건축 직무 선택 동기로는 보통 어떤 경험이 있나요?,건설 건축 직무를 뚜렷한 계기 없이 선택해도 괜찮을까요?",건설 건축 직무를 택하게 되는 동기는 주로 무엇인가요?,건설 건축 직무는 보통 어쩌다 하게 돼?,건설 건축 직무 현직자들은 어케 이 직무를 고르게 됐어요?,건설 건축 직무 선택 계기,저는 건설 건축 직무를 고민 중인데 다른 사람들은 보통 어떤 계기로 선택하나요?,건설 건축 직무 선택 계기 좀 알려주세요,건설 건축 계기,건설 건축 직무 선택 동기로는 보통 어떤 경험이 있나요?,건설 건축 직무를 뚜렷한 계기 없이 선택해도 괜찮을까요?
114,122,S-C06-010,역량개발·준비계획,연구·엔지니어링·제조기술,연구·R&D 직무에서 전문성을 쌓으려면 어떻게 해야 하나요?,신규 의료기기 제품을 개발하려면 개발 프로토콜 전반을 이해하는 것이 우선적으로 필요합니다. 각 단계에서 요구되는 개발 및 허가 관련 문서를 찾아보고 학습하는 과정도 중요한 부분을 차지합니다. 아직 제품 개발을 처음부터 끝까지 경험해보지 못한 경우에는 기존 개발 제품의 문서를 참고하거나 선배들의 조언을 구하는 방법이 실질적인 도움이 됩니다.,사람인 현직자 인터뷰 크롤링,사람인 현직자 인터뷰 - 제노스 (개발팀),https://www.saramin.co.kr/zf_user/career-information/senior-view?doc_idx=23241 (Q4),의료기기 개발 직무 현직자가 Q4에서 밝힌 전문성 강화 노력 요약,2026-10-03,미검토,,상,"사람인 현직자 인터뷰 기반 수집, 원문 저작권 보호를 위해 요약만 저장 | 수집일: 2026-10-03",N,"R&D 연구직에서 전문 역량을 키우려면 어떻게 해야 하나요?,R&D 연구직 전문성 쌓으려면 어떻게 해?,R&D 연구직 전문성 어케 키워요?,R&D 연구직 전문성 쌓는 방법,저는 R&D 연구직 신입인데 전문성을 쌓으려면 어떻게 해야 할까요?,R&D 연구직 전문성 쌓는 법 알려줘,R&D 전문성,R&D 연구직 업무 전문성을 높이려면 무엇을 해야 하나요?,R&D 연구직에서 전문성이 부족하면 불리할까요?",R&D 연구직에서 전문 역량을 키우려면 어떻게 해야 하나요?,R&D 연구직 전문성 쌓으려면 어떻게 해?,R&D 연구직 전문성 어케 키워요?,R&D 연구직 전문성 쌓는 방법,저는 R&D 연구직 신입인데 전문성을 쌓으려면 어떻게 해야 할까요?,R&D 연구직 전문성 쌓는 법 알려줘,R&D 전문성,R&D 연구직 업무 전문성을 높이려면 무엇을 해야 하나요?,R&D 연구직에서 전문성이 부족하면 불리할까요?
115,123,S-C01-012,직무 탐색·전환,연구·엔지니어링·제조기술,연구·R&D 직무의 전망은 어떤가요?,"국내 의료기기 산업은 아직 해외 수입 제품의 비중이 높아, 다양한 종류의 제품 개발이 꾸준히 필요한 상황입니다. 그만큼 앞으로 발전 가능성이 큰 산업으로 평가받고 있습니다. 글로벌 시장에 진출하려면 차별화되고 경쟁력 있는 제품을 개발하는 일이 필수적이기 때문에, 개발 직무의 역할과 중요성은 더욱 커질 전망입니다. 전 세계적인 수준에서는 아직 미미한 편이지만, 특정 품목에서는 국내 기업이 경쟁력과 인지도를 갖추고 있는 경우도 있어 성장 가능성을 보여줍니다.",사람인 현직자 인터뷰 크롤링,사람인 현직자 인터뷰 - 제노스 (개발팀),https://www.saramin.co.kr/zf_user/career-information/senior-view?doc_idx=23241 (Q7),의료기기 개발 직무 현직자가 Q7에서 밝힌 산업 전망 요약,2026-10-03,미검토,,상,"사람인 현직자 인터뷰 기반 수집, 원문 저작권 보호를 위해 요약만 저장 | 수집일: 2026-10-03",N,"R&D 연구직의 미래 전망은 어떤가요?,R&D 연구직 전망 어때?,R&D 연구직 앞으로 전망 괜찮음?,R&D 연구직 전망,저는 R&D 연구직을 고려 중인데 앞으로 전망이 어떤지 궁금해요,R&D 연구직 전망 좀 알려주세요,R&D 연구직 미래,R&D 연구직 직무의 향후 산업 전망은 어떤가요?,R&D 연구직을 선택해도 전망 면에서 괜찮을까요?",R&D 연구직의 미래 전망은 어떤가요?,R&D 연구직 전망 어때?,R&D 연구직 앞으로 전망 괜찮음?,R&D 연구직 전망,저는 R&D 연구직을 고려 중인데 앞으로 전망이 어떤지 궁금해요,R&D 연구직 전망 좀 알려주세요,R&D 연구직 미래,R&D 연구직 직무의 향후 산업 전망은 어떤가요?,R&D 연구직을 선택해도 전망 면에서 괜찮을까요?
116,126,S-C01-013,직무 탐색·전환,연구·엔지니어링·제조기술,온택트중개사 직무는 구체적으로 어떤 일을 하나요?,"이 직무는 비대면 기술을 활용한 아파트 중개 업무를 수행합니다. 중개를 의뢰받은 매물의 VR홈투어나 랜선홈투어 콘텐츠를 제작하는 일을 담당합니다. 이를 바탕으로 비대면 라이브 상담을 진행하고, 필요에 따라 대면 투어와 계약까지 중개의 전 과정을 책임지게 됩니다.",사람인 현직자 인터뷰 크롤링,사람인 현직자 인터뷰 - 온택트파트너스 (온택트중개사),https://www.saramin.co.kr/zf_user/career-information/senior-view?doc_idx=22831 (Q2),비대면 부동산 중개 직무 현직자가 Q2에서 밝힌 담당 업무 설명 요약,2026-10-03,미검토,,상,"사람인 현직자 인터뷰 기반 수집, 원문 저작권 보호를 위해 요약만 저장 | 수집일: 2026-10-03",N,"온택트중개사는 실제로 어떤 업무를 맡나요?,온택트중개사는 무슨 일 해?,온택트중개사 현직자는 머 하는지 궁금해요,온택트중개사 업무 내용,저는 온택트중개사 직무에 관심이 있는데 구체적으로 어떤 일을 하나요?,온택트중개사 하는 일 좀 알려줘,온택트중개사 업무,온택트중개사 직무는 입사하면 구체적으로 어떤 일을 하나요?,온택트중개사가 하는 일을 잘 모르고 지원해도 괜찮을까요?",온택트중개사는 실제로 어떤 업무를 맡나요?,온택트중개사는 무슨 일 해?,온택트중개사 현직자는 머 하는지 궁금해요,온택트중개사 업무 내용,저는 온택트중개사 직무에 관심이 있는데 구체적으로 어떤 일을 하나요?,온택트중개사 하는 일 좀 알려줘,온택트중개사 업무,온택트중개사 직무는 입사하면 구체적으로 어떤 일을 하나요?,온택트중개사가 하는 일을 잘 모르고 지원해도 괜찮을까요?
117,127,S-C01-014,직무 탐색·전환,연구·엔지니어링·제조기술,온택트중개사 직무를 선택하게 되는 계기는 보통 무엇인가요?,"영어통번역학을 전공한 현직자는 전공을 살려 진로를 결정하는 데 확신이 없어 오랜 시간 고민했다고 밝혔습니다. 고민 끝에 부동산 분야로 방향을 잡고, 처음에는 감정평가사 시험을 준비했지만 합격하지 못해 차선으로 공인중개사 자격증을 취득하게 되었습니다. 이후 부동산 관련 기업을 찾아보던 중 관련 플랫폼의 비대면 중개 모집 공고를 발견해 지원하게 되었습니다.",사람인 현직자 인터뷰 크롤링,사람인 현직자 인터뷰 - 온택트파트너스 (온택트중개사),https://www.saramin.co.kr/zf_user/career-information/senior-view?doc_idx=22831 (Q6),비대면 부동산 중개 직무 현직자가 Q6에서 밝힌 직무 선택 계기 요약,2026-10-03,미검토,,상,"사람인 현직자 인터뷰 기반 수집, 원문 저작권 보호를 위해 요약만 저장 | 수집일: 2026-10-03",N,"온택트중개사 직무를 택하게 되는 동기는 주로 무엇인가요?,온택트중개사는 보통 어쩌다 하게 돼?,온택트중개사 현직자들은 어케 이 직무를 고르게 됐어요?,온택트중개사 직무 선택 계기,저는 온택트중개사 직무를 고민 중인데 보통 어떤 계기로 선택하나요?,온택트중개사 선택 계기 좀 알려주세요,온택트중개사 계기,온택트중개사 직무 선택 동기는 보통 무엇인가요?,온택트중개사를 뚜렷한 계기 없이 선택해도 괜찮을까요?",온택트중개사 직무를 택하게 되는 동기는 주로 무엇인가요?,온택트중개사는 보통 어쩌다 하게 돼?,온택트중개사 현직자들은 어케 이 직무를 고르게 됐어요?,온택트중개사 직무 선택 계기,저는 온택트중개사 직무를 고민 중인데 보통 어떤 계기로 선택하나요?,온택트중개사 선택 계기 좀 알려주세요,온택트중개사 계기,온택트중개사 직무 선택 동기는 보통 무엇인가요?,온택트중개사를 뚜렷한 계기 없이 선택해도 괜찮을까요?
118,128,S-C01-015,직무 탐색·전환,연구·엔지니어링·제조기술,온택트중개사 직무의 매력은 무엇인가요?,"이 직무의 매력은 부동산 플랫폼 기업과 파트너십을 맺고 함께 일한다는 점에 있습니다. 플랫폼 기업의 기술을 직접 경험하고 활용하면서 새로운 중개 서비스를 수행할 수 있어, 시장 변화를 다른 참여자들보다 앞서 체감할 수 있습니다. 다른 산업들처럼 부동산 산업 역시 플랫폼·테크 기업이 주도하는 흐름으로 바뀌어갈 것으로 예상되며, 이러한 변화의 중심에 있다는 점이 매력으로 꼽힙니다.",사람인 현직자 인터뷰 크롤링,사람인 현직자 인터뷰 - 온택트파트너스 (온택트중개사),https://www.saramin.co.kr/zf_user/career-information/senior-view?doc_idx=22831 (Q7),비대면 부동산 중개 직무 현직자가 Q7에서 밝힌 직무 매력 요약,2026-10-03,미검토,,상,"사람인 현직자 인터뷰 기반 수집, 원문 저작권 보호를 위해 요약만 저장 | 수집일: 2026-10-03",N,"온택트중개사 직무의 장점은 무엇인가요?,온택트중개사는 뭐가 좋아?,온택트중개사 현직자가 느끼는 매력 머예요?,온택트중개사 직무 매력,저는 온택트중개사 직무를 고민 중인데 이 직무의 매력이 궁금해요,온택트중개사 매력 좀 알려주세요,온택트중개사 매력,온택트중개사 직무로 일할 때 느끼는 매력은 무엇인가요?,온택트중개사를 매력만 보고 선택해도 괜찮을까요?",온택트중개사 직무의 장점은 무엇인가요?,온택트중개사는 뭐가 좋아?,온택트중개사 현직자가 느끼는 매력 머예요?,온택트중개사 직무 매력,저는 온택트중개사 직무를 고민 중인데 이 직무의 매력이 궁금해요,온택트중개사 매력 좀 알려주세요,온택트중개사 매력,온택트중개사 직무로 일할 때 느끼는 매력은 무엇인가요?,온택트중개사를 매력만 보고 선택해도 괜찮을까요?
119,129,S-C06-013,역량개발·준비계획,연구·엔지니어링·제조기술,온택트중개사 직무에서 커리어 성장을 위해 어떤 준비를 하면 좋을까요?,"부동산 업계에서 자리를 잡으려면 전문성을 갖추고 다양한 경험을 쌓는 것이 중요합니다. 전문성을 키우기 위해 관련 법령과 이론을 꾸준히 공부하고, 매년 관련 자격증을 하나씩 취득하는 방식으로 노력하는 경우가 많습니다. 다양한 경험을 쌓기 위해서는 회사가 제공하는 외부 활동이나 직무 관련 기회에 적극적으로 참여하는 태도도 필요합니다.",사람인 현직자 인터뷰 크롤링,사람인 현직자 인터뷰 - 온택트파트너스 (온택트중개사),https://www.saramin.co.kr/zf_user/career-information/senior-view?doc_idx=22831 (Q8),비대면 부동산 중개 직무 현직자가 Q8에서 밝힌 커리어 성장 준비 요약,2026-10-03,미검토,,상,"사람인 현직자 인터뷰 기반 수집, 원문 저작권 보호를 위해 요약만 저장 | 수집일: 2026-10-03",N,"온택트중개사 직무에서 경력을 키우려면 어떤 준비가 필요할까요?,온택트중개사 커리어 키우려면 뭐 준비해?,온택트중개사 현직자는 커리어 성장 위해 머 준비해요?,온택트중개사 커리어 성장 준비,저는 온택트중개사로 일하는데 커리어 성장을 위해 무엇을 준비하면 좋을까요?,온택트중개사 커리어 성장 준비법 알려줘,온택트중개사 커리어,온택트중개사 직무에서 경력 개발을 위해 어떤 준비를 하면 좋을까요?,온택트중개사로 커리어 준비를 따로 안 해도 괜찮을까요?",온택트중개사 직무에서 경력을 키우려면 어떤 준비가 필요할까요?,온택트중개사 커리어 키우려면 뭐 준비해?,온택트중개사 현직자는 커리어 성장 위해 머 준비해요?,온택트중개사 커리어 성장 준비,저는 온택트중개사로 일하는데 커리어 성장을 위해 무엇을 준비하면 좋을까요?,온택트중개사 커리어 성장 준비법 알려줘,온택트중개사 커리어,온택트중개사 직무에서 경력 개발을 위해 어떤 준비를 하면 좋을까요?,온택트중개사로 커리어 준비를 따로 안 해도 괜찮을까요?
120,136,S-C01-019,직무 탐색·전환,연구·엔지니어링·제조기술,연구·R&D 직무 현직자는 회사를 선택할 때 어떤 점을 중요하게 봤을까요?,"회사를 선택할 때는 그 회사의 성장 가능성과, 그 안에서 자신이 얼마나 배우고 성장할 수 있는지를 중요하게 고려하는 경우가 많습니다. 매출과 조직 규모 면에서 꾸준히 성장하고, 특정 시장에서 전문성과 선두 지위를 갖춘 회사라면 커리어 측면에서 매력적인 선택지가 될 수 있습니다. 실제로 근무해보면 직원 복지와 사내 문화를 지속적으로 개선해나가는 노력이 느껴지는 회사가 있는데, 이는 정해진 제도에 머물지 않고 구성원의 성장과 소통을 위해 계속 시도하는 모습에서 드러납니다.",사람인 현직자 인터뷰 크롤링,사람인 현직자 인터뷰 - 파마리서치 (연구소(DNA lab)),https://www.saramin.co.kr/zf_user/career-information/senior-view?doc_idx=23200 (Q9),의료기기 연구개발 직무 현직자가 Q9에서 밝힌 회사 선택 기준 요약,2026-10-03,미검토,,상,"사람인 현직자 인터뷰 기반 수집, 원문 저작권 보호를 위해 요약만 저장 | 수집일: 2026-10-03",N,"R&D 연구직 현직자는 회사를 고를 때 무엇을 중시했을까요?,R&D 연구직 현직자는 회사 고를 때 뭐 봤어?,R&D 연구직 현직자는 회사 선택 기준이 머예요?,R&D 연구직 현직자 회사 선택 기준,저는 R&D 연구직으로 지원할 회사를 고르는 중인데 현직자는 어떤 점을 중요하게 봤나요?,R&D 연구직 현직자의 회사 선택 기준 알려주세요,R&D 회사 선택,R&D 연구직 현직자가 입사할 회사를 선택할 때 중요하게 본 점은?,R&D 연구직으로 회사를 고를 때 기준 없이 골라도 괜찮을까요?",R&D 연구직 현직자는 회사를 고를 때 무엇을 중시했을까요?,R&D 연구직 현직자는 회사 고를 때 뭐 봤어?,R&D 연구직 현직자는 회사 선택 기준이 머예요?,R&D 연구직 현직자 회사 선택 기준,저는 R&D 연구직으로 지원할 회사를 고르는 중인데 현직자는 어떤 점을 중요하게 봤나요?,R&D 연구직 현직자의 회사 선택 기준 알려주세요,R&D 회사 선택,R&D 연구직 현직자가 입사할 회사를 선택할 때 중요하게 본 점은?,R&D 연구직으로 회사를 고를 때 기준 없이 골라도 괜찮을까요?
121,137,S-C01-020,직무 탐색·전환,경영·사무·인사,지점장 직무는 구체적으로 어떤 일을 하나요?,"엘리베이터 유지보수 서비스를 담당하는 지점장은 정기점검과 보수, 고객 대응 서비스 전반을 관리하는 역할을 맡습니다. 고객의 안전을 최우선으로 두고, 현장 엔지니어들이 안전 기준과 기술 절차에 따라 업무를 수행할 수 있도록 운영 체계와 작업 환경을 관리합니다. 기술적인 이슈가 발생했을 때 의사결정을 지원하고, 인력 배치와 부품 공급, 업무 프로세스를 조율해 현장이 안정적으로 돌아가도록 돕는 일도 포함됩니다. 아울러 리스크 요인을 사전에 점검해 사고를 예방하고, 고객 요구를 분석해 서비스 품질을 높이는 데에도 신경을 씁니다.",사람인 현직자 인터뷰 크롤링,사람인 현직자 인터뷰 - 오티스서비스엑스퍼트 (지점장),https://www.saramin.co.kr/zf_user/career-information/senior-view?doc_idx=24549 (Q3),엘리베이터 서비스 지점장 직무 현직자가 Q3에서 밝힌 담당 업무 설명 요약,2026-10-03,미검토,,상,"사람인 현직자 인터뷰 기반 수집, 원문 저작권 보호를 위해 요약만 저장 | 수집일: 2026-10-03",N,"지점장은 실제로 어떤 업무를 담당하나요?,지점장은 무슨 일 해?,지점장 직무 현직자는 머 하는지 궁금해요,지점장 직무 업무 내용,저는 지점장 직무에 관심이 생겼는데 구체적으로 어떤 일을 하는지 궁금해요,지점장이 하는 일 좀 알려줘,지점장 업무,지점장 직무는 회사에서 구체적으로 어떤 역할을 맡나요?,지점장 업무를 잘 모르고 지원해도 괜찮을까요?",지점장은 실제로 어떤 업무를 담당하나요?,지점장은 무슨 일 해?,지점장 직무 현직자는 머 하는지 궁금해요,지점장 직무 업무 내용,저는 지점장 직무에 관심이 생겼는데 구체적으로 어떤 일을 하는지 궁금해요,지점장이 하는 일 좀 알려줘,지점장 업무,지점장 직무는 회사에서 구체적으로 어떤 역할을 맡나요?,지점장 업무를 잘 모르고 지원해도 괜찮을까요?
122,138,S-C01-021,직무 탐색·전환,경영·사무·인사,지점장 직무의 매력은 무엇인가요?,"엘리베이터는 일상에서 가장 높은 수준의 안전성과 신뢰성이 요구되는 설비입니다. 이러한 환경에서 안전과 품질을 관리하고 서비스 수준을 끌어올리는 역할에 큰 매력을 느낀다는 의견이 많습니다. 현장에서 발생하는 기술적 문제를 해결하고, 엔지니어들이 표준화된 절차에 따라 안정적으로 업무를 수행하도록 지원하는 일은 고객의 안전과 서비스 품질 향상에 직접적으로 이어진다는 점에서 의미가 크다고 평가됩니다.",사람인 현직자 인터뷰 크롤링,사람인 현직자 인터뷰 - 오티스서비스엑스퍼트 (지점장),https://www.saramin.co.kr/zf_user/career-information/senior-view?doc_idx=24549 (Q4),엘리베이터 서비스 지점장 직무 현직자가 Q4에서 밝힌 직무 매력 요약,2026-10-03,미검토,,상,"사람인 현직자 인터뷰 기반 수집, 원문 저작권 보호를 위해 요약만 저장 | 수집일: 2026-10-03",N,"지점장 직무의 장점은 무엇인가요?,지점장 일은 뭐가 좋아?,지점장 직무 현직자가 꼽는 매력 머예요?,지점장 직무 매력,저는 지점장 직무를 목표로 하는데 이 일의 매력이 궁금해요,지점장 직무 매력 좀 알려주세요,지점장 매력,지점장 직무로 일하면서 느끼는 매력은 무엇인가요?,지점장 직무를 매력만 보고 선택해도 괜찮을까요?",지점장 직무의 장점은 무엇인가요?,지점장 일은 뭐가 좋아?,지점장 직무 현직자가 꼽는 매력 머예요?,지점장 직무 매력,저는 지점장 직무를 목표로 하는데 이 일의 매력이 궁금해요,지점장 직무 매력 좀 알려주세요,지점장 매력,지점장 직무로 일하면서 느끼는 매력은 무엇인가요?,지점장 직무를 매력만 보고 선택해도 괜찮을까요?
123,139,S-C06-017,역량개발·준비계획,경영·사무·인사,지점장 직무에서 전문성을 쌓으려면 어떻게 해야 하나요?,"현장 엔지니어들과 정기적으로 소통하면서 현장에서 겪는 어려움과 개선점을 파악하는 것이 중요합니다. 이렇게 파악한 내용을 운영 프로세스에 반영해 서비스 품질과 안전 수준을 지속적으로 높여나가게 됩니다. 전문성을 꾸준히 유지하기 위해서는 현장 데이터 분석, 기술 역량 강화, 안전 기준 점검, 표준 절차 학습 등을 지속적으로 이어가는 노력이 필요합니다.",사람인 현직자 인터뷰 크롤링,사람인 현직자 인터뷰 - 오티스서비스엑스퍼트 (지점장),https://www.saramin.co.kr/zf_user/career-information/senior-view?doc_idx=24549 (Q7),엘리베이터 서비스 지점장 직무 현직자가 Q7에서 밝힌 전문성 강화 노력 요약,2026-10-03,미검토,,상,"사람인 현직자 인터뷰 기반 수집, 원문 저작권 보호를 위해 요약만 저장 | 수집일: 2026-10-03",N,"지점장 직무에서 전문 역량을 키우려면 어떻게 해야 하나요?,지점장 전문성 쌓으려면 어떻게 해?,지점장 직무 전문성 어케 키워요?,지점장 직무 전문성 쌓는 방법,저는 지점장 직무를 맡게 됐는데 전문성을 쌓으려면 어떻게 해야 할까요?,지점장 전문성 쌓는 법 알려줘,지점장 전문성,지점장 직무 업무 전문성을 높이려면 무엇을 해야 하나요?,지점장 직무에서 전문성이 부족하면 불리할까요?",지점장 직무에서 전문 역량을 키우려면 어떻게 해야 하나요?,지점장 전문성 쌓으려면 어떻게 해?,지점장 직무 전문성 어케 키워요?,지점장 직무 전문성 쌓는 방법,저는 지점장 직무를 맡게 됐는데 전문성을 쌓으려면 어떻게 해야 할까요?,지점장 전문성 쌓는 법 알려줘,지점장 전문성,지점장 직무 업무 전문성을 높이려면 무엇을 해야 하나요?,지점장 직무에서 전문성이 부족하면 불리할까요?
124,140,S-C01-022,직무 탐색·전환,경영·사무·인사,지점장 직무의 전망은 어떤가요?,"엘리베이터 산업은 꾸준한 성장세를 보이고 있으며, 설비가 복잡해질수록 서비스 엔지니어의 전문성이 더욱 중요해지고 있습니다. 예방 정비와 데이터 기반 유지보수가 확대되면서, 엔지니어는 단순 점검을 넘어 설비를 진단하고 기술적으로 판단하는 핵심 인력으로 성장할 것으로 전망됩니다. 고객의 안전 요구와 서비스 기대 수준이 높아짐에 따라, 서비스와 고객 신뢰를 관리하는 직무 역시 안정적이고 발전 가능성이 큰 분야로 평가됩니다.",사람인 현직자 인터뷰 크롤링,사람인 현직자 인터뷰 - 오티스서비스엑스퍼트 (지점장),https://www.saramin.co.kr/zf_user/career-information/senior-view?doc_idx=24549 (Q9),엘리베이터 서비스 지점장 직무 현직자가 Q9에서 밝힌 산업 전망 요약,2026-10-03,미검토,,상,"사람인 현직자 인터뷰 기반 수집, 원문 저작권 보호를 위해 요약만 저장 | 수집일: 2026-10-03",N,"지점장 직무의 미래 전망은 어떤가요?,지점장 직무 전망 어때?,지점장 직무 앞으로 전망 괜찮음?,지점장 직무 전망,저는 지점장 직무를 고려 중인데 앞으로 전망이 어떤지 궁금해요,지점장 직무 전망 좀 알려주세요,지점장 미래,지점장 직무의 향후 산업 전망은 어떤가요?,지점장 직무를 선택해도 전망 면에서 괜찮을까요?",지점장 직무의 미래 전망은 어떤가요?,지점장 직무 전망 어때?,지점장 직무 앞으로 전망 괜찮음?,지점장 직무 전망,저는 지점장 직무를 고려 중인데 앞으로 전망이 어떤지 궁금해요,지점장 직무 전망 좀 알려주세요,지점장 미래,지점장 직무의 향후 산업 전망은 어떤가요?,지점장 직무를 선택해도 전망 면에서 괜찮을까요?
125,141,S-C06-018,역량개발·준비계획,경영·사무·인사,지점장 직무에서 커리어 성장을 위해 어떤 준비를 하면 좋을까요?,"직무에 대한 기술적 이해와 운영 관리 역량을 키우기 위해 현장 데이터 분석, 기술 능력 강화, 안전 기준 학습, 조직 운영 프로세스 개선 등에 꾸준히 투자하는 것이 중요합니다. 엔지니어들과 지속적으로 소통하면서 현장의 변화와 요구를 빠르게 파악하는 노력도 함께 이어가야 합니다. 이렇게 파악한 내용을 운영 체계에 반영해 나가는 과정을 통해 전문성을 점차 높일 수 있습니다.",사람인 현직자 인터뷰 크롤링,사람인 현직자 인터뷰 - 오티스서비스엑스퍼트 (지점장),https://www.saramin.co.kr/zf_user/career-information/senior-view?doc_idx=24549 (Q11),엘리베이터 서비스 지점장 직무 현직자가 Q11에서 밝힌 커리어 성장 준비 요약,2026-10-03,미검토,,상,"사람인 현직자 인터뷰 기반 수집, 원문 저작권 보호를 위해 요약만 저장 | 수집일: 2026-10-03",N,"지점장 직무에서 경력을 키우려면 어떤 준비가 필요할까요?,지점장 커리어 키우려면 뭐 준비해?,지점장 직무 현직자는 커리어 성장 위해 머 준비해요?,지점장 직무 커리어 성장 준비,저는 지점장 직무로 일하는데 커리어 성장을 위해 무엇을 준비하면 좋을까요?,지점장 커리어 성장 준비법 알려줘,지점장 커리어,지점장 직무에서 경력 개발을 위해 어떤 준비를 하면 좋을까요?,지점장 직무에서 커리어 준비를 따로 안 해도 괜찮을까요?",지점장 직무에서 경력을 키우려면 어떤 준비가 필요할까요?,지점장 커리어 키우려면 뭐 준비해?,지점장 직무 현직자는 커리어 성장 위해 머 준비해요?,지점장 직무 커리어 성장 준비,저는 지점장 직무로 일하는데 커리어 성장을 위해 무엇을 준비하면 좋을까요?,지점장 커리어 성장 준비법 알려줘,지점장 커리어,지점장 직무에서 경력 개발을 위해 어떤 준비를 하면 좋을까요?,지점장 직무에서 커리어 준비를 따로 안 해도 괜찮을까요?
126,142,S-C06-019,역량개발·준비계획,경영·사무·인사,인사·노무·HRD 직무에서는 어떤 시스템이나 프로그램을 사용하나요?,"인사 직무에서는 효율적인 운영을 위해 여러 전산 시스템을 함께 활용하는 경우가 많습니다. HR 통합 솔루션을 통해 채용, 성과 평가, 교육·개발, 직원 정보 관리 등 인사 업무 전반을 체계적으로 처리하고, 외부 학습 플랫폼과 연동해 구성원들이 자기주도적으로 역량을 개발할 수 있도록 지원하기도 합니다. 급여와 복리후생 관리는 별도의 HR 정보시스템으로 일원화해 운영하며, 데이터 분석 도구를 활용해 인사 전략과 의사결정을 뒷받침합니다. 또한 협업 툴과 시각화 도구를 함께 사용해 커뮤니케이션과 성과 모니터링을 병행합니다.",사람인 현직자 인터뷰 크롤링,사람인 현직자 인터뷰 - 한국이콜랩 (인사부),https://www.saramin.co.kr/zf_user/career-information/senior-view?doc_idx=24345 (Q4),인사 직무 현직자가 Q4에서 밝힌 업무용 시스템·프로그램 활용 요약,2026-10-03,미검토,,상,"사람인 현직자 인터뷰 기반 수집, 원문 저작권 보호를 위해 요약만 저장 | 수집일: 2026-10-03",N,"인사 노무 HRD 직무에서는 어떤 전산 시스템이나 툴을 쓰나요?,인사 노무 HRD 직무는 무슨 프로그램 써?,인사 노무 HRD 현직자는 시스템 머 써요?,인사 노무 HRD 사용 프로그램 시스템,저는 인사 노무 HRD 직무를 준비하는데 어떤 시스템이나 프로그램을 사용하는지 궁금해요,인사 노무 HRD 직무에서 쓰는 프로그램 알려주세요,HRD 사용 툴,인사 노무 HRD 직무 실무에서 사용하는 업무 시스템은 무엇인가요?,인사 노무 HRD 직무에 쓰는 프로그램을 몰라도 괜찮을까요?",인사 노무 HRD 직무에서는 어떤 전산 시스템이나 툴을 쓰나요?,인사 노무 HRD 직무는 무슨 프로그램 써?,인사 노무 HRD 현직자는 시스템 머 써요?,인사 노무 HRD 사용 프로그램 시스템,저는 인사 노무 HRD 직무를 준비하는데 어떤 시스템이나 프로그램을 사용하는지 궁금해요,인사 노무 HRD 직무에서 쓰는 프로그램 알려주세요,HRD 사용 툴,인사 노무 HRD 직무 실무에서 사용하는 업무 시스템은 무엇인가요?,인사 노무 HRD 직무에 쓰는 프로그램을 몰라도 괜찮을까요?
127,143,S-C06-020,역량개발·준비계획,경영·사무·인사,인사·노무·HRD 직무에서 커리어 성장을 위해 어떤 준비를 하면 좋을까요?,"커리어 성장을 위해 특별한 무언가를 미리 준비했다기보다는, 기회가 왔을 때 놓치지 않겠다는 마음으로 주어진 업무에 최선을 다하는 자세가 중요하다는 의견이 있습니다. 처음에는 낯선 업무가 부담스럽게 느껴지더라도, 직접 부딪히고 실수를 통해 배우는 과정에서 자연스럽게 역량이 쌓이게 됩니다. 돌이켜보면 당시 맡았던 업무들이 회사가 자신의 가능성을 믿고 준 기회였으며, 그 기회를 어떻게 받아들이느냐에 따라 성장의 속도가 달라진다는 점을 깨닫게 됩니다. 아울러 정직하고 신뢰를 지키는 태도를 꾸준히 유지하는 것이 동료들과의 신뢰 형성뿐 아니라 업무 역량과 대인관계 능력을 함께 키우는 데에도 도움이 됩니다.",사람인 현직자 인터뷰 크롤링,사람인 현직자 인터뷰 - 한국이콜랩 (인사부),https://www.saramin.co.kr/zf_user/career-information/senior-view?doc_idx=24345 (Q7),인사 직무 현직자가 Q7에서 밝힌 커리어 성장 경험 요약,2026-10-03,미검토,,상,"사람인 현직자 인터뷰 기반 수집, 원문 저작권 보호를 위해 요약만 저장 | 수집일: 2026-10-03",N,"인사 노무 HRD 직무에서 경력을 키우려면 어떤 준비가 필요할까요?,인사 노무 HRD 커리어 키우려면 뭐 준비해?,인사 노무 HRD 현직자는 커리어 성장 위해 머 준비해요?,인사 노무 HRD 커리어 성장 준비,저는 인사 노무 HRD 직무로 일하는데 커리어 성장을 위해 무엇을 준비하면 좋을까요?,인사 노무 HRD 커리어 성장 준비법 알려줘,HRD 커리어 성장,인사 노무 HRD 직무에서 경력 개발을 위해 어떤 준비를 하면 좋을까요?,인사 노무 HRD 직무에서 커리어 준비를 따로 안 해도 괜찮을까요?",인사 노무 HRD 직무에서 경력을 키우려면 어떤 준비가 필요할까요?,인사 노무 HRD 커리어 키우려면 뭐 준비해?,인사 노무 HRD 현직자는 커리어 성장 위해 머 준비해요?,인사 노무 HRD 커리어 성장 준비,저는 인사 노무 HRD 직무로 일하는데 커리어 성장을 위해 무엇을 준비하면 좋을까요?,인사 노무 HRD 커리어 성장 준비법 알려줘,HRD 커리어 성장,인사 노무 HRD 직무에서 경력 개발을 위해 어떤 준비를 하면 좋을까요?,인사 노무 HRD 직무에서 커리어 준비를 따로 안 해도 괜찮을까요?
128,144,S-C01-023,직무 탐색·전환,경영·사무·인사,"아직 직무를 정하지 못했다면, 인사·노무·HRD 직무 현직자는 어떤 조언을 해줄까요?","진로를 정하지 못했다면 스펙보다 자신이 진심으로 중요하게 여기는 가치가 무엇인지를 먼저 파악하는 것이 중요합니다. 스스로에게 끊임없이 질문을 던지고 다양한 시도를 해보는 과정을 통해 자신과 잘 맞는 조직을 찾아가는 것이 추천됩니다. 그 과정에서 결국 자신만의 답을 찾게 될 가능성이 높습니다. 무엇보다 자신이 하는 일이 누군가에게, 그리고 세상에 실제로 도움이 된다는 감각을 느낄 수 있는 일을 선택하는 것이 오래도록 즐겁게 일할 수 있는 바탕이 됩니다.",사람인 현직자 인터뷰 크롤링,사람인 현직자 인터뷰 - 한국이콜랩 (인사부),https://www.saramin.co.kr/zf_user/career-information/senior-view?doc_idx=24345 (Q11),인사 직무 현직자가 Q11에서 밝힌 취업준비생을 위한 조언 요약,2026-10-03,미검토,,상,"사람인 현직자 인터뷰 기반 수집, 원문 저작권 보호를 위해 요약만 저장 | 수집일: 2026-10-03",N,"직무를 아직 고르지 못했다면 인사 노무 HRD 현직자는 어떤 조언을 하나요?,직무 아직 못 정했는데 인사 노무 HRD 현직자는 뭐라고 조언해?,직무 못 정한 취준생한테 인사 노무 HRD 현직자 조언 머예요?,직무 미정 인사 노무 HRD 현직자 조언,저는 아직 직무를 정하지 못한 취준생인데 인사 노무 HRD 현직자의 조언을 듣고 싶어요,직무 못 정했을 때 인사 노무 HRD 현직자 조언 좀 알려주세요,직무 미정 HRD 조언,희망 직무를 정하지 못한 취준생에게 인사 노무 HRD 현직자가 주는 조언은?,직무를 아직 못 정한 상태여도 괜찮을까요? 인사 노무 HRD 현직자 의견이 궁금해요",직무를 아직 고르지 못했다면 인사 노무 HRD 현직자는 어떤 조언을 하나요?,직무 아직 못 정했는데 인사 노무 HRD 현직자는 뭐라고 조언해?,직무 못 정한 취준생한테 인사 노무 HRD 현직자 조언 머예요?,직무 미정 인사 노무 HRD 현직자 조언,저는 아직 직무를 정하지 못한 취준생인데 인사 노무 HRD 현직자의 조언을 듣고 싶어요,직무 못 정했을 때 인사 노무 HRD 현직자 조언 좀 알려주세요,직무 미정 HRD 조언,희망 직무를 정하지 못한 취준생에게 인사 노무 HRD 현직자가 주는 조언은?,직무를 아직 못 정한 상태여도 괜찮을까요? 인사 노무 HRD 현직자 의견이 궁금해요
129,145,S-C01-024,직무 탐색·전환,경영·사무·인사,재무 및 전략기획 직무는 구체적으로 어떤 일을 하나요?,경영기획 조직에서 재무와 전략을 담당하는 직무는 투자 유치와 투자자 관계(IR) 관련 업무를 주요하게 다룹니다. 이와 함께 데이터 분석 도구를 활용해 추출한 데이터를 기반으로 각종 지표를 분석하는 업무도 수행합니다. 재무 모델링을 통해 회사의 중장기 계획을 수립하고 전략을 마련하는 것도 이 직무의 핵심 역할입니다.,사람인 현직자 인터뷰 크롤링,사람인 현직자 인터뷰 - 모두싸인 (재무 및 전략기획),https://www.saramin.co.kr/zf_user/career-information/senior-view?doc_idx=21585 (Q1),재무·전략기획 직무 현직자가 Q1에서 밝힌 담당 업무 설명 요약,2026-10-03,미검토,,상,"사람인 현직자 인터뷰 기반 수집, 원문 저작권 보호를 위해 요약만 저장 | 수집일: 2026-10-03",N,"재무 및 전략기획 직무는 실제로 어떤 업무를 맡나요?,재무 전략기획 직무는 무슨 일 해?,재무 전략기획 현직자는 머 하는지 궁금해요,재무 전략기획 직무 업무 내용,저는 재무 및 전략기획 직무에 관심이 있는데 구체적으로 어떤 일을 하는지 궁금해요,재무 전략기획 직무 하는 일 좀 알려줘,재무 전략기획 업무,재무 및 전략기획 직무는 회사에서 구체적으로 어떤 역할을 하나요?,재무 전략기획 직무가 하는 일을 잘 모르고 지원해도 괜찮을까요?",재무 및 전략기획 직무는 실제로 어떤 업무를 맡나요?,재무 전략기획 직무는 무슨 일 해?,재무 전략기획 현직자는 머 하는지 궁금해요,재무 전략기획 직무 업무 내용,저는 재무 및 전략기획 직무에 관심이 있는데 구체적으로 어떤 일을 하는지 궁금해요,재무 전략기획 직무 하는 일 좀 알려줘,재무 전략기획 업무,재무 및 전략기획 직무는 회사에서 구체적으로 어떤 역할을 하나요?,재무 전략기획 직무가 하는 일을 잘 모르고 지원해도 괜찮을까요?
130,146,S-C06-021,역량개발·준비계획,경영·사무·인사,재무 및 전략기획 직무의 전문성을 높이기 위해 어떤 노력을 하나요?,"재무·전략기획 직무에서는 소프트웨어 기업의 특성상 DB에 쌓이는 데이터와 재무 데이터를 함께 분석하는 역량이 중요합니다. 이를 위해 현직자들은 틈틈이 Python(주피터, 판다스)과 SQL을 학습하며 데이터를 추출하고 가공하는 코드 작성 연습을 꾸준히 합니다. 온라인 강의 플랫폼을 활용해 실무에 바로 적용할 수 있는 기술을 익히는 방식이 효과적이라고 조언합니다. 결국 매일 새로운 데이터를 효율적으로 다룰 수 있는 코드를 짜보는 습관이 전문성 향상에 도움이 됩니다.",사람인 현직자 인터뷰 크롤링,사람인 현직자 인터뷰 - 모두싸인 (재무 및 전략기획),https://www.saramin.co.kr/zf_user/career-information/senior-view?doc_idx=21585 (Q3),재무·전략기획 직무 현직자가 Q3에서 밝힌 직무 전문성 향상 노력 답변 요약,2026-10-03,미검토,,상,"사람인 현직자 인터뷰 기반 수집, 원문 저작권 보호를 위해 요약만 저장 | 수집일: 2026-10-03",N,"재무 및 전략기획 직무의 전문 역량을 키우려면 어떤 노력을 하나요?,재무 전략기획 직무 전문성 높이려고 뭐 해?,재무 전략기획 현직자는 전문성 어케 키워요?,재무 전략기획 직무 전문성 향상 노력,저는 재무 및 전략기획 직무로 일하는데 전문성을 높이려면 어떤 노력을 해야 할까요?,재무 전략기획 직무 전문성 높이는 방법 알려줘,재무 전략기획 전문성,재무 및 전략기획 직무에서 업무 전문성을 높이기 위해 현직자는 무엇을 하나요?,재무 전략기획 직무에서 전문성이 부족하면 불리할까요?",재무 및 전략기획 직무의 전문 역량을 키우려면 어떤 노력을 하나요?,재무 전략기획 직무 전문성 높이려고 뭐 해?,재무 전략기획 현직자는 전문성 어케 키워요?,재무 전략기획 직무 전문성 향상 노력,저는 재무 및 전략기획 직무로 일하는데 전문성을 높이려면 어떤 노력을 해야 할까요?,재무 전략기획 직무 전문성 높이는 방법 알려줘,재무 전략기획 전문성,재무 및 전략기획 직무에서 업무 전문성을 높이기 위해 현직자는 무엇을 하나요?,재무 전략기획 직무에서 전문성이 부족하면 불리할까요?
131,147,S-C06-022,역량개발·준비계획,경영·사무·인사,재무 및 전략기획 직무에서는 주로 어떤 프로그램이나 툴을 사용하나요?,"재무 업무에서는 구글 스프레드시트를 주로 활용하는데, MS 엑셀에 비해 기능이 크게 부족하지 않으면서도 공유와 동시 편집이 쉽다는 장점이 있습니다. 데이터 분석 업무는 Jupyter의 Pandas를 통해 수행하며, SQL로 불러온 데이터를 데이터프레임 형태로 다뤄 빠르고 유연하게 분석할 수 있습니다. 분석 결과는 슬랙이나 구글 시트로 바로 공유할 수 있어 협업에도 유리합니다. Python 기반 툴이라 라이브러리가 풍부하고 다양한 업무 자동화가 가능하다는 점도 강점으로 꼽힙니다.",사람인 현직자 인터뷰 크롤링,사람인 현직자 인터뷰 - 모두싸인 (재무 및 전략기획),https://www.saramin.co.kr/zf_user/career-information/senior-view?doc_idx=21585 (Q5),재무·전략기획 직무 현직자가 Q5에서 소개한 업무 툴 활용 답변 요약,2026-10-03,미검토,,상,"사람인 현직자 인터뷰 기반 수집, 원문 저작권 보호를 위해 요약만 저장 | 수집일: 2026-10-03",N,"재무 및 전략기획 직무에서는 어떤 소프트웨어나 도구를 주로 쓰나요?,재무 전략기획 직무는 무슨 툴 써?,재무 전략기획 현직자는 프로그램 머 써요?,재무 전략기획 사용 툴 프로그램,저는 재무 및 전략기획 직무를 준비하는데 주로 어떤 프로그램을 쓰는지 궁금해요,재무 전략기획 직무에서 쓰는 툴 알려주세요,재무 전략기획 툴,재무 및 전략기획 직무 실무에서 주로 사용하는 업무 툴은 무엇인가요?,재무 전략기획 직무에 쓰는 툴을 잘 몰라도 괜찮을까요?",재무 및 전략기획 직무에서는 어떤 소프트웨어나 도구를 주로 쓰나요?,재무 전략기획 직무는 무슨 툴 써?,재무 전략기획 현직자는 프로그램 머 써요?,재무 전략기획 사용 툴 프로그램,저는 재무 및 전략기획 직무를 준비하는데 주로 어떤 프로그램을 쓰는지 궁금해요,재무 전략기획 직무에서 쓰는 툴 알려주세요,재무 전략기획 툴,재무 및 전략기획 직무 실무에서 주로 사용하는 업무 툴은 무엇인가요?,재무 전략기획 직무에 쓰는 툴을 잘 몰라도 괜찮을까요?
132,148,S-C06-023,역량개발·준비계획,경영·사무·인사,재무 및 전략기획 직무를 준비하려면 어떤 자격증이나 역량을 갖추면 좋을까요?,"재무분석 역량을 넓히는 데에는 CFA 같은 재무 관련 자격증 준비가 도움이 됩니다. 준비 과정이 길고 힘들 수 있지만, 매일 조금씩 꾸준히 투자하면 지식과 자격증을 함께 얻을 수 있어 추천할 만합니다. 아울러 Javascript, Python 같은 스크립트 언어를 익혀두면 직무 수행은 물론 커리어 전반에도 큰 도움이 됩니다. 특히 Python은 웹 스크래핑 등 일반 업무에도 폭넓게 활용될 수 있어 배워두면 유용합니다.",사람인 현직자 인터뷰 크롤링,사람인 현직자 인터뷰 - 모두싸인 (재무 및 전략기획),https://www.saramin.co.kr/zf_user/career-information/senior-view?doc_idx=21585 (Q9),재무·전략기획 직무 현직자가 Q9에서 제시한 추천 자격증·역량 답변 요약,2026-10-03,미검토,,상,"사람인 현직자 인터뷰 기반 수집, 원문 저작권 보호를 위해 요약만 저장 | 수집일: 2026-10-03",N,"재무 및 전략기획 직무를 대비하려면 어떤 자격증이나 능력을 갖추면 좋나요?,재무 전략기획 직무 준비하려면 무슨 자격증이나 역량 필요해?,재무 전략기획 직무 취준할 때 자격증 머 따요?,재무 전략기획 직무 자격증 역량,저는 재무 및 전략기획 직무를 준비하는데 어떤 자격증이나 역량이 필요할까요?,재무 전략기획 직무 준비에 좋은 자격증이랑 역량 알려줘,재무 전략기획 자격증,재무 및 전략기획 직무 취업 준비에 필요한 자격증과 역량은?,재무 전략기획 직무 지원하는데 자격증이 없어도 괜찮을까요?",재무 및 전략기획 직무를 대비하려면 어떤 자격증이나 능력을 갖추면 좋나요?,재무 전략기획 직무 준비하려면 무슨 자격증이나 역량 필요해?,재무 전략기획 직무 취준할 때 자격증 머 따요?,재무 전략기획 직무 자격증 역량,저는 재무 및 전략기획 직무를 준비하는데 어떤 자격증이나 역량이 필요할까요?,재무 전략기획 직무 준비에 좋은 자격증이랑 역량 알려줘,재무 전략기획 자격증,재무 및 전략기획 직무 취업 준비에 필요한 자격증과 역량은?,재무 전략기획 직무 지원하는데 자격증이 없어도 괜찮을까요?
133,149,S-C02-001,채용공고·지원전략,경영·사무·인사,재무 및 전략기획 직무 채용에서 어떤 경험이나 강점이 어필될 수 있나요?,"재무·전략기획 직무에서는 한 분야에만 머물지 않고 다양한 조직과 역할을 경험한 점이 강점으로 작용할 수 있습니다. 대기업과 외국계 기업, 스타트업, 창업 등 여러 환경을 거친 경험이 채용 과정에서 긍정적으로 평가받았습니다. 재무 업무와 개발 업무를 동시에 경험한 것도 차별화된 포인트가 되었습니다. 다만 경험이 다양할수록 방향성이 흐려 보일 위험도 있으므로, 자신만의 전문 분야를 확실히 다져두는 균형이 중요합니다.",사람인 현직자 인터뷰 크롤링,사람인 현직자 인터뷰 - 모두싸인 (재무 및 전략기획),https://www.saramin.co.kr/zf_user/career-information/senior-view?doc_idx=21585 (Q10),재무·전략기획 직무 현직자가 Q10에서 밝힌 입사 당시 강점 답변 요약,2026-10-03,미검토,,중,"사람인 현직자 인터뷰 기반 수집, 원문 저작권 보호를 위해 요약만 저장 | 수집일: 2026-10-03",N,"재무 및 전략기획 직무 채용에서 어필이 되는 경험이나 장점은 무엇인가요?,재무 전략기획 직무 채용에서 어떤 경험이 먹혀?,재무 전략기획 직무 서합하려면 어떤 경험이 강점이에요?,재무 전략기획 직무 채용 어필 경험 강점,저는 재무 및 전략기획 직무에 지원하려는데 어떤 경험이나 강점을 어필하면 좋을까요?,재무 전략기획 직무 채용에서 어필할 강점 좀 알려주세요,재무 전략기획 어필 경험,재무 및 전략기획 직무 입사 지원 시 강점이 되는 경험은 무엇인가요?,재무 전략기획 직무 채용에서 내 경험이 강점이 안 되면 불리할까요?",재무 및 전략기획 직무 채용에서 어필이 되는 경험이나 장점은 무엇인가요?,재무 전략기획 직무 채용에서 어떤 경험이 먹혀?,재무 전략기획 직무 서합하려면 어떤 경험이 강점이에요?,재무 전략기획 직무 채용 어필 경험 강점,저는 재무 및 전략기획 직무에 지원하려는데 어떤 경험이나 강점을 어필하면 좋을까요?,재무 전략기획 직무 채용에서 어필할 강점 좀 알려주세요,재무 전략기획 어필 경험,재무 및 전략기획 직무 입사 지원 시 강점이 되는 경험은 무엇인가요?,재무 전략기획 직무 채용에서 내 경험이 강점이 안 되면 불리할까요?
134,150,S-C01-025,직무 탐색·전환,경영·사무·인사,기획·전략 직무는 구체적으로 어떤 일을 하나요?,"신사업개발 직무는 새로운 사업 아이템을 발굴하고 그 사업성을 검토하는 전반적인 사업개발 업무를 담당합니다. 시기와 상황에 따라 시장조사나 경제성 검토에 집중하기도 하고, 새로운 아이템 탐구에 몰두하기도 합니다. 정기적으로 반복되는 업무가 아니라 그때그때 과제의 성격이 달라지기 때문에, 효율적으로 일하는 방식을 스스로 고민하며 업무를 수행하게 됩니다.",사람인 현직자 인터뷰 크롤링,사람인 현직자 인터뷰 - 성신양회 (신사업개발팀),https://www.saramin.co.kr/zf_user/career-information/senior-view?doc_idx=23928 (Q2),신사업개발 직무 현직자가 Q2에서 소개한 담당 업무 답변 요약,2026-10-03,미검토,,상,"사람인 현직자 인터뷰 기반 수집, 원문 저작권 보호를 위해 요약만 저장 | 수집일: 2026-10-03",N,"기획 전략 직무는 실제로 어떤 업무를 맡나요?,기획 전략 직무는 무슨 일 해?,기획 전략 직무 현직자는 머 하는지 궁금해요,기획 전략 직무 업무 내용,저는 기획 전략 직무에 관심이 있는데 구체적으로 어떤 일을 하는지 궁금해요,기획 전략 직무 하는 일 좀 알려줘,기획 전략 업무,기획 전략 직무는 회사에서 구체적으로 어떤 역할을 하나요?,기획 전략 직무가 하는 일을 잘 모르고 지원해도 괜찮을까요?",기획 전략 직무는 실제로 어떤 업무를 맡나요?,기획 전략 직무는 무슨 일 해?,기획 전략 직무 현직자는 머 하는지 궁금해요,기획 전략 직무 업무 내용,저는 기획 전략 직무에 관심이 있는데 구체적으로 어떤 일을 하는지 궁금해요,기획 전략 직무 하는 일 좀 알려줘,기획 전략 업무,기획 전략 직무는 회사에서 구체적으로 어떤 역할을 하나요?,기획 전략 직무가 하는 일을 잘 모르고 지원해도 괜찮을까요?
135,151,S-C01-026,직무 탐색·전환,경영·사무·인사,기획·전략 직무의 가장 큰 매력이나 보람은 무엇인가요?,"신사업개발 직무는 책임감이 따르지만, 회사의 미래를 그려가는 미래지향적인 성격이 가장 큰 매력으로 꼽힙니다. 전통 제조업이라도 안전, ESG, 탄소 감축 같은 시대적 화두의 중심에서 신사업을 고민할 수 있다는 점이 매력적입니다. 새로운 지식과 경험을 쌓는 것을 선호하는 사람에게는 다양한 분야의 사람들과 교류하며 폭넓은 지식을 얻을 수 있다는 점도 장점입니다. 입사 전에는 몰랐던 것들을 하나씩 알아가는 과정에서 큰 만족감과 보람을 느낀다고 합니다.",사람인 현직자 인터뷰 크롤링,사람인 현직자 인터뷰 - 성신양회 (신사업개발팀),https://www.saramin.co.kr/zf_user/career-information/senior-view?doc_idx=23928 (Q3),신사업개발 직무 현직자가 Q3에서 밝힌 직무 매력·보람 답변 요약,2026-10-03,미검토,,상,"사람인 현직자 인터뷰 기반 수집, 원문 저작권 보호를 위해 요약만 저장 | 수집일: 2026-10-03",N,"기획 전략 직무에서 느끼는 가장 큰 장점이나 보람은 무엇인가요?,기획 전략 직무는 뭐가 제일 좋아?,기획 전략 직무 현직자가 꼽는 매력이나 보람 머예요?,기획 전략 직무 매력 보람,저는 기획 전략 직무를 고민 중인데 가장 큰 매력이나 보람이 궁금해요,기획 전략 직무 매력이랑 보람 좀 알려주세요,기획 전략 보람,기획 전략 직무로 일하며 얻는 가장 큰 보람은 무엇인가요?,기획 전략 직무를 매력만 보고 선택해도 괜찮을까요?",기획 전략 직무에서 느끼는 가장 큰 장점이나 보람은 무엇인가요?,기획 전략 직무는 뭐가 제일 좋아?,기획 전략 직무 현직자가 꼽는 매력이나 보람 머예요?,기획 전략 직무 매력 보람,저는 기획 전략 직무를 고민 중인데 가장 큰 매력이나 보람이 궁금해요,기획 전략 직무 매력이랑 보람 좀 알려주세요,기획 전략 보람,기획 전략 직무로 일하며 얻는 가장 큰 보람은 무엇인가요?,기획 전략 직무를 매력만 보고 선택해도 괜찮을까요?
136,152,S-C06-024,역량개발·준비계획,경영·사무·인사,기획·전략 직무에 필요한 지식이나 역량은 무엇인가요?,"신사업개발 직무에서는 사업의 타당성과 경제성을 판단하는 데 기본이 되는 회계·재무 지식이 가장 먼저 필요합니다. 해외 자료 조사나 해외 업체 미팅이 많아 외국어 역량도 함께 갖추면 좋습니다. 이 외에도 회사의 상황과 자원을 고려하는 판단력, 시대 흐름을 읽는 감각, 빠른 의사결정 능력과 창의성이 요구됩니다. 무엇보다 스스로 능동적으로 움직이고 탐구하며 아이디어를 연결·발전시키는 자세가 중요하다고 강조합니다.",사람인 현직자 인터뷰 크롤링,사람인 현직자 인터뷰 - 성신양회 (신사업개발팀),https://www.saramin.co.kr/zf_user/career-information/senior-view?doc_idx=23928 (Q4),신사업개발 직무 현직자가 Q4에서 밝힌 필요 지식·역량 답변 요약,2026-10-03,미검토,,상,"사람인 현직자 인터뷰 기반 수집, 원문 저작권 보호를 위해 요약만 저장 | 수집일: 2026-10-03",N,"기획 전략 직무에 요구되는 지식과 능력은 무엇인가요?,기획 전략 직무 하려면 뭘 알아야 돼?,기획 전략 직무 필요 역량 머예요?,기획 전략 직무 필요 지식 역량,저는 기획 전략 직무를 준비하는데 어떤 지식과 역량이 필요할까요?,기획 전략 직무에 필요한 역량 알려주세요,기획 전략 필요 역량,기획 전략 직무 업무 수행에 필요한 지식과 역량은?,기획 전략 직무에 필요한 지식이 부족해도 괜찮을까요?",기획 전략 직무에 요구되는 지식과 능력은 무엇인가요?,기획 전략 직무 하려면 뭘 알아야 돼?,기획 전략 직무 필요 역량 머예요?,기획 전략 직무 필요 지식 역량,저는 기획 전략 직무를 준비하는데 어떤 지식과 역량이 필요할까요?,기획 전략 직무에 필요한 역량 알려주세요,기획 전략 필요 역량,기획 전략 직무 업무 수행에 필요한 지식과 역량은?,기획 전략 직무에 필요한 지식이 부족해도 괜찮을까요?
137,153,S-C06-025,역량개발·준비계획,경영·사무·인사,기획·전략 직무에서 커리어 성장을 위해 어떤 준비를 하면 좋을까요?,신사업개발 직무 현직자는 직무와 연관된 외부 교육을 꾸준히 수강하며 실무에 빠르게 적용할 수 있는 지식을 쌓고 있습니다. 기업기술가치평가사 같은 자격증을 취득하거나 회계세무 관련 학위 과정에 편입하는 등 전문성을 넓히는 방법을 활용하기도 합니다. 장기적으로는 MBA 진학 같은 추가 학습 계획을 세우는 경우도 있습니다. 또한 사내 R&D·생산 부서의 전문가들에게 직접 배우는 것도 현장 지식을 쌓는 좋은 방법으로 소개됩니다.,사람인 현직자 인터뷰 크롤링,사람인 현직자 인터뷰 - 성신양회 (신사업개발팀),https://www.saramin.co.kr/zf_user/career-information/senior-view?doc_idx=23928 (Q6),신사업개발 직무 현직자가 Q6에서 밝힌 커리어 성장 준비 답변 요약,2026-10-03,미검토,,상,"사람인 현직자 인터뷰 기반 수집, 원문 저작권 보호를 위해 요약만 저장 | 수집일: 2026-10-03",N,"기획 전략 직무에서 경력을 키우려면 어떤 준비가 필요할까요?,기획 전략 직무 커리어 키우려면 뭐 준비해?,기획 전략 직무 현직자는 커리어 성장 위해 머 준비해요?,기획 전략 직무 커리어 성장 준비,저는 기획 전략 직무로 일하는데 커리어 성장을 위해 무엇을 준비하면 좋을까요?,기획 전략 직무 커리어 성장 준비법 알려줘,기획 전략 커리어,기획 전략 직무에서 경력 개발을 위해 어떤 준비를 하면 좋을까요?,기획 전략 직무에서 커리어 준비를 따로 안 해도 괜찮을까요?",기획 전략 직무에서 경력을 키우려면 어떤 준비가 필요할까요?,기획 전략 직무 커리어 키우려면 뭐 준비해?,기획 전략 직무 현직자는 커리어 성장 위해 머 준비해요?,기획 전략 직무 커리어 성장 준비,저는 기획 전략 직무로 일하는데 커리어 성장을 위해 무엇을 준비하면 좋을까요?,기획 전략 직무 커리어 성장 준비법 알려줘,기획 전략 커리어,기획 전략 직무에서 경력 개발을 위해 어떤 준비를 하면 좋을까요?,기획 전략 직무에서 커리어 준비를 따로 안 해도 괜찮을까요?
138,154,S-C06-026,역량개발·준비계획,경영·사무·인사,기획·전략 직무를 준비하려면 어떤 활동을 하면 좋을까요?,"신사업개발 직무는 특정 분야에 국한되지 않고 다양한 지식과 경험이 중요하기 때문에, 하나의 활동을 특정해서 추천하기는 어렵다고 합니다. 지식과 경험이 풍부할수록 다양한 상황을 이해하는 폭이 넓어지고 생각의 깊이도 더해진다고 설명합니다. 따라서 특정 분야에 국한되지 않는 꾸준한 호기심과 폭넓은 학습 태도가 이 직무를 준비하는 데 실질적으로 도움이 됩니다.",사람인 현직자 인터뷰 크롤링,사람인 현직자 인터뷰 - 성신양회 (신사업개발팀),https://www.saramin.co.kr/zf_user/career-information/senior-view?doc_idx=23928 (Q7),신사업개발 직무 현직자가 Q7에서 밝힌 추천 활동 답변 요약,2026-10-03,미검토,,상,"사람인 현직자 인터뷰 기반 수집, 원문 저작권 보호를 위해 요약만 저장 | 수집일: 2026-10-03",N,"기획 전략 직무를 대비하려면 어떤 경험을 쌓으면 좋을까요?,기획 전략 직무 준비하려면 무슨 활동 해야 돼?,기획 전략 직무 취준할 때 대외활 머 하면 좋아요?,기획 전략 직무 준비 활동,저는 기획 전략 직무를 목표로 하는데 어떤 활동을 하면 좋을까요?,기획 전략 직무 준비 활동 좀 추천해 주세요,기획 전략 준비 활동,기획 전략 직무 취업 준비로 어떤 활동 경험을 쌓으면 좋을까요?,기획 전략 직무 관련 활동이 없어도 괜찮을까요?",기획 전략 직무를 대비하려면 어떤 경험을 쌓으면 좋을까요?,기획 전략 직무 준비하려면 무슨 활동 해야 돼?,기획 전략 직무 취준할 때 대외활 머 하면 좋아요?,기획 전략 직무 준비 활동,저는 기획 전략 직무를 목표로 하는데 어떤 활동을 하면 좋을까요?,기획 전략 직무 준비 활동 좀 추천해 주세요,기획 전략 준비 활동,기획 전략 직무 취업 준비로 어떤 활동 경험을 쌓으면 좋을까요?,기획 전략 직무 관련 활동이 없어도 괜찮을까요?
139,155,S-C01-027,직무 탐색·전환,경영·사무·인사,"아직 직무를 정하지 못했다면, 기획·전략 직무 현직자는 어떤 조언을 해줄까요?","직장생활을 시작하기 전에는 미래에 어떤 일을 하는 사람이 되고 싶은지, 그리고 스스로 즐겁게 할 수 있는 일이 무엇인지 두 가지 기준을 세우는 것이 도움이 됩니다. 취업준비생에게는 자신만의 구직 기준을 명확히 세우는 것이 중요한 과제입니다. 기준이 뚜렷하면 지원하고자 하는 회사와 직무가 명확해져 준비 과정이 더 효율적으로 진행됩니다. 또한 입사 후 적응이나 예상치 못한 어려움에 부딪혔을 때도 이 기준이 중심을 잡아주는 역할을 합니다.",사람인 현직자 인터뷰 크롤링,사람인 현직자 인터뷰 - 성신양회 (신사업개발팀),https://www.saramin.co.kr/zf_user/career-information/senior-view?doc_idx=23928 (Q8),신사업개발 직무 현직자가 Q8에서 밝힌 진로 결정 조언 답변 요약,2026-10-03,미검토,,상,"사람인 현직자 인터뷰 기반 수집, 원문 저작권 보호를 위해 요약만 저장 | 수집일: 2026-10-03",N,"직무를 아직 고르지 못했다면 기획 전략 현직자는 어떤 조언을 하나요?,직무 아직 못 정했는데 기획 전략 현직자는 뭐라고 조언해?,직무 못 정한 취준생한테 기획 전략 현직자 조언 머예요?,직무 미정 기획 전략 현직자 조언,저는 아직 직무를 정하지 못한 취준생인데 기획 전략 현직자의 조언을 듣고 싶어요,직무 못 정했을 때 기획 전략 현직자 조언 좀 알려주세요,직무 미정 기획 전략 조언,희망 직무를 정하지 못한 취준생에게 기획 전략 현직자가 주는 조언은?,직무를 아직 못 정한 상태여도 괜찮을까요? 기획 전략 현직자 의견이 궁금해요",직무를 아직 고르지 못했다면 기획 전략 현직자는 어떤 조언을 하나요?,직무 아직 못 정했는데 기획 전략 현직자는 뭐라고 조언해?,직무 못 정한 취준생한테 기획 전략 현직자 조언 머예요?,직무 미정 기획 전략 현직자 조언,저는 아직 직무를 정하지 못한 취준생인데 기획 전략 현직자의 조언을 듣고 싶어요,직무 못 정했을 때 기획 전략 현직자 조언 좀 알려주세요,직무 미정 기획 전략 조언,희망 직무를 정하지 못한 취준생에게 기획 전략 현직자가 주는 조언은?,직무를 아직 못 정한 상태여도 괜찮을까요? 기획 전략 현직자 의견이 궁금해요
140,156,S-C01-028,직무 탐색·전환,경영·사무·인사,인사·노무·HRD 직무는 구체적으로 어떤 일을 하나요?,"인사 직무는 채용과 인사 시스템 전반을 담당합니다. 채용 공고 기획·제작부터 신규 입사자 계약 체결과 OJT, 신입 공채 기획까지 채용 전 과정을 폭넓게 다룹니다. 또한 유연근무제 정착을 위한 근로시간 관리 시스템 개발에 참여해 사용자 매뉴얼을 만들고, 사내 시스템의 개선점을 찾아 보완하는 업무도 병행합니다.",사람인 현직자 인터뷰 크롤링,사람인 현직자 인터뷰 - 아이티센엔텍 (인사실),https://www.saramin.co.kr/zf_user/career-information/senior-view?doc_idx=24217 (Q2),인사 직무 현직자가 Q2에서 소개한 담당 업무 답변 요약,2026-10-03,미검토,,상,"사람인 현직자 인터뷰 기반 수집, 원문 저작권 보호를 위해 요약만 저장 | 수집일: 2026-10-03",N,"인사 노무 HRD 직무는 실제로 어떤 업무를 맡나요?,인사 노무 HRD 직무는 무슨 일 해?,인사 노무 HRD 현직자는 머 하는지 궁금해요,인사 노무 HRD 직무 업무 내용,저는 인사 노무 HRD 직무에 관심이 있는데 구체적으로 어떤 일을 하는지 궁금해요,인사 노무 HRD 직무 하는 일 좀 알려줘,HRD 직무 업무,인사 노무 HRD 직무는 회사에서 구체적으로 어떤 역할을 하나요?,인사 노무 HRD 직무가 하는 일을 잘 모르고 지원해도 괜찮을까요?",인사 노무 HRD 직무는 실제로 어떤 업무를 맡나요?,인사 노무 HRD 직무는 무슨 일 해?,인사 노무 HRD 현직자는 머 하는지 궁금해요,인사 노무 HRD 직무 업무 내용,저는 인사 노무 HRD 직무에 관심이 있는데 구체적으로 어떤 일을 하는지 궁금해요,인사 노무 HRD 직무 하는 일 좀 알려줘,HRD 직무 업무,인사 노무 HRD 직무는 회사에서 구체적으로 어떤 역할을 하나요?,인사 노무 HRD 직무가 하는 일을 잘 모르고 지원해도 괜찮을까요?
141,157,S-C01-029,직무 탐색·전환,경영·사무·인사,인사·노무·HRD 직무의 가장 큰 매력은 무엇인가요?,인사(HR) 직무의 가장 큰 매력은 지원자가 회사에 대해 갖는 첫인상을 만드는 역할을 한다는 점입니다. HR 담당자는 지원자에게 기업의 비전과 문화를 전달하며 긍정적인 경험을 제공하는 첫 접점이 됩니다. 그래서 작은 말과 행동 하나에도 신경 써서 회사에 대한 좋은 인상을 남기려는 태도가 중요합니다. 지원자와 기업을 연결하는 의미 있는 역할을 한다는 점에서 보람을 느낀다고 합니다.,사람인 현직자 인터뷰 크롤링,사람인 현직자 인터뷰 - 아이티센엔텍 (인사실),https://www.saramin.co.kr/zf_user/career-information/senior-view?doc_idx=24217 (Q4),인사 직무 현직자가 Q4에서 밝힌 직무 매력 답변 요약,2026-10-03,미검토,,상,"사람인 현직자 인터뷰 기반 수집, 원문 저작권 보호를 위해 요약만 저장 | 수집일: 2026-10-03",N,"인사 노무 HRD 직무의 가장 큰 장점은 무엇인가요?,인사 노무 HRD 직무는 뭐가 제일 좋아?,인사 노무 HRD 현직자가 꼽는 매력 머예요?,인사 노무 HRD 직무 매력,저는 인사 노무 HRD 직무를 고민 중인데 가장 큰 매력이 궁금해요,인사 노무 HRD 직무 매력 좀 알려주세요,HRD 직무 매력,인사 노무 HRD 직무로 일하며 느끼는 가장 큰 매력은 무엇인가요?,인사 노무 HRD 직무를 매력만 보고 선택해도 괜찮을까요?",인사 노무 HRD 직무의 가장 큰 장점은 무엇인가요?,인사 노무 HRD 직무는 뭐가 제일 좋아?,인사 노무 HRD 현직자가 꼽는 매력 머예요?,인사 노무 HRD 직무 매력,저는 인사 노무 HRD 직무를 고민 중인데 가장 큰 매력이 궁금해요,인사 노무 HRD 직무 매력 좀 알려주세요,HRD 직무 매력,인사 노무 HRD 직무로 일하며 느끼는 가장 큰 매력은 무엇인가요?,인사 노무 HRD 직무를 매력만 보고 선택해도 괜찮을까요?
142,158,S-C01-030,직무 탐색·전환,경영·사무·인사,인사·노무·HRD 직무의 전망은 어떤가요?,"AI 기술 발전으로 일자리 대체 우려가 있지만, 인사 직무에서는 이를 오히려 기회로 보는 시각이 있습니다. 반복적인 업무는 AI로 자동화하고, 그 대신 HR 담당자는 기업 문화와 조직 방향성을 설계하는 전략적 역할에 집중할 수 있다는 것입니다. 기술이 발전할수록 직원 개개인의 감정과 경험을 세심하게 살피는 'Sensitive HR'의 중요성이 더 커질 것으로 전망됩니다. 결국 사람의 가치를 다루는 HR의 역할은 기술이 발전해도 쉽게 대체되지 않으며, 그 가치를 높이는 전문가로 성장하는 것이 중요한 방향으로 제시됩니다.",사람인 현직자 인터뷰 크롤링,사람인 현직자 인터뷰 - 아이티센엔텍 (인사실),https://www.saramin.co.kr/zf_user/career-information/senior-view?doc_idx=24217 (Q7),인사 직무 현직자가 Q7에서 밝힌 직무 전망 답변 요약,2026-10-03,미검토,,상,"사람인 현직자 인터뷰 기반 수집, 원문 저작권 보호를 위해 요약만 저장 | 수집일: 2026-10-03",N,"인사 노무 HRD 직무의 미래 전망은 어떤가요?,인사 노무 HRD 직무 전망 어때?,인사 노무 HRD 직무 앞으로 전망 괜찮음?,인사 노무 HRD 직무 전망,저는 인사 노무 HRD 직무를 고려 중인데 앞으로 전망이 어떤지 궁금해요,인사 노무 HRD 직무 전망 좀 알려주세요,HRD 직무 미래,AI 시대에 인사 노무 HRD 직무의 향후 전망은 어떤가요?,인사 노무 HRD 직무를 선택해도 전망 면에서 괜찮을까요?",인사 노무 HRD 직무의 미래 전망은 어떤가요?,인사 노무 HRD 직무 전망 어때?,인사 노무 HRD 직무 앞으로 전망 괜찮음?,인사 노무 HRD 직무 전망,저는 인사 노무 HRD 직무를 고려 중인데 앞으로 전망이 어떤지 궁금해요,인사 노무 HRD 직무 전망 좀 알려주세요,HRD 직무 미래,AI 시대에 인사 노무 HRD 직무의 향후 전망은 어떤가요?,인사 노무 HRD 직무를 선택해도 전망 면에서 괜찮을까요?
143,159,S-C04-002,경험·포트폴리오,경영·사무·인사,인사·노무·HRD 직무를 하면서 쌓이는 업무 노하우에는 어떤 것이 있나요?,인사 직무에서는 업무 지시를 받으면 내용이 완벽하지 않더라도 틈틈이 중간보고를 하는 습관이 유용한 노하우로 꼽힙니다. 이 습관은 인사 직무뿐 아니라 어떤 직무에도 적용할 수 있는 업무 태도입니다. 중간보고를 통해 업무 진행 방향을 점검하고 필요하면 바로 수정할 수 있다는 장점이 있습니다. 또한 자료를 함께 의논하는 과정에서 혼자서는 떠올리지 못했던 아이디어나 더 효율적인 해결 방법을 찾을 수 있습니다.,사람인 현직자 인터뷰 크롤링,사람인 현직자 인터뷰 - 아이티센엔텍 (인사실),https://www.saramin.co.kr/zf_user/career-information/senior-view?doc_idx=24217 (Q9),인사 직무 현직자가 Q9에서 밝힌 업무 노하우 답변 요약,2026-10-03,미검토,,중,"사람인 현직자 인터뷰 기반 수집, 원문 저작권 보호를 위해 요약만 저장 | 수집일: 2026-10-03",N,"인사 노무 HRD 직무로 일하며 얻게 되는 실무 노하우는 무엇인가요?,인사 노무 HRD 직무 하다 보면 어떤 노하우 생겨?,인사 노무 HRD 현직자 업무 노하우 머 있어요?,인사 노무 HRD 직무 업무 노하우,저는 인사 노무 HRD 직무를 준비하는데 일하면서 쌓이는 노하우가 궁금해요,인사 노무 HRD 직무 업무 노하우 좀 알려줘,HRD 업무 노하우,인사 노무 HRD 직무 실무 경험으로 쌓이는 업무 노하우는 어떤 것이 있나요?,인사 노무 HRD 직무 노하우가 없는 신입이어도 괜찮을까요?",인사 노무 HRD 직무로 일하며 얻게 되는 실무 노하우는 무엇인가요?,인사 노무 HRD 직무 하다 보면 어떤 노하우 생겨?,인사 노무 HRD 현직자 업무 노하우 머 있어요?,인사 노무 HRD 직무 업무 노하우,저는 인사 노무 HRD 직무를 준비하는데 일하면서 쌓이는 노하우가 궁금해요,인사 노무 HRD 직무 업무 노하우 좀 알려줘,HRD 업무 노하우,인사 노무 HRD 직무 실무 경험으로 쌓이는 업무 노하우는 어떤 것이 있나요?,인사 노무 HRD 직무 노하우가 없는 신입이어도 괜찮을까요?
144,161,S-C01-031,직무 탐색·전환,경영·사무·인사,총무·법무·사무 직무는 구체적으로 어떤 일을 하나요?,"경영지원 직무는 인사, 총무, 구매 등 회사 운영 전반을 지원하는 업무를 담당합니다. 각 사업장의 원활한 운영을 위해 각종 계약 진행, 연차 관리, 사내 행사 기획 등 다양한 업무를 수행합니다. 특정 분야 하나에 집중하기보다 여러 영역을 폭넓게 지원하는 성격의 직무라고 할 수 있습니다.",사람인 현직자 인터뷰 크롤링,사람인 현직자 인터뷰 - 엘케이테크넷 (경영지원본부),https://www.saramin.co.kr/zf_user/career-information/senior-view?doc_idx=21526 (Q1),경영지원 직무 현직자가 Q1에서 소개한 담당 업무 답변 요약,2026-10-03,미검토,,상,"사람인 현직자 인터뷰 기반 수집, 원문 저작권 보호를 위해 요약만 저장 | 수집일: 2026-10-03",N,"총무 법무 사무 직무는 실제로 어떤 업무를 맡나요?,총무 법무 사무 직무는 무슨 일 해?,총무 법무 사무 현직자는 머 하는지 궁금해요,총무 법무 사무 직무 업무 내용,저는 총무 법무 사무 직무에 관심이 있는데 구체적으로 어떤 일을 하는지 궁금해요,총무 법무 사무 직무 하는 일 좀 알려줘,총무 법무 사무 업무,총무 법무 사무 직무는 회사에서 구체적으로 어떤 역할을 하나요?,총무 법무 사무 직무가 하는 일을 잘 모르고 지원해도 괜찮을까요?",총무 법무 사무 직무는 실제로 어떤 업무를 맡나요?,총무 법무 사무 직무는 무슨 일 해?,총무 법무 사무 현직자는 머 하는지 궁금해요,총무 법무 사무 직무 업무 내용,저는 총무 법무 사무 직무에 관심이 있는데 구체적으로 어떤 일을 하는지 궁금해요,총무 법무 사무 직무 하는 일 좀 알려줘,총무 법무 사무 업무,총무 법무 사무 직무는 회사에서 구체적으로 어떤 역할을 하나요?,총무 법무 사무 직무가 하는 일을 잘 모르고 지원해도 괜찮을까요?
145,162,S-C06-028,역량개발·준비계획,경영·사무·인사,총무·법무·사무 직무를 준비하려면 어떤 자질을 갖추면 좋을까요?,"경영지원 직무는 특별한 전공 지식보다 유연한 사고와 긍정적인 마인드, 배우려는 열정이 있으면 누구나 잘 해낼 수 있는 직무로 소개됩니다. 회사 분위기에 맞춰 책임감을 가지고 원만하게 소통하는 자세를 갖추면 좋은 평가를 받을 수 있습니다. 직무 관련 자기개발을 위해 내일배움카드 같은 제도를 활용해 보는 것도 추천할 만한 방법입니다.",사람인 현직자 인터뷰 크롤링,사람인 현직자 인터뷰 - 엘케이테크넷 (경영지원본부),https://www.saramin.co.kr/zf_user/career-information/senior-view?doc_idx=21526 (Q7),경영지원 직무 현직자가 Q7에서 밝힌 추천 자질·활동 답변 요약,2026-10-03,미검토,,상,"사람인 현직자 인터뷰 기반 수집, 원문 저작권 보호를 위해 요약만 저장 | 수집일: 2026-10-03",N,"총무 법무 사무 직무를 대비하려면 어떤 성향이나 자질이 필요할까요?,총무 법무 사무 직무 하려면 어떤 자질 있어야 돼?,총무 법무 사무 직무 취준할 때 필요한 자질 머예요?,총무 법무 사무 직무 필요 자질,저는 총무 법무 사무 직무를 준비하는데 어떤 자질을 갖추면 좋을까요?,총무 법무 사무 직무에 필요한 자질 알려주세요,총무 법무 사무 자질,총무 법무 사무 직무 취업 준비에 필요한 자질은 무엇인가요?,총무 법무 사무 직무에 맞는 자질이 부족해도 괜찮을까요?",총무 법무 사무 직무를 대비하려면 어떤 성향이나 자질이 필요할까요?,총무 법무 사무 직무 하려면 어떤 자질 있어야 돼?,총무 법무 사무 직무 취준할 때 필요한 자질 머예요?,총무 법무 사무 직무 필요 자질,저는 총무 법무 사무 직무를 준비하는데 어떤 자질을 갖추면 좋을까요?,총무 법무 사무 직무에 필요한 자질 알려주세요,총무 법무 사무 자질,총무 법무 사무 직무 취업 준비에 필요한 자질은 무엇인가요?,총무 법무 사무 직무에 맞는 자질이 부족해도 괜찮을까요?
146,163,S-C01-032,직무 탐색·전환,경영·사무·인사,"아직 직무를 정하지 못했다면, 총무·법무·사무 직무 현직자는 어떤 조언을 해줄까요?","직무를 아직 정하지 못했다면, 지금까지 살면서 가장 즐겁게 몰입했던 경험을 돌아보는 것이 출발점이 될 수 있습니다. 그 경험을 통해 자신이 흥미를 느끼는 분야의 실마리를 찾을 수 있습니다. 이후에는 원하는 회사나 직무에 필요한 자격이나 기본 소양을 갖추기 위해 끊임없이 노력하는 자세가 무엇보다 중요합니다.",사람인 현직자 인터뷰 크롤링,사람인 현직자 인터뷰 - 엘케이테크넷 (경영지원본부),https://www.saramin.co.kr/zf_user/career-information/senior-view?doc_idx=21526 (Q8),경영지원 직무 현직자가 Q8에서 밝힌 진로 결정 조언 답변 요약,2026-10-03,미검토,,상,"사람인 현직자 인터뷰 기반 수집, 원문 저작권 보호를 위해 요약만 저장 | 수집일: 2026-10-03",N,"직무를 아직 고르지 못했다면 총무 법무 사무 현직자는 어떤 조언을 하나요?,직무 아직 못 정했는데 총무 법무 사무 현직자는 뭐라고 조언해?,직무 못 정한 취준생한테 총무 법무 사무 현직자 조언 머예요?,직무 미정 총무 법무 사무 현직자 조언,저는 아직 직무를 정하지 못한 취준생인데 총무 법무 사무 현직자의 조언을 듣고 싶어요,직무 못 정했을 때 총무 법무 사무 현직자 조언 좀 알려주세요,직무 미정 총무 조언,희망 직무를 정하지 못한 취준생에게 총무 법무 사무 현직자가 주는 조언은?,직무를 아직 못 정한 상태여도 괜찮을까요? 총무 법무 사무 현직자 의견이 궁금해요",직무를 아직 고르지 못했다면 총무 법무 사무 현직자는 어떤 조언을 하나요?,직무 아직 못 정했는데 총무 법무 사무 현직자는 뭐라고 조언해?,직무 못 정한 취준생한테 총무 법무 사무 현직자 조언 머예요?,직무 미정 총무 법무 사무 현직자 조언,저는 아직 직무를 정하지 못한 취준생인데 총무 법무 사무 현직자의 조언을 듣고 싶어요,직무 못 정했을 때 총무 법무 사무 현직자 조언 좀 알려주세요,직무 미정 총무 조언,희망 직무를 정하지 못한 취준생에게 총무 법무 사무 현직자가 주는 조언은?,직무를 아직 못 정한 상태여도 괜찮을까요? 총무 법무 사무 현직자 의견이 궁금해요
147,164,S-C01-033,직무 탐색·전환,IT·개발·데이터,프론트엔드 직무는 구체적으로 어떤 일을 하나요?,"프론트엔드 직무는 클라우드 자원을 고객이 쉽고 편리하게 이용할 수 있도록 사용자 포탈과 관련 자동화 서비스를 개발하는 일을 담당합니다. 네트워크 장비 설정과 연계된 서비스를 다루는 것이 특징이며, 단순히 화면을 만드는 것 이상으로 백엔드성 자동화 요소까지 함께 고려해야 하는 직무입니다. 클라우드 플랫폼을 다루는 회사의 프론트엔드 직무이기 때문에 일반적인 웹 개발 지식과 함께 네트워크 환경에 대한 이해도 자연스럽게 쌓게 됩니다.",사람인 현직자 인터뷰 크롤링,사람인 현직자 인터뷰 - 케이아이엔엑스 (프론트엔드),https://www.saramin.co.kr/zf_user/career-information/senior-view?doc_idx=23429 (Q2),프론트엔드 직무 현직자가 Q2에서 소개한 담당 업무 답변 요약,2026-10-03,미검토,,상,"사람인 현직자 인터뷰 기반 수집, 원문 저작권 보호를 위해 요약만 저장 | 수집일: 2026-10-03",N,"프론트엔드 개발 직무는 실제로 어떤 업무를 맡나요?,프론트엔드는 무슨 일 해?,프론트 개발자는 머 하는지 궁금해요,프론트엔드 직무 업무 내용,저는 프론트엔드 직무에 관심이 있는데 구체적으로 어떤 일을 하는지 궁금해요,프론트엔드 직무 하는 일 좀 알려줘,프론트엔드 업무,프론트엔드 개발 직무는 회사에서 구체적으로 어떤 일을 하나요?,프론트엔드 직무가 하는 일을 잘 모르고 지원해도 괜찮을까요?",프론트엔드 개발 직무는 실제로 어떤 업무를 맡나요?,프론트엔드는 무슨 일 해?,프론트 개발자는 머 하는지 궁금해요,프론트엔드 직무 업무 내용,저는 프론트엔드 직무에 관심이 있는데 구체적으로 어떤 일을 하는지 궁금해요,프론트엔드 직무 하는 일 좀 알려줘,프론트엔드 업무,프론트엔드 개발 직무는 회사에서 구체적으로 어떤 일을 하나요?,프론트엔드 직무가 하는 일을 잘 모르고 지원해도 괜찮을까요?
148,165,S-C01-034,직무 탐색·전환,IT·개발·데이터,프론트엔드 직무의 가장 큰 매력은 무엇인가요?,프론트엔드 개발의 가장 큰 매력은 작업한 결과가 눈으로 바로 확인된다는 점입니다. 매일 화면이나 기능이 완성되어가는 과정을 직접 보면서 큰 만족감과 동기부여를 얻을 수 있습니다. 또한 일반적인 소프트웨어 지식 외에 라우터나 스위치 장비 설정 같은 네트워크 지식까지 함께 배울 수 있다는 점도 매력적인 요소로 꼽힙니다.,사람인 현직자 인터뷰 크롤링,사람인 현직자 인터뷰 - 케이아이엔엑스 (프론트엔드),https://www.saramin.co.kr/zf_user/career-information/senior-view?doc_idx=23429 (Q3),프론트엔드 직무 현직자가 Q3에서 밝힌 직무 매력 답변 요약,2026-10-03,미검토,,상,"사람인 현직자 인터뷰 기반 수집, 원문 저작권 보호를 위해 요약만 저장 | 수집일: 2026-10-03",N,"프론트엔드 직무의 가장 큰 장점은 무엇인가요?,프론트엔드는 뭐가 제일 좋아?,프론트 개발 현직자가 꼽는 매력 머예요?,프론트엔드 직무 매력,저는 프론트엔드 직무를 고민 중인데 가장 큰 매력이 궁금해요,프론트엔드 직무 매력 좀 알려주세요,프론트엔드 매력,프론트엔드 개발 직무로 일하며 느끼는 가장 큰 매력은 무엇인가요?,프론트엔드 직무를 매력만 보고 선택해도 괜찮을까요?",프론트엔드 직무의 가장 큰 장점은 무엇인가요?,프론트엔드는 뭐가 제일 좋아?,프론트 개발 현직자가 꼽는 매력 머예요?,프론트엔드 직무 매력,저는 프론트엔드 직무를 고민 중인데 가장 큰 매력이 궁금해요,프론트엔드 직무 매력 좀 알려주세요,프론트엔드 매력,프론트엔드 개발 직무로 일하며 느끼는 가장 큰 매력은 무엇인가요?,프론트엔드 직무를 매력만 보고 선택해도 괜찮을까요?
149,166,S-C06-029,역량개발·준비계획,IT·개발·데이터,프론트엔드 직무에서 커리어 성장을 위해 어떤 준비를 하면 좋을까요?,"프론트엔드 직무에서는 최신 개발 트렌드를 꾸준히 학습하고 실무에 적용하는 것이 커리어 성장의 핵심입니다. 온라인 강의와 기술 블로그를 통해 새로운 프레임워크와 기술을 익히는 방법이 효과적이며, 회사의 교육비 지원 제도를 활용하는 것도 큰 도움이 됩니다. 실제 개발 업무에서 다양한 문제를 마주하고 해결하는 과정을 통해 문제 해결 능력도 함께 키워갈 수 있습니다.",사람인 현직자 인터뷰 크롤링,사람인 현직자 인터뷰 - 케이아이엔엑스 (프론트엔드),https://www.saramin.co.kr/zf_user/career-information/senior-view?doc_idx=23429 (Q4),프론트엔드 직무 현직자가 Q4에서 밝힌 커리어 성장 준비 답변 요약,2026-10-03,미검토,,상,"사람인 현직자 인터뷰 기반 수집, 원문 저작권 보호를 위해 요약만 저장 | 수집일: 2026-10-03",N,"프론트엔드 직무에서 경력을 키우려면 어떤 준비가 필요할까요?,프론트엔드 커리어 키우려면 뭐 준비해?,프론트 개발 현직자는 커리어 성장 위해 머 준비해요?,프론트엔드 직무 커리어 성장 준비,저는 프론트엔드 직무로 일하는데 커리어 성장을 위해 무엇을 준비하면 좋을까요?,프론트엔드 커리어 성장 준비법 알려줘,프론트엔드 커리어,프론트엔드 개발 직무에서 경력 개발을 위해 어떤 준비를 하면 좋을까요?,프론트엔드 직무에서 커리어 준비를 따로 안 해도 괜찮을까요?",프론트엔드 직무에서 경력을 키우려면 어떤 준비가 필요할까요?,프론트엔드 커리어 키우려면 뭐 준비해?,프론트 개발 현직자는 커리어 성장 위해 머 준비해요?,프론트엔드 직무 커리어 성장 준비,저는 프론트엔드 직무로 일하는데 커리어 성장을 위해 무엇을 준비하면 좋을까요?,프론트엔드 커리어 성장 준비법 알려줘,프론트엔드 커리어,프론트엔드 개발 직무에서 경력 개발을 위해 어떤 준비를 하면 좋을까요?,프론트엔드 직무에서 커리어 준비를 따로 안 해도 괜찮을까요?
150,167,S-C01-035,직무 탐색·전환,IT·개발·데이터,"아직 직무를 정하지 못했다면, 프론트엔드 직무 현직자는 어떤 조언을 해줄까요?","직무를 정하지 못해 불안하더라도 용기를 내서 도전해보는 것이 중요하다고 조언합니다. 비전공자로 시작해 모르는 것이 많았지만, 기초부터 꾸준히 배우고 실무 경험을 쌓으면서 성장할 수 있었다는 사례도 있습니다. 끊임없이 시도하고 도전하는 과정에서 실패하더라도 방향을 다시 조정할 기회는 충분히 있습니다. 지금의 불확실함을 두려워하기보다 도전을 통해 배우고 성장하는 태도를 갖는 것이 좋습니다.",사람인 현직자 인터뷰 크롤링,사람인 현직자 인터뷰 - 케이아이엔엑스 (프론트엔드),https://www.saramin.co.kr/zf_user/career-information/senior-view?doc_idx=23429 (Q8),프론트엔드 직무 현직자가 Q8에서 밝힌 진로 결정 조언 답변 요약,2026-10-03,미검토,,상,"사람인 현직자 인터뷰 기반 수집, 원문 저작권 보호를 위해 요약만 저장 | 수집일: 2026-10-03",N,"직무를 아직 고르지 못했다면 프론트엔드 현직자는 어떤 조언을 하나요?,직무 아직 못 정했는데 프론트엔드 현직자는 뭐라고 조언해?,직무 못 정한 취준생한테 프론트 개발 현직자 조언 머예요?,직무 미정 프론트엔드 현직자 조언,저는 아직 직무를 정하지 못한 취준생인데 프론트엔드 현직자의 조언을 듣고 싶어요,직무 못 정했을 때 프론트엔드 현직자 조언 좀 알려주세요,직무 미정 프론트엔드 조언,희망 직무를 정하지 못한 취준생에게 프론트엔드 개발 현직자가 주는 조언은?,직무를 아직 못 정한 상태여도 괜찮을까요? 프론트엔드 현직자 의견이 궁금해요",직무를 아직 고르지 못했다면 프론트엔드 현직자는 어떤 조언을 하나요?,직무 아직 못 정했는데 프론트엔드 현직자는 뭐라고 조언해?,직무 못 정한 취준생한테 프론트 개발 현직자 조언 머예요?,직무 미정 프론트엔드 현직자 조언,저는 아직 직무를 정하지 못한 취준생인데 프론트엔드 현직자의 조언을 듣고 싶어요,직무 못 정했을 때 프론트엔드 현직자 조언 좀 알려주세요,직무 미정 프론트엔드 조언,희망 직무를 정하지 못한 취준생에게 프론트엔드 개발 현직자가 주는 조언은?,직무를 아직 못 정한 상태여도 괜찮을까요? 프론트엔드 현직자 의견이 궁금해요
151,168,S-C01-036,직무 탐색·전환,IT·개발·데이터,IT개발·데이터 직무를 선택하게 되는 계기는 보통 무엇인가요?,"엔지니어 직무는 처음부터 명확히 알고 선택하기보다, 실제로 업무를 경험해보면서 매력을 깨닫는 경우가 많습니다. 담당 솔루션뿐 아니라 주변 엔지니어들과 협업해야 하는 과정에서 네트워크 지식과 함께 소통하는 방법도 자연스럽게 익히게 됩니다. 이처럼 협업을 통해 성장할 수 있다는 점이 직무를 계속하게 만드는 이유로 꼽힙니다.",사람인 현직자 인터뷰 크롤링,사람인 현직자 인터뷰 - 오픈베이스 (SDDC 기술본부),https://www.saramin.co.kr/zf_user/career-information/senior-view?doc_idx=23333 (Q2),필드 엔지니어 직무 현직자가 Q2에서 밝힌 직무 선택 계기 답변 요약,2026-10-03,미검토,,상,"사람인 현직자 인터뷰 기반 수집, 원문 저작권 보호를 위해 요약만 저장 | 수집일: 2026-10-03",N,"IT개발 데이터 직무를 택하게 되는 동기는 주로 무엇인가요?,IT개발 데이터 직무는 보통 어쩌다 하게 돼?,IT개발 데이터 현직자들은 어케 이 직무를 고르게 됐어요?,IT개발 데이터 직무 선택 계기,저는 IT개발 데이터 직무를 고민 중인데 보통 어떤 계기로 선택하나요?,IT개발 데이터 직무 선택 계기 좀 알려주세요,IT개발 직무 계기,IT개발 데이터 직무 선택 동기는 보통 무엇인가요?,IT개발 데이터 직무를 뚜렷한 계기 없이 선택해도 괜찮을까요?",IT개발 데이터 직무를 택하게 되는 동기는 주로 무엇인가요?,IT개발 데이터 직무는 보통 어쩌다 하게 돼?,IT개발 데이터 현직자들은 어케 이 직무를 고르게 됐어요?,IT개발 데이터 직무 선택 계기,저는 IT개발 데이터 직무를 고민 중인데 보통 어떤 계기로 선택하나요?,IT개발 데이터 직무 선택 계기 좀 알려주세요,IT개발 직무 계기,IT개발 데이터 직무 선택 동기는 보통 무엇인가요?,IT개발 데이터 직무를 뚜렷한 계기 없이 선택해도 괜찮을까요?
152,169,S-C01-037,직무 탐색·전환,IT·개발·데이터,IT개발·데이터 직무의 가장 큰 매력은 무엇인가요?,"필드 엔지니어 직무의 가장 큰 매력은 외근이 많다는 점입니다. 고객사를 직접 지원하는 업무가 많아 외근이 잦은데, 그 과정에서 다양한 직업군의 사람들을 만날 기회가 많다는 장점이 있습니다. 날씨가 좋은 날의 외근은 소풍 가는 듯한 기분을 느끼게 해준다고도 표현됩니다.",사람인 현직자 인터뷰 크롤링,사람인 현직자 인터뷰 - 오픈베이스 (SDDC 기술본부),https://www.saramin.co.kr/zf_user/career-information/senior-view?doc_idx=23333 (Q3),필드 엔지니어 직무 현직자가 Q3에서 밝힌 직무 매력 답변 요약,2026-10-03,미검토,,상,"사람인 현직자 인터뷰 기반 수집, 원문 저작권 보호를 위해 요약만 저장 | 수집일: 2026-10-03",N,"IT개발 데이터 직무의 가장 큰 장점은 무엇인가요?,IT개발 데이터 직무는 뭐가 제일 좋아?,IT개발 데이터 현직자가 꼽는 매력 머예요?,IT개발 데이터 직무 매력,저는 IT개발 데이터 직무를 고민 중인데 가장 큰 매력이 궁금해요,IT개발 데이터 직무 매력 좀 알려주세요,IT개발 매력,IT개발 데이터 직무로 일하며 느끼는 가장 큰 매력은 무엇인가요?,IT개발 데이터 직무를 매력만 보고 선택해도 괜찮을까요?",IT개발 데이터 직무의 가장 큰 장점은 무엇인가요?,IT개발 데이터 직무는 뭐가 제일 좋아?,IT개발 데이터 현직자가 꼽는 매력 머예요?,IT개발 데이터 직무 매력,저는 IT개발 데이터 직무를 고민 중인데 가장 큰 매력이 궁금해요,IT개발 데이터 직무 매력 좀 알려주세요,IT개발 매력,IT개발 데이터 직무로 일하며 느끼는 가장 큰 매력은 무엇인가요?,IT개발 데이터 직무를 매력만 보고 선택해도 괜찮을까요?
153,170,S-C01-038,직무 탐색·전환,IT·개발·데이터,IT개발·데이터 직무의 전망은 어떤가요?,"솔루션 엔지니어 직무는 특정 솔루션에 대한 전문성이 필요해 희소성이 있는 직무로 평가됩니다. 특히 네트워크에서 필수적으로 쓰이는 서비스(예: DNS)를 담당하는 경우, 네트워크 지식을 기반으로 해당 솔루션을 충분히 이해하고 있다면 전망이 밝은 직무라고 볼 수 있습니다. 대체되기 쉬운 범용 업무보다는, 깊이 있는 전문 영역을 담당할수록 직무 안정성과 경쟁력이 높아지는 분야라고 할 수 있습니다.",사람인 현직자 인터뷰 크롤링,사람인 현직자 인터뷰 - 오픈베이스 (SDDC 기술본부),https://www.saramin.co.kr/zf_user/career-information/senior-view?doc_idx=23333 (Q4),솔루션 엔지니어 직무 현직자가 Q4에서 밝힌 직무 전망 답변 요약,2026-10-03,미검토,,상,"사람인 현직자 인터뷰 기반 수집, 원문 저작권 보호를 위해 요약만 저장 | 수집일: 2026-10-03",N,"IT개발 데이터 직무의 미래 전망은 어떤가요?,IT개발 데이터 직무 전망 어때?,IT개발 데이터 직무 앞으로 전망 괜찮음?,IT개발 데이터 직무 전망,저는 IT개발 데이터 직무를 고려 중인데 앞으로 전망이 어떤지 궁금해요,IT개발 데이터 직무 전망 좀 알려주세요,IT개발 직무 미래,IT개발 데이터 직무의 향후 업계 전망은 어떤가요?,IT개발 데이터 직무를 선택해도 전망 면에서 괜찮을까요?",IT개발 데이터 직무의 미래 전망은 어떤가요?,IT개발 데이터 직무 전망 어때?,IT개발 데이터 직무 앞으로 전망 괜찮음?,IT개발 데이터 직무 전망,저는 IT개발 데이터 직무를 고려 중인데 앞으로 전망이 어떤지 궁금해요,IT개발 데이터 직무 전망 좀 알려주세요,IT개발 직무 미래,IT개발 데이터 직무의 향후 업계 전망은 어떤가요?,IT개발 데이터 직무를 선택해도 전망 면에서 괜찮을까요?
154,171,S-C06-030,역량개발·준비계획,IT·개발·데이터,IT개발·데이터 직무에서는 주로 어떤 프로그램이나 툴을 사용하나요?,"네트워크 엔지니어 직무에서는 장비에 직접 접속할 때 Secure CRT나 putty 같은 터미널 접속 툴을 가장 많이 사용합니다. 패킷을 캡처해 분석할 때는 와이어샤크(Wireshark)를 활용하고, dig 같은 명령어 도구는 네트워크 트러블슈팅에 쓰입니다. 이처럼 장비 접속, 패킷 분석, 문제 해결을 위한 여러 전용 툴을 상황에 맞게 조합해서 사용하는 것이 이 직무의 일상적인 업무 방식입니다.",사람인 현직자 인터뷰 크롤링,사람인 현직자 인터뷰 - 오픈베이스 (SDDC 기술본부),https://www.saramin.co.kr/zf_user/career-information/senior-view?doc_idx=23333 (Q5),솔루션 엔지니어 직무 현직자가 Q5에서 소개한 업무 툴 답변 요약,2026-10-03,미검토,,상,"사람인 현직자 인터뷰 기반 수집, 원문 저작권 보호를 위해 요약만 저장 | 수집일: 2026-10-03",N,"IT개발 데이터 직무에서는 어떤 소프트웨어나 도구를 주로 쓰나요?,IT개발 데이터 직무는 무슨 툴 써?,IT개발 데이터 현직자는 프로그램 머 써요?,IT개발 데이터 사용 툴 프로그램,저는 IT개발 데이터 직무를 준비하는데 주로 어떤 프로그램을 쓰는지 궁금해요,IT개발 데이터 직무에서 쓰는 툴 알려주세요,IT개발 사용 툴,IT개발 데이터 직무 실무에서 주로 사용하는 업무 툴은 무엇인가요?,IT개발 데이터 직무에 쓰는 툴을 잘 몰라도 괜찮을까요?",IT개발 데이터 직무에서는 어떤 소프트웨어나 도구를 주로 쓰나요?,IT개발 데이터 직무는 무슨 툴 써?,IT개발 데이터 현직자는 프로그램 머 써요?,IT개발 데이터 사용 툴 프로그램,저는 IT개발 데이터 직무를 준비하는데 주로 어떤 프로그램을 쓰는지 궁금해요,IT개발 데이터 직무에서 쓰는 툴 알려주세요,IT개발 사용 툴,IT개발 데이터 직무 실무에서 주로 사용하는 업무 툴은 무엇인가요?,IT개발 데이터 직무에 쓰는 툴을 잘 몰라도 괜찮을까요?
155,172,S-C06-031,역량개발·준비계획,IT·개발·데이터,IT개발·데이터 직무를 준비하려면 어떤 활동을 하면 좋을까요?,네트워크 관련 직무에 관심이 있다면 전파진흥협회에서 운영하는 다양한 교육 프로그램에 참여해보는 것을 추천합니다. 이러한 외부 프로그램을 통해 실무에 가까운 네트워크 지식을 미리 접해볼 수 있습니다. 전공 여부와 관계없이 이런 기관의 프로그램을 활용하면 입문 단계의 네트워크 지식을 체계적으로 쌓을 수 있다는 장점이 있습니다.,사람인 현직자 인터뷰 크롤링,사람인 현직자 인터뷰 - 오픈베이스 (SDDC 기술본부),https://www.saramin.co.kr/zf_user/career-information/senior-view?doc_idx=23333 (Q6),솔루션 엔지니어 직무 현직자가 Q6에서 밝힌 추천 활동 답변 요약,2026-10-03,미검토,,상,"사람인 현직자 인터뷰 기반 수집, 원문 저작권 보호를 위해 요약만 저장 | 수집일: 2026-10-03",N,"IT개발 데이터 직무를 대비하려면 어떤 경험을 쌓으면 좋을까요?,IT개발 데이터 직무 준비하려면 무슨 활동 해야 돼?,IT개발 데이터 직무 취준할 때 대외활 머 하면 좋아요?,IT개발 데이터 직무 준비 활동,저는 IT개발 데이터 직무를 목표로 하는데 어떤 활동을 하면 좋을까요?,IT개발 데이터 직무 준비 활동 좀 추천해 주세요,IT개발 준비 활동,IT개발 데이터 직무 취업 준비로 어떤 활동 경험을 쌓으면 좋을까요?,IT개발 데이터 직무 관련 활동이 없어도 괜찮을까요?",IT개발 데이터 직무를 대비하려면 어떤 경험을 쌓으면 좋을까요?,IT개발 데이터 직무 준비하려면 무슨 활동 해야 돼?,IT개발 데이터 직무 취준할 때 대외활 머 하면 좋아요?,IT개발 데이터 직무 준비 활동,저는 IT개발 데이터 직무를 목표로 하는데 어떤 활동을 하면 좋을까요?,IT개발 데이터 직무 준비 활동 좀 추천해 주세요,IT개발 준비 활동,IT개발 데이터 직무 취업 준비로 어떤 활동 경험을 쌓으면 좋을까요?,IT개발 데이터 직무 관련 활동이 없어도 괜찮을까요?
156,173,S-C06-032,역량개발·준비계획,IT·개발·데이터,IT개발·데이터 직무에 필요한 지식은 무엇인가요?,"네트워크 엔지니어 직무에서는 네트워크 전반에 대한 기초적인 이해가 있으면 도움이 됩니다. 다만 너무 큰 부담을 가질 필요는 없는데, 입사 후 신입 사원을 대상으로 체계적인 교육 커리큘럼이 제공되기 때문입니다. 따라서 지원 단계에서는 기초 지식을 탄탄히 다지는 정도로 충분하다고 조언합니다.",사람인 현직자 인터뷰 크롤링,사람인 현직자 인터뷰 - 오픈베이스 (SDDC 기술본부),https://www.saramin.co.kr/zf_user/career-information/senior-view?doc_idx=23333 (Q7),솔루션 엔지니어 직무 현직자가 Q7에서 밝힌 필요 지식 답변 요약,2026-10-03,미검토,,상,"사람인 현직자 인터뷰 기반 수집, 원문 저작권 보호를 위해 요약만 저장 | 수집일: 2026-10-03",N,"IT개발 데이터 직무에 요구되는 지식은 어떤 것인가요?,IT개발 데이터 직무 하려면 뭘 알아야 돼?,IT개발 데이터 직무 필요 지식 머예요?,IT개발 데이터 직무 필요 지식,저는 IT개발 데이터 직무를 준비하는데 어떤 지식이 필요할까요?,IT개발 데이터 직무에 필요한 지식 알려주세요,IT개발 필요 지식,IT개발 데이터 직무 업무 수행에 필요한 기초 지식은?,IT개발 데이터 직무에 필요한 지식이 부족해도 괜찮을까요?",IT개발 데이터 직무에 요구되는 지식은 어떤 것인가요?,IT개발 데이터 직무 하려면 뭘 알아야 돼?,IT개발 데이터 직무 필요 지식 머예요?,IT개발 데이터 직무 필요 지식,저는 IT개발 데이터 직무를 준비하는데 어떤 지식이 필요할까요?,IT개발 데이터 직무에 필요한 지식 알려주세요,IT개발 필요 지식,IT개발 데이터 직무 업무 수행에 필요한 기초 지식은?,IT개발 데이터 직무에 필요한 지식이 부족해도 괜찮을까요?
157,174,S-C06-033,역량개발·준비계획,IT·개발·데이터,IT개발·데이터 직무에서 커리어 성장을 위해 어떤 준비를 하면 좋을까요?,네트워크 엔지니어 직무에서는 기존에 다루던 서비스를 기반으로 더 확장된 솔루션을 학습하며 역량을 넓혀가는 경우가 많습니다. 예를 들어 DNS 기반 서비스를 다루다가 센터 이중화에 필요한 GSLB 같은 확장 솔루션을 준비하는 식입니다. 이렇게 기존 지식을 바탕으로 더 많은 기능을 다루는 상위 솔루션으로 학습을 확장하는 것이 흥미와 함께 커리어 성장으로 이어질 수 있습니다.,사람인 현직자 인터뷰 크롤링,사람인 현직자 인터뷰 - 오픈베이스 (SDDC 기술본부),https://www.saramin.co.kr/zf_user/career-information/senior-view?doc_idx=23333 (Q8),솔루션 엔지니어 직무 현직자가 Q8에서 밝힌 커리어 성장 준비 답변 요약,2026-10-03,미검토,,상,"사람인 현직자 인터뷰 기반 수집, 원문 저작권 보호를 위해 요약만 저장 | 수집일: 2026-10-03",N,"IT개발 데이터 직무에서 경력을 키우려면 어떤 준비가 필요할까요?,IT개발 데이터 직무 커리어 키우려면 뭐 준비해?,IT개발 데이터 현직자는 커리어 성장 위해 머 준비해요?,IT개발 데이터 직무 커리어 성장 준비,저는 IT개발 데이터 직무로 일하는데 커리어 성장을 위해 무엇을 준비하면 좋을까요?,IT개발 데이터 직무 커리어 성장 준비법 알려줘,IT개발 커리어,IT개발 데이터 직무에서 경력 개발을 위해 어떤 준비를 하면 좋을까요?,IT개발 데이터 직무에서 커리어 준비를 따로 안 해도 괜찮을까요?",IT개발 데이터 직무에서 경력을 키우려면 어떤 준비가 필요할까요?,IT개발 데이터 직무 커리어 키우려면 뭐 준비해?,IT개발 데이터 현직자는 커리어 성장 위해 머 준비해요?,IT개발 데이터 직무 커리어 성장 준비,저는 IT개발 데이터 직무로 일하는데 커리어 성장을 위해 무엇을 준비하면 좋을까요?,IT개발 데이터 직무 커리어 성장 준비법 알려줘,IT개발 커리어,IT개발 데이터 직무에서 경력 개발을 위해 어떤 준비를 하면 좋을까요?,IT개발 데이터 직무에서 커리어 준비를 따로 안 해도 괜찮을까요?
158,175,S-C01-039,직무 탐색·전환,IT·개발·데이터,"아직 직무를 정하지 못했다면, IT개발·데이터 직무 현직자는 어떤 조언을 해줄까요?",직무 선택이 고민된다면 생각에만 머물지 말고 실제로 행동으로 옮겨보는 것이 중요합니다. 머릿속으로 생각했던 것과 실제 현실이 다를 수 있기 때문입니다. 직접 경험해보는 과정에서 자신이 정말 하고 싶고 잘할 수 있는 일이 무엇인지 더 명확하게 깨달을 수 있습니다.,사람인 현직자 인터뷰 크롤링,사람인 현직자 인터뷰 - 오픈베이스 (SDDC 기술본부),https://www.saramin.co.kr/zf_user/career-information/senior-view?doc_idx=23333 (Q9),솔루션 엔지니어 직무 현직자가 Q9에서 밝힌 진로 결정 조언 답변 요약,2026-10-03,미검토,,상,"사람인 현직자 인터뷰 기반 수집, 원문 저작권 보호를 위해 요약만 저장 | 수집일: 2026-10-03",N,"직무를 아직 고르지 못했다면 IT개발 데이터 현직자는 어떤 조언을 하나요?,직무 아직 못 정했는데 IT개발 데이터 현직자는 뭐라고 조언해?,직무 못 정한 취준생한테 IT개발 데이터 현직자 조언 머예요?,직무 미정 IT개발 데이터 현직자 조언,저는 아직 직무를 정하지 못한 취준생인데 IT개발 데이터 현직자의 조언을 듣고 싶어요,직무 못 정했을 때 IT개발 데이터 현직자 조언 좀 알려주세요,직무 미정 IT개발 조언,희망 직무를 정하지 못한 취준생에게 IT개발 데이터 현직자가 주는 조언은?,직무를 아직 못 정한 상태여도 괜찮을까요? IT개발 데이터 현직자 의견이 궁금해요",직무를 아직 고르지 못했다면 IT개발 데이터 현직자는 어떤 조언을 하나요?,직무 아직 못 정했는데 IT개발 데이터 현직자는 뭐라고 조언해?,직무 못 정한 취준생한테 IT개발 데이터 현직자 조언 머예요?,직무 미정 IT개발 데이터 현직자 조언,저는 아직 직무를 정하지 못한 취준생인데 IT개발 데이터 현직자의 조언을 듣고 싶어요,직무 못 정했을 때 IT개발 데이터 현직자 조언 좀 알려주세요,직무 미정 IT개발 조언,희망 직무를 정하지 못한 취준생에게 IT개발 데이터 현직자가 주는 조언은?,직무를 아직 못 정한 상태여도 괜찮을까요? IT개발 데이터 현직자 의견이 궁금해요
159,176,S-C01-040,직무 탐색·전환,IT·개발·데이터,유니티 클라이언트 개발자 직무를 선택하게 되는 계기는 보통 무엇인가요?,게임 클라이언트 개발 직무는 코드로 구현한 기능이 곧바로 화면에 반영되어 눈앞에서 확인할 수 있다는 점이 큰 매력으로 작용합니다. 또한 개발을 통해 하나의 가상 세계를 직접 만들어낼 수 있다는 창조적인 측면도 이 직무를 선택하는 이유가 됩니다. 결과물을 실시간으로 눈으로 확인하면서 작업할 수 있다는 점이 다른 개발 직무와 비교했을 때 특히 매력적으로 느껴지는 부분이라고 할 수 있습니다.,사람인 현직자 인터뷰 크롤링,사람인 현직자 인터뷰 - 데브크리 (유니티 클라이언트 개발자),https://www.saramin.co.kr/zf_user/career-information/senior-view?doc_idx=23317 (Q2),유니티 클라이언트 개발 직무 현직자가 Q2에서 밝힌 직무 선택 계기 답변 요약,2026-10-03,미검토,,상,"사람인 현직자 인터뷰 기반 수집, 원문 저작권 보호를 위해 요약만 저장 | 수집일: 2026-10-03",N,"유니티 클라이언트 개발자를 택하게 되는 동기는 주로 무엇인가요?,유니티 클라이언트 개발자는 보통 어쩌다 하게 돼?,유니티 클라 개발자 현직자들은 어케 이 직무를 고르게 됐어요?,유니티 클라이언트 개발자 선택 계기,저는 유니티 클라이언트 개발자를 고민 중인데 보통 어떤 계기로 선택하나요?,유니티 클라이언트 개발자 선택 계기 좀 알려주세요,유니티 클라이언트 계기,유니티 클라이언트 개발자 직무 선택 동기는 보통 무엇인가요?,유니티 클라이언트 개발자를 뚜렷한 계기 없이 선택해도 괜찮을까요?",유니티 클라이언트 개발자를 택하게 되는 동기는 주로 무엇인가요?,유니티 클라이언트 개발자는 보통 어쩌다 하게 돼?,유니티 클라 개발자 현직자들은 어케 이 직무를 고르게 됐어요?,유니티 클라이언트 개발자 선택 계기,저는 유니티 클라이언트 개발자를 고민 중인데 보통 어떤 계기로 선택하나요?,유니티 클라이언트 개발자 선택 계기 좀 알려주세요,유니티 클라이언트 계기,유니티 클라이언트 개발자 직무 선택 동기는 보통 무엇인가요?,유니티 클라이언트 개발자를 뚜렷한 계기 없이 선택해도 괜찮을까요?
160,179,S-C06-034,역량개발·준비계획,IT·개발·데이터,IT개발·데이터 직무의 전문성을 높이기 위해 어떤 노력을 하나요?,"rERP 업무는 여러 업무 영역을 하나의 시스템으로 통합해 관리하다 보니, 자연스럽게 다양한 직군의 사람들과 협업하게 됩니다. 개발자와 협업하기 위해 SQL 등 개발 관련 지식을 공부하고, 회계 담당자와 협업하기 위해 회계 자격증을 취득하는 등 필요한 분야의 지식을 폭넓게 쌓습니다. 이렇게 다양한 업무를 자연스럽게 접하게 되면서 처음 공부할 때도 낯설지 않고 즐거운 마음으로 새로운 지식을 흡수할 수 있다고 설명합니다.",사람인 현직자 인터뷰 크롤링,사람인 현직자 인터뷰 - 웹케시 (rERP BU),https://www.saramin.co.kr/zf_user/career-information/senior-view?doc_idx=23271 (Q8),rERP 사업 직무 현직자가 Q8에서 밝힌 전문성 향상 노력 답변 요약,2026-10-03,미검토,,상,"사람인 현직자 인터뷰 기반 수집, 원문 저작권 보호를 위해 요약만 저장 | 수집일: 2026-10-03",N,"IT개발 데이터 직무의 전문 역량을 키우려면 어떤 노력을 하나요?,IT개발 데이터 직무 전문성 높이려고 뭐 해?,IT개발 데이터 현직자는 전문성 어케 키워요?,IT개발 데이터 직무 전문성 향상 노력,저는 IT개발 데이터 직무로 일하는데 전문성을 높이려면 어떤 노력을 해야 할까요?,IT개발 데이터 직무 전문성 높이는 방법 알려줘,IT개발 전문성,IT개발 데이터 직무에서 업무 전문성을 높이기 위해 현직자는 무엇을 하나요?,IT개발 데이터 직무에서 전문성이 부족하면 불리할까요?",IT개발 데이터 직무의 전문 역량을 키우려면 어떤 노력을 하나요?,IT개발 데이터 직무 전문성 높이려고 뭐 해?,IT개발 데이터 현직자는 전문성 어케 키워요?,IT개발 데이터 직무 전문성 향상 노력,저는 IT개발 데이터 직무로 일하는데 전문성을 높이려면 어떤 노력을 해야 할까요?,IT개발 데이터 직무 전문성 높이는 방법 알려줘,IT개발 전문성,IT개발 데이터 직무에서 업무 전문성을 높이기 위해 현직자는 무엇을 하나요?,IT개발 데이터 직무에서 전문성이 부족하면 불리할까요?
161,180,S-C01-043,직무 탐색·전환,IT·개발·데이터,IT개발·데이터 직무에서 경력을 쌓으면 어떻게 성장하나요?,"rERP 시스템은 연구비 관리가 주력 분야이지만, 그 외에도 회계, 인사, 전산, PM 등 다양한 영역의 경험을 함께 쌓을 수 있는 직무입니다. 관심 있는 세부 분야에 집중해 전문 지식을 더 깊이 쌓아가면, 해당 분야의 최고 전문가로 성장할 가능성도 열려 있습니다. 즉 폭넓은 경험을 바탕으로 자신만의 전문 영역을 발전시켜 나가는 성장 경로를 그릴 수 있습니다.",사람인 현직자 인터뷰 크롤링,사람인 현직자 인터뷰 - 웹케시 (rERP BU),https://www.saramin.co.kr/zf_user/career-information/senior-view?doc_idx=23271 (Q9),rERP 사업 직무 현직자가 Q9에서 밝힌 경력 성장 경로 답변 요약,2026-10-03,미검토,,상,"사람인 현직자 인터뷰 기반 수집, 원문 저작권 보호를 위해 요약만 저장 | 수집일: 2026-10-03",N,"IT개발 데이터 직무에서 경력이 쌓이면 어떤 방향으로 커리어가 발전하나요?,IT개발 데이터 직무 경력 쌓으면 나중에 어떻게 성장해?,IT개발 데이터 직무 현직자들은 연차 쌓이면 어케 성장함?,IT개발 데이터 직무 경력 성장 경로,저는 IT개발 데이터 직무로 커리어를 시작하려는데 경력이 쌓이면 어떻게 성장하는지 궁금해요,IT개발 데이터 직무에서 경력별 성장 방향 좀 알려주세요,IT개발 데이터 성장 경로,IT개발 데이터 직무에서 실무 경력을 쌓은 뒤의 커리어 성장 방향은 어떤가요?,IT개발 데이터 직무로 경력을 쌓으면 성장 가능성이 제한적이지 않을까요?",IT개발 데이터 직무에서 경력이 쌓이면 어떤 방향으로 커리어가 발전하나요?,IT개발 데이터 직무 경력 쌓으면 나중에 어떻게 성장해?,IT개발 데이터 직무 현직자들은 연차 쌓이면 어케 성장함?,IT개발 데이터 직무 경력 성장 경로,저는 IT개발 데이터 직무로 커리어를 시작하려는데 경력이 쌓이면 어떻게 성장하는지 궁금해요,IT개발 데이터 직무에서 경력별 성장 방향 좀 알려주세요,IT개발 데이터 성장 경로,IT개발 데이터 직무에서 실무 경력을 쌓은 뒤의 커리어 성장 방향은 어떤가요?,IT개발 데이터 직무로 경력을 쌓으면 성장 가능성이 제한적이지 않을까요?
162,182,S-C01-044,직무 탐색·전환,IT·개발·데이터,IT개발·데이터 직무는 구체적으로 어떤 일을 하나요?,프론트엔드 직무는 사용자가 웹사이트에 접속했을 때 눈으로 보고 상호작용하는 화면 부분을 만드는 일을 담당합니다. 회사 홈페이지 리뉴얼과 같은 프로젝트를 직접 진행하며 사용자 인터페이스를 구현하는 업무가 대표적인 예시입니다. 이처럼 사용자가 직접 마주하는 화면을 설계하고 구현하는 작업이 이 직무의 핵심 업무라고 할 수 있습니다.,사람인 현직자 인터뷰 크롤링,사람인 현직자 인터뷰 - 세븐미어캣 (플랫폼기술사업본부),https://www.saramin.co.kr/zf_user/career-information/senior-view?doc_idx=23208 (Q2),프론트엔드 직무 현직자가 Q2에서 소개한 담당 업무 답변 요약,2026-10-03,미검토,,상,"사람인 현직자 인터뷰 기반 수집, 원문 저작권 보호를 위해 요약만 저장 | 수집일: 2026-10-03",N,"IT개발 데이터 직무는 실제로 어떤 업무를 담당하나요?,IT개발 데이터 직무는 무슨 일 하는 거야?,IT개발 데이터 직무 현직자는 회사에서 머 하는지 궁금함,IT개발 데이터 직무 주요 업무 내용,저는 IT개발 데이터 직무에 관심이 생긴 취준생인데 구체적으로 어떤 일을 하는지 궁금합니다,IT개발 데이터 직무가 하는 일 좀 자세히 알려주세요,IT개발 데이터 하는 일,IT개발 데이터 직무에 입사하면 맡게 되는 실무 업무는 무엇인가요?,IT개발 데이터 직무가 제가 생각하는 업무와 같은지 확인하고 싶은데 실제로 어떤 일을 하나요?",IT개발 데이터 직무는 실제로 어떤 업무를 담당하나요?,IT개발 데이터 직무는 무슨 일 하는 거야?,IT개발 데이터 직무 현직자는 회사에서 머 하는지 궁금함,IT개발 데이터 직무 주요 업무 내용,저는 IT개발 데이터 직무에 관심이 생긴 취준생인데 구체적으로 어떤 일을 하는지 궁금합니다,IT개발 데이터 직무가 하는 일 좀 자세히 알려주세요,IT개발 데이터 하는 일,IT개발 데이터 직무에 입사하면 맡게 되는 실무 업무는 무엇인가요?,IT개발 데이터 직무가 제가 생각하는 업무와 같은지 확인하고 싶은데 실제로 어떤 일을 하나요?
163,185,S-C04-003,경험·포트폴리오,IT·개발·데이터,IT개발·데이터 직무를 하면서 쌓이는 업무 노하우에는 어떤 것이 있나요?,"개발 업무를 하다 보면 특정 문제에 막혀 진전이 없는 순간이 자주 생기는데, 이때는 억지로 그 자리에서 계속 고민하기보다 잠시 자리를 벗어나 커피를 마시거나 바람을 쐬는 것이 효과적인 방법으로 꼽힙니다. 쉬는 동안 머릿속이 환기되면서 오히려 해결책이 떠오르는 경우가 많기 때문입니다. 많은 개발자들이 공감할 만한 이런 환기 습관이 실제로 문제 해결에 도움이 되었다고 합니다.",사람인 현직자 인터뷰 크롤링,사람인 현직자 인터뷰 - 세븐미어캣 (플랫폼기술사업본부),https://www.saramin.co.kr/zf_user/career-information/senior-view?doc_idx=23208 (Q6),프론트엔드 직무 현직자가 Q6에서 밝힌 업무 노하우 답변 요약,2026-10-03,미검토,,중,"사람인 현직자 인터뷰 기반 수집, 원문 저작권 보호를 위해 요약만 저장 | 수집일: 2026-10-03",N,"IT개발 데이터 직무를 수행하며 얻게 되는 실무 요령에는 무엇이 있나요?,IT개발 데이터 직무 하다 보면 생기는 노하우 같은 거 있어?,IT개발 데이터 현직자가 알려주는 업무 꿀팁 머 있음?,IT개발 데이터 직무 업무 노하우,저는 IT개발 데이터 직무 입문을 준비 중인데 현업에서 쌓이는 노하우가 어떤 게 있는지 궁금해요,IT개발 데이터 직무에서 일하며 터득하는 노하우 좀 알려주세요,IT개발 데이터 노하우,IT개발 데이터 직무 실무 경험에서 얻는 업무 노하우는 무엇인가요?,IT개발 데이터 직무 노하우를 미리 알아두지 않으면 일할 때 힘들까요?",IT개발 데이터 직무를 수행하며 얻게 되는 실무 요령에는 무엇이 있나요?,IT개발 데이터 직무 하다 보면 생기는 노하우 같은 거 있어?,IT개발 데이터 현직자가 알려주는 업무 꿀팁 머 있음?,IT개발 데이터 직무 업무 노하우,저는 IT개발 데이터 직무 입문을 준비 중인데 현업에서 쌓이는 노하우가 어떤 게 있는지 궁금해요,IT개발 데이터 직무에서 일하며 터득하는 노하우 좀 알려주세요,IT개발 데이터 노하우,IT개발 데이터 직무 실무 경험에서 얻는 업무 노하우는 무엇인가요?,IT개발 데이터 직무 노하우를 미리 알아두지 않으면 일할 때 힘들까요?
164,191,S-C06-039,역량개발·준비계획,IT·개발·데이터,IT개발·데이터 직무에 필요한 역량이나 지식은 무엇인가요?,"크로스플랫폼 앱 개발 직무에서는 Flutter 자체에 대한 이해뿐 아니라 Kotlin, Swift 같은 네이티브 개발 지식도 중요합니다. 참조할 라이브러리가 없거나 기존 라이브러리를 커스텀해야 하는 상황이 자주 생기기 때문입니다. 이런 경우 안드로이드와 iOS 각각의 네이티브 코드로 기능이 구현되어 있어, 해당 언어를 알아야 문제를 수월하게 해결할 수 있습니다. 따라서 크로스플랫폼 프레임워크만 공부하기보다 네이티브 개발 역량을 함께 쌓는 것이 실무에 도움이 됩니다.",사람인 현직자 인터뷰 크롤링,사람인 현직자 인터뷰 - 세븐미어캣 (플랫폼기술사업본부),https://www.saramin.co.kr/zf_user/career-information/senior-view?doc_idx=23207 (Q4),크로스플랫폼 앱 개발 직무 현직자가 직무 수행에 필요한 지식을 설명한 답변 요약,2026-10-03,미검토,,상,"사람인 현직자 인터뷰 기반 수집, 원문 저작권 보호를 위해 요약만 저장 | 수집일: 2026-10-03",N,"IT개발 데이터 직무에 요구되는 능력이나 지식은 어떤 것이 있나요?,IT개발 데이터 직무 하려면 어떤 역량이 필요해?,IT개발 데이터 직무 취준할 때 필요한 역량 머임?,IT개발 데이터 직무 필요 역량 지식,저는 IT개발 데이터 직무를 목표로 하는데 어떤 역량과 지식을 갖춰야 할지 궁금합니다,IT개발 데이터 직무에 필요한 역량 정리해 주세요,IT개발 데이터 필요 역량,IT개발 데이터 직무 업무 수행에 필요한 직무 역량과 전문 지식은 무엇인가요?,IT개발 데이터 직무에 필요한 지식이 부족하면 불리할까요?",IT개발 데이터 직무에 요구되는 능력이나 지식은 어떤 것이 있나요?,IT개발 데이터 직무 하려면 어떤 역량이 필요해?,IT개발 데이터 직무 취준할 때 필요한 역량 머임?,IT개발 데이터 직무 필요 역량 지식,저는 IT개발 데이터 직무를 목표로 하는데 어떤 역량과 지식을 갖춰야 할지 궁금합니다,IT개발 데이터 직무에 필요한 역량 정리해 주세요,IT개발 데이터 필요 역량,IT개발 데이터 직무 업무 수행에 필요한 직무 역량과 전문 지식은 무엇인가요?,IT개발 데이터 직무에 필요한 지식이 부족하면 불리할까요?
165,196,S-C06-041,역량개발·준비계획,영업·마케팅,PMM 직무에서 커리어 성장을 위해 어떤 준비를 하면 좋을까요?,"제품을 책임지는 마케팅 직무에서는 담당하는 제품군이 넓어질수록 새로운 제품에 대한 이해와 전문성을 꾸준히 키워야 합니다. 특히 제품의 기능, 시장 동향, 고객 요구사항을 지속적으로 학습하는 자세가 중요합니다. 최근 산업 전반이 하드웨어 중심에서 디지털 트윈, AI, 소프트웨어 기반 솔루션 중심으로 빠르게 바뀌고 있어, 관련 기술과 트렌드를 미리 익혀 두는 것이 앞으로의 경쟁력이 됩니다. 이에 맞춰 본인이 맡지 않은 제품이나 다른 부서의 영역까지 관심을 넓혀 회사 전체의 제품과 시장을 이해하려는 노력도 장기적인 성장에 도움이 됩니다.",사람인 현직자 인터뷰 크롤링,사람인 현직자 인터뷰 - 한국훼스토 (PMM),https://www.saramin.co.kr/zf_user/career-information/senior-view?doc_idx=24847 (Q12),제품 마케팅 직무 현직자가 커리어 성장을 위한 준비 방향을 밝힌 답변 요약,2026-10-03,미검토,,상,"사람인 현직자 인터뷰 기반 수집, 원문 저작권 보호를 위해 요약만 저장 | 수집일: 2026-10-03",N,"PMM 직무에서 커리어를 키우려면 무엇을 준비해야 하나요?,PMM 직무로 커리어 키우려면 뭘 준비해야 해?,PMM 현직자들은 커리어 성장 위해 머 준비함?,PMM 직무 커리어 성장 준비,저는 PMM 직무로 일하고 있는데 커리어 성장을 위해 어떤 준비를 하면 좋을지 고민이에요,PMM 직무 커리어 성장을 위한 준비 방법 좀 알려주세요,PMM 커리어 준비,PMM 직무에서 경력 개발을 위한 커리어 준비는 어떻게 하나요?,PMM 직무에서 커리어 성장 준비를 따로 안 해도 괜찮을까요?",PMM 직무에서 커리어를 키우려면 무엇을 준비해야 하나요?,PMM 직무로 커리어 키우려면 뭘 준비해야 해?,PMM 현직자들은 커리어 성장 위해 머 준비함?,PMM 직무 커리어 성장 준비,저는 PMM 직무로 일하고 있는데 커리어 성장을 위해 어떤 준비를 하면 좋을지 고민이에요,PMM 직무 커리어 성장을 위한 준비 방법 좀 알려주세요,PMM 커리어 준비,PMM 직무에서 경력 개발을 위한 커리어 준비는 어떻게 하나요?,PMM 직무에서 커리어 성장 준비를 따로 안 해도 괜찮을까요?
166,197,S-C01-052,직무 탐색·전환,영업·마케팅,영업전략・성과혁신 매니저 직무는 구체적으로 어떤 일을 하나요?,"영업전략 관련 직무는 영업 및 마케팅 조직의 성과를 극대화하도록 전략적으로 지원하는 역할을 합니다. 구체적으로는 영업 성과를 분석하고, KPI와 인센티브 제도를 설계·운영하며, 영업 프로세스를 개선하는 업무를 담당합니다. 또한 CRM을 비롯한 영업 관련 시스템을 운영하고, 데이터에 기반한 의사결정을 지원하는 역할도 수행합니다. 영업 현장과 경영진 사이에서 데이터를 바탕으로 방향을 제시하는 업무라고 볼 수 있습니다.",사람인 현직자 인터뷰 크롤링,사람인 현직자 인터뷰 - 쥴릭파마코리아 (영업전략・성과혁신 매니저),https://www.saramin.co.kr/zf_user/career-information/senior-view?doc_idx=24619 (Q2),영업전략·성과혁신 직무 현직자가 담당 업무를 소개한 답변 요약,2026-10-03,미검토,,상,"사람인 현직자 인터뷰 기반 수집, 원문 저작권 보호를 위해 요약만 저장 | 수집일: 2026-10-03",N,"영업전략 성과혁신 매니저 직무는 실제로 어떤 업무를 맡나요?,영업전략 성과혁신 매니저는 무슨 일 해?,영업전략 성과혁신 매니저 현직자는 머 하는 직무임?,영업전략 성과혁신 매니저 업무 내용,저는 영업전략 성과혁신 매니저 채용공고를 보고 관심이 생겼는데 구체적으로 어떤 일을 하나요?,영업전략 성과혁신 매니저 직무가 하는 일 좀 알려주세요,영업전략 성과혁신 하는 일,영업전략 성과혁신 매니저 직무로 입사하면 담당하는 실무는 무엇인가요?,영업전략 성과혁신 매니저 직무가 영업 현장 일만 하는 건 아닌지 확인하고 싶어요",영업전략 성과혁신 매니저 직무는 실제로 어떤 업무를 맡나요?,영업전략 성과혁신 매니저는 무슨 일 해?,영업전략 성과혁신 매니저 현직자는 머 하는 직무임?,영업전략 성과혁신 매니저 업무 내용,저는 영업전략 성과혁신 매니저 채용공고를 보고 관심이 생겼는데 구체적으로 어떤 일을 하나요?,영업전략 성과혁신 매니저 직무가 하는 일 좀 알려주세요,영업전략 성과혁신 하는 일,영업전략 성과혁신 매니저 직무로 입사하면 담당하는 실무는 무엇인가요?,영업전략 성과혁신 매니저 직무가 영업 현장 일만 하는 건 아닌지 확인하고 싶어요
167,198,S-C01-053,직무 탐색·전환,영업·마케팅,영업전략・성과혁신 매니저 직무를 선택하게 되는 계기는 보통 무엇인가요?,"숫자만 다루는 업무보다 사람과 직접 소통하는 업무에 더 매력을 느껴 진로를 바꾸게 된 경우가 있습니다. 해외에서 회계 분야로 경력을 시작했지만, 고객과 소통하는 직무에 더 끌려 외국계 기업으로 전직을 준비하게 되었습니다. 그 과정에서 지원하려는 회사의 대표가 밝힌 비전과 메시지에 깊이 공감하면서 입사를 결심하게 되는 경우도 있습니다. 이처럼 자신의 적성 변화와 회사에 대한 공감이 맞물려 새로운 직무를 선택하게 되는 사례가 많습니다.",사람인 현직자 인터뷰 크롤링,사람인 현직자 인터뷰 - 쥴릭파마코리아 (영업전략・성과혁신 매니저),https://www.saramin.co.kr/zf_user/career-information/senior-view?doc_idx=24619 (Q4),영업전략 직무 현직자가 직무를 선택하게 된 계기를 밝힌 답변 요약,2026-10-03,미검토,,상,"사람인 현직자 인터뷰 기반 수집, 원문 저작권 보호를 위해 요약만 저장 | 수집일: 2026-10-03",N,"영업전략 성과혁신 매니저 직무를 택하게 되는 이유는 주로 무엇인가요?,영업전략 성과혁신 매니저 직무는 보통 어떤 계기로 하게 돼?,영업전략 성과혁신 매니저 현직자들은 어케 이 직무 고른 거임?,영업전략 성과혁신 매니저 직무 선택 계기,저는 영업전략 성과혁신 매니저 직무를 고민 중인데 다른 분들은 어떤 계기로 선택했는지 궁금해요,영업전략 성과혁신 매니저 직무를 선택한 계기 좀 알려주세요,영업전략 매니저 선택 계기,영업전략 성과혁신 매니저로 진로를 정하거나 직무 전환을 하게 되는 계기는 무엇인가요?,영업전략 성과혁신 매니저 직무를 선택하려면 특별한 계기가 있어야 하나요?",영업전략 성과혁신 매니저 직무를 택하게 되는 이유는 주로 무엇인가요?,영업전략 성과혁신 매니저 직무는 보통 어떤 계기로 하게 돼?,영업전략 성과혁신 매니저 현직자들은 어케 이 직무 고른 거임?,영업전략 성과혁신 매니저 직무 선택 계기,저는 영업전략 성과혁신 매니저 직무를 고민 중인데 다른 분들은 어떤 계기로 선택했는지 궁금해요,영업전략 성과혁신 매니저 직무를 선택한 계기 좀 알려주세요,영업전략 매니저 선택 계기,영업전략 성과혁신 매니저로 진로를 정하거나 직무 전환을 하게 되는 계기는 무엇인가요?,영업전략 성과혁신 매니저 직무를 선택하려면 특별한 계기가 있어야 하나요?
168,199,S-C01-054,직무 탐색·전환,영업·마케팅,영업전략・성과혁신 매니저 직무의 가장 큰 매력은 무엇인가요?,"영업전략 직무는 회사의 비즈니스 성과에 직접적인 영향을 미치면서도 여러 부서와 협업할 수 있어 넓은 시야를 가질 수 있다는 점이 큰 매력입니다. 영업과 마케팅이 맞닿아 돌아가는 역동적인 비즈니스 상황을 가까이에서 경험할 수 있다는 것도 장점입니다. 마케팅 전략이 어디에서 나오고, 그것이 현장의 영업팀에 의해 어떻게 실행되는지를 전체적으로 파악할 수 있는 자리이기도 합니다. 이렇게 전략과 실행을 동시에 들여다볼 수 있다는 점이 이 직무만의 매력으로 꼽힙니다.",사람인 현직자 인터뷰 크롤링,사람인 현직자 인터뷰 - 쥴릭파마코리아 (영업전략・성과혁신 매니저),https://www.saramin.co.kr/zf_user/career-information/senior-view?doc_idx=24619 (Q5),영업전략 직무 현직자가 직무의 매력을 설명한 답변 요약,2026-10-03,미검토,,상,"사람인 현직자 인터뷰 기반 수집, 원문 저작권 보호를 위해 요약만 저장 | 수집일: 2026-10-03",N,"영업전략 성과혁신 매니저 직무의 가장 큰 장점은 무엇인가요?,영업전략 성과혁신 매니저 직무는 뭐가 제일 좋아?,영업전략 성과혁신 매니저 현직자가 꼽는 직무 매력 머임?,영업전략 성과혁신 매니저 직무 매력,저는 영업전략 성과혁신 매니저 직무를 고려 중인데 이 직무만의 매력이 무엇인지 궁금해요,영업전략 성과혁신 매니저 직무의 매력 좀 알려주세요,영업전략 매니저 매력,영업전략 성과혁신 매니저 직무로 일할 때 느끼는 직무 매력과 보람은 무엇인가요?,영업전략 성과혁신 매니저 직무가 별다른 매력이 없는 일은 아닐까요?",영업전략 성과혁신 매니저 직무의 가장 큰 장점은 무엇인가요?,영업전략 성과혁신 매니저 직무는 뭐가 제일 좋아?,영업전략 성과혁신 매니저 현직자가 꼽는 직무 매력 머임?,영업전략 성과혁신 매니저 직무 매력,저는 영업전략 성과혁신 매니저 직무를 고려 중인데 이 직무만의 매력이 무엇인지 궁금해요,영업전략 성과혁신 매니저 직무의 매력 좀 알려주세요,영업전략 매니저 매력,영업전략 성과혁신 매니저 직무로 일할 때 느끼는 직무 매력과 보람은 무엇인가요?,영업전략 성과혁신 매니저 직무가 별다른 매력이 없는 일은 아닐까요?
169,200,S-C01-055,직무 탐색·전환,영업·마케팅,영업전략・성과혁신 매니저 직무에서 경력을 쌓으면 어떻게 성장하나요?,"이 직무에서 경력을 쌓으면 데이터 분석력, 전략적 사고, 커뮤니케이션 역량을 균형 있게 갖춘 비즈니스 파트너형 인재로 성장할 수 있습니다. 단순히 숫자를 다루는 역할에서 벗어나 회사의 의사결정에 직접 관여하는 위치로 올라갈 수 있다는 의미입니다. 장기적으로는 영업·마케팅 전략 수립, 사업 기획, 나아가 일반 경영 분야로까지 커리어를 확장할 수 있는 길이 열려 있습니다. 즉, 특정 업무에 머무르지 않고 경영 전반으로 시야를 넓혀갈 수 있는 직무입니다.",사람인 현직자 인터뷰 크롤링,사람인 현직자 인터뷰 - 쥴릭파마코리아 (영업전략・성과혁신 매니저),https://www.saramin.co.kr/zf_user/career-information/senior-view?doc_idx=24619 (Q6),영업전략 직무 현직자가 경력 성장 경로를 설명한 답변 요약,2026-10-03,미검토,,상,"사람인 현직자 인터뷰 기반 수집, 원문 저작권 보호를 위해 요약만 저장 | 수집일: 2026-10-03",N,"영업전략 성과혁신 매니저 직무에서 연차가 쌓이면 어떤 인재로 발전하나요?,영업전략 성과혁신 매니저로 경력 쌓으면 어떻게 성장해?,영업전략 성과혁신 매니저 경력 쌓으면 커리어 어케 됨?,영업전략 성과혁신 매니저 경력 성장 방향,저는 영업전략 성과혁신 매니저 직무를 목표로 하는데 경력이 쌓이면 어떻게 성장할 수 있는지 궁금합니다,영업전략 성과혁신 매니저 직무의 경력 성장 경로 좀 알려주세요,영업전략 매니저 경력 성장,영업전략 성과혁신 매니저 직무에서 실무 경력을 쌓은 뒤 커리어는 어떻게 발전하나요?,영업전략 성과혁신 매니저 직무로 경력을 쌓아도 성장에 한계가 있지 않을까요?",영업전략 성과혁신 매니저 직무에서 연차가 쌓이면 어떤 인재로 발전하나요?,영업전략 성과혁신 매니저로 경력 쌓으면 어떻게 성장해?,영업전략 성과혁신 매니저 경력 쌓으면 커리어 어케 됨?,영업전략 성과혁신 매니저 경력 성장 방향,저는 영업전략 성과혁신 매니저 직무를 목표로 하는데 경력이 쌓이면 어떻게 성장할 수 있는지 궁금합니다,영업전략 성과혁신 매니저 직무의 경력 성장 경로 좀 알려주세요,영업전략 매니저 경력 성장,영업전략 성과혁신 매니저 직무에서 실무 경력을 쌓은 뒤 커리어는 어떻게 발전하나요?,영업전략 성과혁신 매니저 직무로 경력을 쌓아도 성장에 한계가 있지 않을까요?
170,201,S-C06-042,역량개발·준비계획,영업·마케팅,영업전략・성과혁신 매니저 직무에 필요한 역량이나 지식은 무엇인가요?,"영업전략 직무를 수행하려면 기본적으로 국내 제약시장 전반에 대한 이해와 외국계 제약회사의 조직 구조에 대한 이해가 필요합니다. 영업 경험이 있으면 도움이 되지만 필수는 아니며, 영업팀과 함께 현장에서 고객을 직접 만나는 경험을 쌓는 것이 더 중요합니다. 데이터를 다루는 비중이 큰 직무이기 때문에 엑셀이나 BI 툴을 활용하는 역량도 요구됩니다. 장기적으로는 단순한 툴 사용을 넘어 데이터에서 의미 있는 인사이트를 뽑아내는 역량을 기르는 것이 더 중요합니다.",사람인 현직자 인터뷰 크롤링,사람인 현직자 인터뷰 - 쥴릭파마코리아 (영업전략・성과혁신 매니저),https://www.saramin.co.kr/zf_user/career-information/senior-view?doc_idx=24619 (Q8),영업전략 직무 현직자가 직무 수행에 필요한 지식을 설명한 답변 요약,2026-10-03,미검토,,상,"사람인 현직자 인터뷰 기반 수집, 원문 저작권 보호를 위해 요약만 저장 | 수집일: 2026-10-03",N,"영업전략 성과혁신 매니저 직무에 요구되는 능력과 지식은 무엇인가요?,영업전략 성과혁신 매니저 하려면 뭘 알아야 해?,영업전략 성과혁신 매니저 직무 취준할 때 필요한 역량 머임?,영업전략 성과혁신 매니저 필요 역량 지식,저는 영업전략 성과혁신 매니저 직무에 지원하려는데 어떤 역량과 지식이 필요한지 궁금해요,영업전략 성과혁신 매니저 직무에 필요한 역량 정리해 주세요,영업전략 매니저 필요 역량,영업전략 성과혁신 매니저 직무 수행에 필요한 업무 역량과 산업 지식은 무엇인가요?,영업전략 성과혁신 매니저 직무는 영업 경험이 없으면 불리한가요?",영업전략 성과혁신 매니저 직무에 요구되는 능력과 지식은 무엇인가요?,영업전략 성과혁신 매니저 하려면 뭘 알아야 해?,영업전략 성과혁신 매니저 직무 취준할 때 필요한 역량 머임?,영업전략 성과혁신 매니저 필요 역량 지식,저는 영업전략 성과혁신 매니저 직무에 지원하려는데 어떤 역량과 지식이 필요한지 궁금해요,영업전략 성과혁신 매니저 직무에 필요한 역량 정리해 주세요,영업전략 매니저 필요 역량,영업전략 성과혁신 매니저 직무 수행에 필요한 업무 역량과 산업 지식은 무엇인가요?,영업전략 성과혁신 매니저 직무는 영업 경험이 없으면 불리한가요?
171,202,S-C06-043,역량개발·준비계획,영업·마케팅,영업전략・성과혁신 매니저 직무 전문성을 높이기 위해 어떤 노력을 하나요?,"영업전략 직무에서는 헬스케어 산업 트렌드, 영업 전략, 데이터 분석 관련 자료를 꾸준히 공부하는 노력이 필요합니다. 업계에서 발행되는 산업 리포트를 정기적으로 읽는 것도 전문성을 키우는 좋은 방법입니다. 또한 같은 분야에서 일하는 다른 회사 담당자들과 교류하며 시장과 직무 동향에 대한 정보를 주고받는 활동도 도움이 됩니다. 이러한 외부 학습과 네트워킹을 병행하면 변화하는 시장 흐름을 놓치지 않고 따라갈 수 있습니다.",사람인 현직자 인터뷰 크롤링,사람인 현직자 인터뷰 - 쥴릭파마코리아 (영업전략・성과혁신 매니저),https://www.saramin.co.kr/zf_user/career-information/senior-view?doc_idx=24619 (Q12),영업전략 직무 현직자가 전문성 향상을 위한 노력을 설명한 답변 요약,2026-10-03,미검토,,상,"사람인 현직자 인터뷰 기반 수집, 원문 저작권 보호를 위해 요약만 저장 | 수집일: 2026-10-03",N,"영업전략 성과혁신 매니저 직무의 전문성을 키우려면 어떻게 노력하나요?,영업전략 성과혁신 매니저는 전문성 높이려고 뭐 해?,영업전략 성과혁신 매니저 현직자들은 전문성 키우려고 머 공부함?,영업전략 성과혁신 매니저 전문성 향상 노력,저는 영업전략 성과혁신 매니저 직무를 꿈꾸는데 현직자들은 전문성을 높이려고 어떤 노력을 하는지 궁금해요,영업전략 성과혁신 매니저 직무 전문성 키우는 방법 좀 알려주세요,영업전략 매니저 전문성,영업전략 성과혁신 매니저 직무에서 업무 전문성을 높이기 위한 자기계발은 무엇인가요?,영업전략 성과혁신 매니저 직무에서 따로 공부하지 않으면 전문성이 뒤처질까요?",영업전략 성과혁신 매니저 직무의 전문성을 키우려면 어떻게 노력하나요?,영업전략 성과혁신 매니저는 전문성 높이려고 뭐 해?,영업전략 성과혁신 매니저 현직자들은 전문성 키우려고 머 공부함?,영업전략 성과혁신 매니저 전문성 향상 노력,저는 영업전략 성과혁신 매니저 직무를 꿈꾸는데 현직자들은 전문성을 높이려고 어떤 노력을 하는지 궁금해요,영업전략 성과혁신 매니저 직무 전문성 키우는 방법 좀 알려주세요,영업전략 매니저 전문성,영업전략 성과혁신 매니저 직무에서 업무 전문성을 높이기 위한 자기계발은 무엇인가요?,영업전략 성과혁신 매니저 직무에서 따로 공부하지 않으면 전문성이 뒤처질까요?
172,203,S-C01-056,직무 탐색·전환,영업·마케팅,영업전략・성과혁신 매니저 직무의 전망은 어떤가요?,"데이터 기반 경영이 강화될수록 영업전략·성과혁신 직무의 중요성은 더 커질 것으로 전망됩니다. AI 시대에는 방대한 정보와 데이터를 검증하고, 이를 바탕으로 전략 실행과 핵심 의사결정을 지원하는 역할이 오히려 더 필요해진다는 시각입니다. 즉 데이터를 다루는 업무가 AI에 의해 대체되기보다, AI가 만들어내는 데이터를 해석하고 전략으로 연결하는 사람의 역할이 더 중요해진다는 것입니다. 이런 이유로 해당 직무는 앞으로도 사라지지 않고 더 중요한 위치를 차지할 것으로 예상됩니다.",사람인 현직자 인터뷰 크롤링,사람인 현직자 인터뷰 - 쥴릭파마코리아 (영업전략・성과혁신 매니저),https://www.saramin.co.kr/zf_user/career-information/senior-view?doc_idx=24619 (Q13),영업전략 직무 현직자가 직무의 미래 전망을 설명한 답변 요약,2026-10-03,미검토,,상,"사람인 현직자 인터뷰 기반 수집, 원문 저작권 보호를 위해 요약만 저장 | 수집일: 2026-10-03",N,"영업전략 성과혁신 매니저 직무의 미래는 어떻게 예상되나요?,영업전략 성과혁신 매니저 직무 앞으로 전망 괜찮아?,영업전략 성과혁신 매니저 직무 전망 현직자들은 어케 봄?,영업전략 성과혁신 매니저 직무 전망,저는 영업전략 성과혁신 매니저 직무를 진로로 고민하는데 앞으로 전망이 어떤지 알고 싶어요,영업전략 성과혁신 매니저 직무의 향후 전망 좀 알려주세요,영업전략 매니저 전망,영업전략 성과혁신 매니저 직무의 채용 수요와 직업 전망은 어떤가요?,영업전략 성과혁신 매니저 직무가 나중에 사라지지는 않을까요?",영업전략 성과혁신 매니저 직무의 미래는 어떻게 예상되나요?,영업전략 성과혁신 매니저 직무 앞으로 전망 괜찮아?,영업전략 성과혁신 매니저 직무 전망 현직자들은 어케 봄?,영업전략 성과혁신 매니저 직무 전망,저는 영업전략 성과혁신 매니저 직무를 진로로 고민하는데 앞으로 전망이 어떤지 알고 싶어요,영업전략 성과혁신 매니저 직무의 향후 전망 좀 알려주세요,영업전략 매니저 전망,영업전략 성과혁신 매니저 직무의 채용 수요와 직업 전망은 어떤가요?,영업전략 성과혁신 매니저 직무가 나중에 사라지지는 않을까요?
173,204,S-C06-044,역량개발·준비계획,영업·마케팅,영업전략・성과혁신 매니저 직무에서 커리어 성장을 위해 어떤 준비를 하면 좋을까요?,"영업전략 직무에서 장기적으로 성장하려면 비즈니스 전략 역량과 더불어 리더십 역량을 꾸준히 키워야 합니다. 주니어 때는 자신의 리더십보다 선배나 상사의 리더십을 평가하는 데 시간을 더 많이 쓰는 경우가 많지만, 시간이 지날수록 그때 들었던 조언들이 다르게 다가오는 경험을 하게 됩니다. 지시받은 일만 처리하는 수준으로는 조직에서 원하는 인재가 되기 어려운 시대이므로, 회사의 비즈니스를 깊이 이해하고 끊임없이 배우려는 자세가 필요합니다. 더 나아가 스스로는 물론 동료와 팀원에게 어떤 리더십을 보여줄 수 있을지 고민하는 과정도 중요한 준비 과정입니다.",사람인 현직자 인터뷰 크롤링,사람인 현직자 인터뷰 - 쥴릭파마코리아 (영업전략・성과혁신 매니저),https://www.saramin.co.kr/zf_user/career-information/senior-view?doc_idx=24619 (Q14),영업전략 직무 현직자가 커리어 성장을 위한 준비를 설명한 답변 요약,2026-10-03,미검토,,상,"사람인 현직자 인터뷰 기반 수집, 원문 저작권 보호를 위해 요약만 저장 | 수집일: 2026-10-03",N,"영업전략 성과혁신 매니저 직무에서 커리어를 발전시키려면 무엇을 준비해야 하나요?,영업전략 성과혁신 매니저로 커리어 키우려면 뭐 준비해야 해?,영업전략 성과혁신 매니저 현직자들은 커리어 성장 위해 머 준비함?,영업전략 성과혁신 매니저 커리어 성장 준비,저는 영업전략 성과혁신 매니저 직무로 오래 일하고 싶은데 커리어 성장을 위해 무엇을 준비하면 좋을까요?,영업전략 성과혁신 매니저 커리어 성장 준비 방법 좀 알려주세요,영업전략 매니저 커리어 준비,영업전략 성과혁신 매니저 직무에서 장기적인 커리어 준비는 어떻게 하면 좋을까요?,영업전략 성과혁신 매니저 직무에서 실무만 잘해도 커리어 성장에 충분할까요?",영업전략 성과혁신 매니저 직무에서 커리어를 발전시키려면 무엇을 준비해야 하나요?,영업전략 성과혁신 매니저로 커리어 키우려면 뭐 준비해야 해?,영업전략 성과혁신 매니저 현직자들은 커리어 성장 위해 머 준비함?,영업전략 성과혁신 매니저 커리어 성장 준비,저는 영업전략 성과혁신 매니저 직무로 오래 일하고 싶은데 커리어 성장을 위해 무엇을 준비하면 좋을까요?,영업전략 성과혁신 매니저 커리어 성장 준비 방법 좀 알려주세요,영업전략 매니저 커리어 준비,영업전략 성과혁신 매니저 직무에서 장기적인 커리어 준비는 어떻게 하면 좋을까요?,영업전략 성과혁신 매니저 직무에서 실무만 잘해도 커리어 성장에 충분할까요?
174,205,S-C01-057,직무 탐색·전환,영업·마케팅,상품기획·MD 직무는 구체적으로 어떤 일을 하나요?,"마케팅팀에서는 브랜드를 만들고 관리하는 브랜딩 업무와, 그 내용을 외부에 전달하는 마케팅 커뮤니케이션 업무를 총괄하는 경우가 많습니다. 브랜드의 이미지와 메시지를 일관되게 유지하면서 다양한 채널을 통해 소비자와 소통하는 일이 핵심입니다. 이 과정에서 제품이나 브랜드의 방향성을 정하고, 이를 광고나 콘텐츠 등으로 구체화하는 역할도 포함됩니다. 결국 브랜드의 정체성을 세우고 이를 시장에 효과적으로 전달하는 것이 이 직무의 핵심 업무라고 할 수 있습니다.",사람인 현직자 인터뷰 크롤링,사람인 현직자 인터뷰 - 에스디생명공학 (마케팅팀),https://www.saramin.co.kr/zf_user/career-information/senior-view?doc_idx=24045 (Q2),브랜드 마케팅 직무 현직자가 담당 업무를 소개한 답변 요약,2026-10-03,미검토,,상,"사람인 현직자 인터뷰 기반 수집, 원문 저작권 보호를 위해 요약만 저장 | 수집일: 2026-10-03",N,"상품기획 MD 직무는 실제로 어떤 업무를 담당하나요?,상품기획 MD는 무슨 일 하는 거야?,상품기획 MD 현직자는 머 하는 직무임?,상품기획 MD 직무 업무 내용,저는 상품기획 MD 직무에 관심 있는 취준생인데 구체적으로 어떤 일을 하는지 궁금해요,상품기획 MD 직무가 하는 일 좀 알려주세요,상품기획 MD 하는 일,상품기획 MD 직무로 입사하면 맡게 되는 실무는 무엇인가요?,상품기획 MD 직무가 제가 생각하는 일과 다를까 봐 걱정인데 실제 업무는 어떤가요?",상품기획 MD 직무는 실제로 어떤 업무를 담당하나요?,상품기획 MD는 무슨 일 하는 거야?,상품기획 MD 현직자는 머 하는 직무임?,상품기획 MD 직무 업무 내용,저는 상품기획 MD 직무에 관심 있는 취준생인데 구체적으로 어떤 일을 하는지 궁금해요,상품기획 MD 직무가 하는 일 좀 알려주세요,상품기획 MD 하는 일,상품기획 MD 직무로 입사하면 맡게 되는 실무는 무엇인가요?,상품기획 MD 직무가 제가 생각하는 일과 다를까 봐 걱정인데 실제 업무는 어떤가요?
175,206,S-C06-045,역량개발·준비계획,영업·마케팅,상품기획·MD 직무를 준비하려면 무엇을 하면 좋을까요?,"마케팅 직무를 준비할 때는 관련 서적을 많이 읽어 마케팅의 전체적인 흐름을 이해하고 사고를 넓히는 것이 도움이 됩니다. 관심 있는 브랜드 하나를 정해 깊이 분석하며 그 브랜드의 전략을 뜯어보는 연습도 추천됩니다. 시간이 부족하다면 짧은 콘텐츠 구독 서비스를 하루 몇 분씩 꾸준히 보는 것만으로도 다양한 관점을 익힐 수 있습니다. 특히 지원하려는 분야를 정했다면 그 분야에 깊이 파고들어 소비자의 입장을 이해하는 것이, 공감을 얻는 마케터로 성장하는 데 중요합니다.",사람인 현직자 인터뷰 크롤링,사람인 현직자 인터뷰 - 에스디생명공학 (마케팅팀),https://www.saramin.co.kr/zf_user/career-information/senior-view?doc_idx=24045 (Q6),브랜드 마케팅 직무 현직자가 후배에게 추천하는 준비 활동을 설명한 답변 요약,2026-10-03,미검토,,상,"사람인 현직자 인터뷰 기반 수집, 원문 저작권 보호를 위해 요약만 저장 | 수집일: 2026-10-03",N,"상품기획 MD 직무를 준비할 때 무엇부터 하면 좋을까요?,상품기획 MD 하려면 뭐 준비해야 돼?,상품기획 MD 취준 어케 해야 함?,상품기획 MD 직무 준비 방법,저는 상품기획 MD 직무를 목표로 하는 취준생인데 어떤 준비를 하면 좋을까요?,상품기획 MD 직무 준비 방법 좀 알려주세요,상품기획 MD 준비,상품기획 MD 직무 취업 준비는 무엇을 하면 좋을까요?,상품기획 MD 직무를 준비하는데 관련 경험이 없어도 괜찮을까요?",상품기획 MD 직무를 준비할 때 무엇부터 하면 좋을까요?,상품기획 MD 하려면 뭐 준비해야 돼?,상품기획 MD 취준 어케 해야 함?,상품기획 MD 직무 준비 방법,저는 상품기획 MD 직무를 목표로 하는 취준생인데 어떤 준비를 하면 좋을까요?,상품기획 MD 직무 준비 방법 좀 알려주세요,상품기획 MD 준비,상품기획 MD 직무 취업 준비는 무엇을 하면 좋을까요?,상품기획 MD 직무를 준비하는데 관련 경험이 없어도 괜찮을까요?
176,207,S-C06-046,역량개발·준비계획,영업·마케팅,상품기획·MD 직무에서 커리어 성장을 위해 어떤 준비를 하면 좋을까요?,"브랜드 마케팅 직무에서는 현재 담당하고 있는 리브랜딩이나 재도약 프로젝트를 성공으로 이끄는 것이 단기적인 목표가 되는 경우가 많습니다. 이러한 성과를 바탕으로 향후 몇 년 안에 자신만의 브랜드를 직접 런칭하는 것을 장기적인 목표로 삼는 사례도 있습니다. 이를 위해 더 많은 경험을 쌓고 실력을 다지는 동시에, 꾸준히 체력을 관리하는 것도 중요한 준비 과정으로 여겨집니다. 결국 눈앞의 프로젝트에 집중하면서도 더 큰 목표를 향해 꾸준히 역량을 키워가는 자세가 필요합니다.",사람인 현직자 인터뷰 크롤링,사람인 현직자 인터뷰 - 에스디생명공학 (마케팅팀),https://www.saramin.co.kr/zf_user/career-information/senior-view?doc_idx=24045 (Q7),브랜드 마케팅 직무 현직자가 커리어 성장을 위한 준비를 설명한 답변 요약,2026-10-03,미검토,,상,"사람인 현직자 인터뷰 기반 수집, 원문 저작권 보호를 위해 요약만 저장 | 수집일: 2026-10-03",N,"상품기획 MD 직무에서 커리어를 키우려면 무엇을 준비해야 하나요?,상품기획 MD로 커리어 성장하려면 뭘 준비해?,상품기획 MD 현직자들은 커리어 성장 위해 머 준비함?,상품기획 MD 커리어 성장 준비,저는 상품기획 MD 직무로 일하면서 커리어를 키우고 싶은데 무엇을 준비하면 좋을까요?,상품기획 MD 커리어 성장 방법 좀 알려주세요,상품기획 MD 커리어,상품기획 MD 직무에서 장기적인 커리어 준비는 어떻게 하나요?,상품기획 MD 직무에서 커리어 목표가 아직 뚜렷하지 않아도 괜찮을까요?",상품기획 MD 직무에서 커리어를 키우려면 무엇을 준비해야 하나요?,상품기획 MD로 커리어 성장하려면 뭘 준비해?,상품기획 MD 현직자들은 커리어 성장 위해 머 준비함?,상품기획 MD 커리어 성장 준비,저는 상품기획 MD 직무로 일하면서 커리어를 키우고 싶은데 무엇을 준비하면 좋을까요?,상품기획 MD 커리어 성장 방법 좀 알려주세요,상품기획 MD 커리어,상품기획 MD 직무에서 장기적인 커리어 준비는 어떻게 하나요?,상품기획 MD 직무에서 커리어 목표가 아직 뚜렷하지 않아도 괜찮을까요?
177,208,S-C01-058,직무 탐색·전환,영업·마케팅,헬스케어제품 영업·마케팅 직무를 선택하게 되는 계기는 보통 무엇인가요?,"소비재 영업·마케팅 직무는 트렌드 변화가 빠르고 소비자 반응이 바로 나타난다는 점에서 매력을 느껴 선택하는 경우가 많습니다. 단순히 제품을 판매하는 데서 끝나지 않고, 자신이 제안한 전략이 실제 소비자의 구매 결정으로 이어진다는 점이 이 직무를 선택하게 하는 동력이 됩니다. 결과가 곧바로 시장 반응으로 확인되는 역동성이 이 분야의 큰 특징입니다. 이런 즉각적인 피드백과 영향력이 영업직 선택에 중요한 이유로 작용합니다.",사람인 현직자 인터뷰 크롤링,사람인 현직자 인터뷰 - 한국오츠카제약 (헬스케어제품 영업·마케팅),https://www.saramin.co.kr/zf_user/career-information/senior-view?doc_idx=24566 (Q8),헬스케어 소비재 영업·마케팅 직무 현직자가 직무 선택 계기를 밝힌 답변 요약,2026-10-03,미검토,,상,"사람인 현직자 인터뷰 기반 수집, 원문 저작권 보호를 위해 요약만 저장 | 수집일: 2026-10-03",N,"헬스케어제품 영업 마케팅 직무를 택하는 이유는 주로 무엇인가요?,헬스케어제품 영업 마케팅은 보통 왜 선택해?,헬스케어제품 영업 마케팅 현직자들은 어케 이 직무 고름?,헬스케어제품 영업 마케팅 직무 선택 계기,저는 헬스케어제품 영업 마케팅 직무를 고민 중인데 다른 분들은 어떤 계기로 선택했는지 궁금해요,헬스케어제품 영업 마케팅 직무를 선택한 계기 좀 알려주세요,헬스케어 영업 마케팅 계기,헬스케어제품 영업 마케팅으로 진로를 정하게 되는 계기는 무엇인가요?,헬스케어제품 영업 마케팅 직무를 선택할 만한 이유가 충분할까요?",헬스케어제품 영업 마케팅 직무를 택하는 이유는 주로 무엇인가요?,헬스케어제품 영업 마케팅은 보통 왜 선택해?,헬스케어제품 영업 마케팅 현직자들은 어케 이 직무 고름?,헬스케어제품 영업 마케팅 직무 선택 계기,저는 헬스케어제품 영업 마케팅 직무를 고민 중인데 다른 분들은 어떤 계기로 선택했는지 궁금해요,헬스케어제품 영업 마케팅 직무를 선택한 계기 좀 알려주세요,헬스케어 영업 마케팅 계기,헬스케어제품 영업 마케팅으로 진로를 정하게 되는 계기는 무엇인가요?,헬스케어제품 영업 마케팅 직무를 선택할 만한 이유가 충분할까요?
178,209,S-C01-059,직무 탐색·전환,영업·마케팅,헬스케어제품 영업·마케팅 직무의 가장 큰 매력은 무엇인가요?,"소비재 영업·마케팅 직무는 자신이 제안한 제품이 시장에 성공적으로 런칭될 때 가장 큰 보람을 느낄 수 있습니다. 패키지 디자인, 제품 구성, 가격 책정까지 세밀하게 기획에 참여한 제품이 실제 매장에 진열되는 과정을 지켜보는 경험이 큰 매력입니다. 소비자가 그 제품을 직접 선택하는 모습을 보면서 기획자이자 영업자로서의 성취감을 동시에 느낄 수 있습니다. 기획과 영업이 분리되지 않고 한 사람의 역할 안에서 이어진다는 점이 이 직무의 특징입니다.",사람인 현직자 인터뷰 크롤링,사람인 현직자 인터뷰 - 한국오츠카제약 (헬스케어제품 영업·마케팅),https://www.saramin.co.kr/zf_user/career-information/senior-view?doc_idx=24566 (Q10),헬스케어 소비재 영업·마케팅 직무 현직자가 직무의 매력을 설명한 답변 요약,2026-10-03,미검토,,상,"사람인 현직자 인터뷰 기반 수집, 원문 저작권 보호를 위해 요약만 저장 | 수집일: 2026-10-03",N,"헬스케어제품 영업 마케팅 직무의 가장 큰 장점은 무엇인가요?,헬스케어제품 영업 마케팅 직무는 뭐가 제일 좋아?,헬스케어제품 영업 마케팅 현직자가 말하는 직무 매력 머임?,헬스케어제품 영업 마케팅 직무 매력,저는 헬스케어제품 영업 마케팅 직무에 관심이 있는데 이 일의 가장 큰 매력이 무엇인지 궁금해요,헬스케어제품 영업 마케팅 직무의 매력 좀 알려주세요,헬스케어 영업 마케팅 매력,헬스케어제품 영업 마케팅 직무로 일하면서 느끼는 보람과 매력은 무엇인가요?,헬스케어제품 영업 마케팅 직무가 힘들기만 하고 보람은 없지 않을까요?",헬스케어제품 영업 마케팅 직무의 가장 큰 장점은 무엇인가요?,헬스케어제품 영업 마케팅 직무는 뭐가 제일 좋아?,헬스케어제품 영업 마케팅 현직자가 말하는 직무 매력 머임?,헬스케어제품 영업 마케팅 직무 매력,저는 헬스케어제품 영업 마케팅 직무에 관심이 있는데 이 일의 가장 큰 매력이 무엇인지 궁금해요,헬스케어제품 영업 마케팅 직무의 매력 좀 알려주세요,헬스케어 영업 마케팅 매력,헬스케어제품 영업 마케팅 직무로 일하면서 느끼는 보람과 매력은 무엇인가요?,헬스케어제품 영업 마케팅 직무가 힘들기만 하고 보람은 없지 않을까요?
179,210,S-C01-060,직무 탐색·전환,영업·마케팅,MR 직무는 구체적으로 어떤 일을 하나요?,"제약 영업 직무 중 MR은 처방전 없이 약국에서 구매할 수 있는 일반의약품과 컨슈머헬스케어 제품의 영업을 주로 담당합니다. 약사를 대상으로 제품설명회 등을 열어 제품의 주요 특장점을 설명하는 것이 핵심 업무입니다. 단순히 제품을 판매하는 것을 넘어, 전문적인 정보를 전달하는 역할도 함께 수행합니다. 이처럼 영업과 정보 전달이 결합된 형태의 직무라고 볼 수 있습니다.",사람인 현직자 인터뷰 크롤링,사람인 현직자 인터뷰 - 쥴릭파마코리아 (MR),https://www.saramin.co.kr/zf_user/career-information/senior-view?doc_idx=24615 (Q2),제약 영업(MR) 직무 현직자가 담당 업무를 소개한 답변 요약,2026-10-03,미검토,,상,"사람인 현직자 인터뷰 기반 수집, 원문 저작권 보호를 위해 요약만 저장 | 수집일: 2026-10-03",N,"MR 직무는 실제로 어떤 업무를 담당하나요?,MR은 무슨 일 하는 거야?,MR 직무 현직자는 하루에 머 함?,MR 직무 업무 내용,저는 MR 직무 채용공고를 봤는데 구체적으로 어떤 일을 하는지 잘 모르겠어요,MR 직무가 하는 일 좀 자세히 알려주세요,MR 하는 일,MR 직무로 입사하면 담당하는 영업 실무는 무엇인가요?,MR 직무가 단순히 영업만 하는 일인지 궁금한데 실제로는 어떤가요?",MR 직무는 실제로 어떤 업무를 담당하나요?,MR은 무슨 일 하는 거야?,MR 직무 현직자는 하루에 머 함?,MR 직무 업무 내용,저는 MR 직무 채용공고를 봤는데 구체적으로 어떤 일을 하는지 잘 모르겠어요,MR 직무가 하는 일 좀 자세히 알려주세요,MR 하는 일,MR 직무로 입사하면 담당하는 영업 실무는 무엇인가요?,MR 직무가 단순히 영업만 하는 일인지 궁금한데 실제로는 어떤가요?
180,211,S-C01-061,직무 탐색·전환,영업·마케팅,MR 직무의 가장 큰 매력은 무엇인가요?,제약 영업 직무는 시장과 가장 가까운 곳에서 빠르게 배우고 성과를 만들어낼 수 있다는 점이 가장 큰 매력으로 꼽힙니다. 현장에서 고객을 직접 만나기 때문에 누구보다 빠르게 시장의 흐름을 체감할 수 있습니다. 또한 본인의 업무가 매출과 성과로 곧바로 연결되기 때문에 성취감을 느끼기에도 좋은 구조입니다. 이렇게 현장성과 즉각적인 피드백이 결합되어 있다는 점이 이 직무의 핵심 매력입니다.,사람인 현직자 인터뷰 크롤링,사람인 현직자 인터뷰 - 쥴릭파마코리아 (MR),https://www.saramin.co.kr/zf_user/career-information/senior-view?doc_idx=24615 (Q4),제약 영업(MR) 직무 현직자가 직무의 매력을 설명한 답변 요약,2026-10-03,미검토,,상,"사람인 현직자 인터뷰 기반 수집, 원문 저작권 보호를 위해 요약만 저장 | 수집일: 2026-10-03",N,"MR 직무의 가장 큰 장점은 무엇인가요?,MR 직무는 뭐가 제일 매력이야?,MR 현직자가 꼽는 직무 매력 머임?,MR 직무 매력 포인트,저는 MR 직무를 고려하고 있는데 이 직무만의 가장 큰 매력이 궁금해요,MR 직무의 매력 좀 알려주세요,MR 일의 매력,MR 직무로 일할 때 느끼는 직무 보람과 매력은 무엇인가요?,MR 직무가 힘들다던데 그만한 매력이 있을까요?",MR 직무의 가장 큰 장점은 무엇인가요?,MR 직무는 뭐가 제일 매력이야?,MR 현직자가 꼽는 직무 매력 머임?,MR 직무 매력 포인트,저는 MR 직무를 고려하고 있는데 이 직무만의 가장 큰 매력이 궁금해요,MR 직무의 매력 좀 알려주세요,MR 일의 매력,MR 직무로 일할 때 느끼는 직무 보람과 매력은 무엇인가요?,MR 직무가 힘들다던데 그만한 매력이 있을까요?
181,212,S-C01-062,직무 탐색·전환,영업·마케팅,MR 직무에서 경력을 쌓으면 어떻게 성장하나요?,제약 영업 직무에서 경력을 쌓으면 다양한 방향으로 커리어를 확장할 수 있습니다. 대표적으로 제품 전략을 수립하는 브랜드 매니저로 영역을 넓히는 경로가 있습니다. 소속 회사가 글로벌 기업이라면 해외 근무 기회로 이어지는 경우도 있습니다. 즉 영업 현장 경험이 마케팅 전략이나 해외 업무로까지 확장될 수 있는 발판이 됩니다.,사람인 현직자 인터뷰 크롤링,사람인 현직자 인터뷰 - 쥴릭파마코리아 (MR),https://www.saramin.co.kr/zf_user/career-information/senior-view?doc_idx=24615 (Q5),제약 영업(MR) 직무 현직자가 경력 성장 경로를 설명한 답변 요약,2026-10-03,미검토,,상,"사람인 현직자 인터뷰 기반 수집, 원문 저작권 보호를 위해 요약만 저장 | 수집일: 2026-10-03",N,"MR 직무에서 연차가 쌓이면 커리어가 어떻게 발전하나요?,MR로 경력 쌓으면 나중에 어떻게 성장해?,MR 현직자들은 경력 쌓이면 커리어 어케 됨?,MR 직무 경력 성장 경로,저는 MR 직무로 커리어를 시작하려는데 경력이 쌓이면 어떻게 성장할 수 있는지 궁금해요,MR 직무의 경력 성장 방향 좀 알려주세요,MR 경력 성장,MR 직무에서 영업 경력을 쌓은 뒤 커리어 확장은 어떻게 하나요?,MR 직무로 경력을 쌓으면 영업 말고 다른 길은 막히지 않을까요?",MR 직무에서 연차가 쌓이면 커리어가 어떻게 발전하나요?,MR로 경력 쌓으면 나중에 어떻게 성장해?,MR 현직자들은 경력 쌓이면 커리어 어케 됨?,MR 직무 경력 성장 경로,저는 MR 직무로 커리어를 시작하려는데 경력이 쌓이면 어떻게 성장할 수 있는지 궁금해요,MR 직무의 경력 성장 방향 좀 알려주세요,MR 경력 성장,MR 직무에서 영업 경력을 쌓은 뒤 커리어 확장은 어떻게 하나요?,MR 직무로 경력을 쌓으면 영업 말고 다른 길은 막히지 않을까요?
182,213,S-C06-047,역량개발·준비계획,영업·마케팅,MR 직무 전문성을 높이기 위해 어떤 노력을 하나요?,제약 영업 직무에서는 브랜드 매니저가 수시로 진행하는 제품 교육을 통해 전문성을 쌓는 경우가 많습니다. 팀 단위로도 매달 모여 교육 자료를 바탕으로 스터디를 진행하며 서로의 지식을 공유합니다. 여기에 더해 매년 외부 전문 강사를 통한 영업 직무교육도 함께 받습니다. 이렇게 사내외 교육을 병행하면서 꾸준히 전문성을 쌓아가는 구조입니다.,사람인 현직자 인터뷰 크롤링,사람인 현직자 인터뷰 - 쥴릭파마코리아 (MR),https://www.saramin.co.kr/zf_user/career-information/senior-view?doc_idx=24615 (Q6),제약 영업(MR) 직무 현직자가 전문성 향상을 위한 노력을 설명한 답변 요약,2026-10-03,미검토,,상,"사람인 현직자 인터뷰 기반 수집, 원문 저작권 보호를 위해 요약만 저장 | 수집일: 2026-10-03",N,"MR 직무의 전문성을 키우려면 어떤 노력을 하나요?,MR은 전문성 높이려고 뭐 해?,MR 현직자들은 전문성 키우려고 머 공부함?,MR 직무 전문성 향상 방법,저는 MR 직무를 목표로 하는데 현직자들은 전문성을 높이려고 어떤 노력을 하는지 궁금해요,MR 직무 전문성 키우는 방법 좀 알려주세요,MR 전문성 노력,MR 직무에서 제품 지식 같은 업무 전문성을 높이려면 어떻게 하나요?,MR 직무는 따로 공부하지 않으면 전문성이 부족해질까요?",MR 직무의 전문성을 키우려면 어떤 노력을 하나요?,MR은 전문성 높이려고 뭐 해?,MR 현직자들은 전문성 키우려고 머 공부함?,MR 직무 전문성 향상 방법,저는 MR 직무를 목표로 하는데 현직자들은 전문성을 높이려고 어떤 노력을 하는지 궁금해요,MR 직무 전문성 키우는 방법 좀 알려주세요,MR 전문성 노력,MR 직무에서 제품 지식 같은 업무 전문성을 높이려면 어떻게 하나요?,MR 직무는 따로 공부하지 않으면 전문성이 부족해질까요?
183,214,S-C06-048,역량개발·준비계획,영업·마케팅,MR 직무를 준비하려면 무엇을 하면 좋을까요?,"영업 직무를 준비할 때는 다양한 사람들을 만날 수 있는 활동을 해보는 것이 추천됩니다. 취미 활동이나 봉사활동처럼 소규모 모임에서 여러 사람과 교류하는 경험이 실제 업무에도 도움이 됩니다. 이런 활동을 통해 사람을 대하는 데 익숙해지고 소통 능력을 자연스럽게 키울 수 있습니다. 결국 영업은 사람을 상대하는 일이기 때문에, 평소 다양한 사람과 어울리는 경험 자체가 좋은 준비가 됩니다.",사람인 현직자 인터뷰 크롤링,사람인 현직자 인터뷰 - 쥴릭파마코리아 (MR),https://www.saramin.co.kr/zf_user/career-information/senior-view?doc_idx=24615 (Q11),제약 영업(MR) 직무 현직자가 후배에게 추천하는 준비 활동을 설명한 답변 요약,2026-10-03,미검토,,상,"사람인 현직자 인터뷰 기반 수집, 원문 저작권 보호를 위해 요약만 저장 | 수집일: 2026-10-03",N,"MR 직무를 준비할 때 무엇부터 하면 좋을까요?,MR 하려면 뭐 준비해야 돼?,MR 취준 어케 하면 됨?,MR 직무 준비 방법,저는 MR 직무를 목표로 하는 취준생인데 어떤 준비를 하면 좋을지 모르겠어요,MR 직무 준비 방법 좀 알려주세요,MR 준비할 것,MR 직무 취업 준비는 무엇을 하면 좋을까요?,MR 직무를 준비하는데 영업 관련 경험이 없어도 괜찮을까요?",MR 직무를 준비할 때 무엇부터 하면 좋을까요?,MR 하려면 뭐 준비해야 돼?,MR 취준 어케 하면 됨?,MR 직무 준비 방법,저는 MR 직무를 목표로 하는 취준생인데 어떤 준비를 하면 좋을지 모르겠어요,MR 직무 준비 방법 좀 알려주세요,MR 준비할 것,MR 직무 취업 준비는 무엇을 하면 좋을까요?,MR 직무를 준비하는데 영업 관련 경험이 없어도 괜찮을까요?
184,215,S-C01-063,직무 탐색·전환,영업·마케팅,"아직 직무를 정하지 못했다면, MR 직무 현직자는 어떤 조언을 해줄까요?","직무를 아직 정하지 못한 경우, 다른 사람의 생각에 지나치게 의존해 진로를 결정하지 말라는 조언이 있습니다. 대신 자신이 진정으로 하고 싶고 즐길 수 있는 일을 스스로 찾아보는 것이 중요합니다. 그렇게 선택한 일에 대해서는 성취를 위해 최선을 다해보는 자세가 필요합니다. 결국 타인의 기준보다 자신의 적성과 흥미를 우선에 두는 것이 핵심 조언입니다.",사람인 현직자 인터뷰 크롤링,사람인 현직자 인터뷰 - 쥴릭파마코리아 (MR),https://www.saramin.co.kr/zf_user/career-information/senior-view?doc_idx=24615 (Q12),제약 영업(MR) 직무 현직자가 진로를 정하지 못한 취업준비생에게 건넨 조언 요약,2026-10-03,미검토,,상,"사람인 현직자 인터뷰 기반 수집, 원문 저작권 보호를 위해 요약만 저장 | 수집일: 2026-10-03",N,"직무를 아직 결정하지 못한 사람에게 MR 직무 현직자는 어떤 조언을 하나요?,직무 아직 못 정했는데 MR 현직자는 뭐라고 조언해?,직무 못 정한 취준생한테 MR 현직자가 해주는 조언 머임?,직무 미정 MR 현직자 조언,저는 아직 직무를 못 정했는데 MR 직무 현직자라면 어떤 조언을 해줄지 궁금해요,직무를 못 정한 사람에게 MR 현직자가 주는 조언 좀 알려주세요,MR 현직자 조언,희망 직무를 정하지 못한 취준생에게 MR 직무 현직자가 주는 진로 조언은 무엇인가요?,아직 직무를 못 정했는데 MR 현직자 조언을 들어봐도 도움이 될까요?",직무를 아직 결정하지 못한 사람에게 MR 직무 현직자는 어떤 조언을 하나요?,직무 아직 못 정했는데 MR 현직자는 뭐라고 조언해?,직무 못 정한 취준생한테 MR 현직자가 해주는 조언 머임?,직무 미정 MR 현직자 조언,저는 아직 직무를 못 정했는데 MR 직무 현직자라면 어떤 조언을 해줄지 궁금해요,직무를 못 정한 사람에게 MR 현직자가 주는 조언 좀 알려주세요,MR 현직자 조언,희망 직무를 정하지 못한 취준생에게 MR 직무 현직자가 주는 진로 조언은 무엇인가요?,아직 직무를 못 정했는데 MR 현직자 조언을 들어봐도 도움이 될까요?
185,216,S-C06-049,역량개발·준비계획,영업·마케팅,MR 직무에서 커리어 성장을 위해 어떤 준비를 하면 좋을까요?,"제약 영업은 단순히 제품을 판매하는 일이 아니라 의약품 정보를 정확히 전달하는 일에 가깝다고 볼 수 있습니다. 그래서 담당 의약품에 대한 정확한 이해와 전문 지식을 꾸준히 쌓는 것이 중요합니다. 약사나 의사 같은 의료 전문가는 필요한 정보를 적절한 시점에 전달해 주는 파트너를 원하기 때문에, 전문성이 부족하면 신뢰 관계를 쌓기 어렵습니다. 이를 위해 담당 의약품을 지속적으로 공부하고, 짧은 면담 시간 안에 핵심 메시지를 정확하고 빠르게 전달하는 커뮤니케이션 능력을 함께 연습하는 것이 성장의 핵심입니다.",사람인 현직자 인터뷰 크롤링,사람인 현직자 인터뷰 - 쥴릭파마코리아 (MR),https://www.saramin.co.kr/zf_user/career-information/senior-view?doc_idx=24615 (Q13),제약 영업(MR) 직무 현직자가 커리어 성장을 위한 준비를 설명한 답변 요약,2026-10-03,미검토,,상,"사람인 현직자 인터뷰 기반 수집, 원문 저작권 보호를 위해 요약만 저장 | 수집일: 2026-10-03",N,"MR 직무에서 커리어를 키우려면 무엇을 준비해야 하나요?,MR로 커리어 성장하려면 뭘 준비해야 해?,MR 현직자들은 커리어 성장 위해 머 준비함?,MR 직무 커리어 성장 준비,저는 MR 직무로 오래 일하고 싶은데 커리어 성장을 위해 어떤 준비가 필요할까요?,MR 직무 커리어 성장 준비 방법 좀 알려주세요,MR 커리어 준비,MR 직무에서 장기적인 커리어 준비는 어떻게 하면 좋을까요?,MR 직무에서 영업 실적만 챙겨도 커리어 성장에 충분할까요?",MR 직무에서 커리어를 키우려면 무엇을 준비해야 하나요?,MR로 커리어 성장하려면 뭘 준비해야 해?,MR 현직자들은 커리어 성장 위해 머 준비함?,MR 직무 커리어 성장 준비,저는 MR 직무로 오래 일하고 싶은데 커리어 성장을 위해 어떤 준비가 필요할까요?,MR 직무 커리어 성장 준비 방법 좀 알려주세요,MR 커리어 준비,MR 직무에서 장기적인 커리어 준비는 어떻게 하면 좋을까요?,MR 직무에서 영업 실적만 챙겨도 커리어 성장에 충분할까요?
186,217,S-C01-064,직무 탐색·전환,금융·회계,회계·세무·재무 직무는 구체적으로 어떤 일을 하나요?,"회계팀의 자금 업무는 회사의 현금 흐름을 관리하는 일을 중심으로 이루어집니다. 돈이 들어오고 나가는 흐름을 파악하면서, 자금이 정해진 절차를 거쳐 적절한 곳에 사용되고 있는지 점검하는 역할을 합니다. 단순히 입출금을 기록하는 것이 아니라, 자금 집행의 타당성을 확인하는 과정까지 포함됩니다. 이렇게 회사 전체의 자금 운용을 관리하고 검증하는 것이 이 업무의 핵심입니다.",사람인 현직자 인터뷰 크롤링,사람인 현직자 인터뷰 - 인바디 (회계팀),https://www.saramin.co.kr/zf_user/career-information/senior-view?doc_idx=21696 (Q1),회계팀(자금 업무) 직무 현직자가 담당 업무를 소개한 답변 요약,2026-10-03,미검토,,상,"사람인 현직자 인터뷰 기반 수집, 원문 저작권 보호를 위해 요약만 저장 | 수집일: 2026-10-03",N,"회계 세무 재무 직무는 실제로 어떤 업무를 담당하나요?,회계 세무 재무 직무는 무슨 일 하는 거야?,회계 세무 재무 현직자는 회사에서 머 함?,회계 세무 재무 직무 업무 내용,저는 회계 세무 재무 직무에 관심 있는 취준생인데 구체적으로 어떤 일을 하는지 궁금해요,회계 세무 재무 직무가 하는 일 좀 알려주세요,회계 세무 재무 하는 일,회계 세무 재무 직무로 입사하면 맡게 되는 실무는 무엇인가요?,회계 세무 재무 직무가 숫자 입력만 하는 일인지 궁금한데 실제로는 어떤가요?",회계 세무 재무 직무는 실제로 어떤 업무를 담당하나요?,회계 세무 재무 직무는 무슨 일 하는 거야?,회계 세무 재무 현직자는 회사에서 머 함?,회계 세무 재무 직무 업무 내용,저는 회계 세무 재무 직무에 관심 있는 취준생인데 구체적으로 어떤 일을 하는지 궁금해요,회계 세무 재무 직무가 하는 일 좀 알려주세요,회계 세무 재무 하는 일,회계 세무 재무 직무로 입사하면 맡게 되는 실무는 무엇인가요?,회계 세무 재무 직무가 숫자 입력만 하는 일인지 궁금한데 실제로는 어떤가요?
187,218,S-C01-065,직무 탐색·전환,금융·회계,회계·세무·재무 직무를 선택하게 되는 계기는 보통 무엇인가요?,"경영학을 전공하면 선택할 수 있는 직무의 폭은 넓지만, 오히려 전문성이 상대적으로 덜 드러나 보인다는 인상을 주기도 합니다. 처음에는 관심 있던 회사에 지원하면서도 회계팀이 아닌 다른 직무를 염두에 두는 경우가 많습니다. 하지만 원하던 직무에서 채용이 없는 상황이라면 회계팀으로 지원 방향을 바꾸는 경우도 생깁니다. 이렇게 상황에 맞춰 지원 분야를 조정하다가 운이 따라 합격으로 이어지는 사례도 있습니다.",사람인 현직자 인터뷰 크롤링,사람인 현직자 인터뷰 - 인바디 (회계팀),https://www.saramin.co.kr/zf_user/career-information/senior-view?doc_idx=21696 (Q2),회계팀 직무 현직자가 직무를 선택하게 된 계기를 밝힌 답변 요약,2026-10-03,미검토,,상,"사람인 현직자 인터뷰 기반 수집, 원문 저작권 보호를 위해 요약만 저장 | 수집일: 2026-10-03",N,"회계 세무 재무 직무를 택하게 되는 이유는 주로 무엇인가요?,회계 세무 재무 직무는 보통 어떤 계기로 하게 돼?,회계 세무 재무 현직자들은 어케 이 직무 고른 거임?,회계 세무 재무 직무 선택 계기,저는 회계 세무 재무 직무를 고민 중인데 다른 분들은 어떤 계기로 선택했는지 궁금해요,회계 세무 재무 직무를 선택한 계기 좀 알려주세요,회계 세무 재무 선택 계기,회계 세무 재무 직무로 진로를 정하게 되는 계기는 무엇인가요?,회계 세무 재무 직무를 선택하려면 특별한 계기가 있어야 할까요?",회계 세무 재무 직무를 택하게 되는 이유는 주로 무엇인가요?,회계 세무 재무 직무는 보통 어떤 계기로 하게 돼?,회계 세무 재무 현직자들은 어케 이 직무 고른 거임?,회계 세무 재무 직무 선택 계기,저는 회계 세무 재무 직무를 고민 중인데 다른 분들은 어떤 계기로 선택했는지 궁금해요,회계 세무 재무 직무를 선택한 계기 좀 알려주세요,회계 세무 재무 선택 계기,회계 세무 재무 직무로 진로를 정하게 되는 계기는 무엇인가요?,회계 세무 재무 직무를 선택하려면 특별한 계기가 있어야 할까요?
188,219,S-C01-066,직무 탐색·전환,금융·회계,회계·세무·재무 직무의 가장 큰 매력은 무엇인가요?,회계팀 자금 업무는 회사 전체의 돈의 흐름을 한눈에 들여다볼 수 있다는 점이 큰 매력입니다. 지출되는 비용뿐만 아니라 들어오는 수금 내역까지 꾸준히 살피면 회사에 대한 다양한 정보를 얻을 수 있습니다. 이를 통해 회사가 어떤 방향으로 나아가고 있는지를 숫자로 이해할 수 있다는 장점도 있습니다. 결국 회사의 전략과 상태를 데이터로 가장 먼저 접하는 자리라는 점이 매력으로 꼽힙니다.,사람인 현직자 인터뷰 크롤링,사람인 현직자 인터뷰 - 인바디 (회계팀),https://www.saramin.co.kr/zf_user/career-information/senior-view?doc_idx=21696 (Q3),회계팀 직무 현직자가 직무의 매력을 설명한 답변 요약,2026-10-03,미검토,,상,"사람인 현직자 인터뷰 기반 수집, 원문 저작권 보호를 위해 요약만 저장 | 수집일: 2026-10-03",N,"회계 세무 재무 직무의 가장 큰 장점은 무엇인가요?,회계 세무 재무 직무는 뭐가 제일 좋아?,회계 세무 재무 현직자가 꼽는 직무 매력 머임?,회계 세무 재무 직무 매력,저는 회계 세무 재무 직무를 고려 중인데 이 직무만의 매력이 무엇인지 궁금해요,회계 세무 재무 직무의 매력 좀 알려주세요,회계 세무 재무 매력,회계 세무 재무 직무로 일하면서 느끼는 직무 매력과 보람은 무엇인가요?,회계 세무 재무 직무가 지루하기만 한 일은 아닐까요?",회계 세무 재무 직무의 가장 큰 장점은 무엇인가요?,회계 세무 재무 직무는 뭐가 제일 좋아?,회계 세무 재무 현직자가 꼽는 직무 매력 머임?,회계 세무 재무 직무 매력,저는 회계 세무 재무 직무를 고려 중인데 이 직무만의 매력이 무엇인지 궁금해요,회계 세무 재무 직무의 매력 좀 알려주세요,회계 세무 재무 매력,회계 세무 재무 직무로 일하면서 느끼는 직무 매력과 보람은 무엇인가요?,회계 세무 재무 직무가 지루하기만 한 일은 아닐까요?
189,220,S-C06-050,역량개발·준비계획,금융·회계,회계·세무·재무 직무 전문성을 높이기 위해 어떤 노력을 하나요?,"회계팀에서는 업무 중 마주치는 어려움을 그때그때 기록해 두고, 관련 자료나 규정을 찾아보는 습관이 전문성을 키우는 데 도움이 됩니다. 처음 접하는 문제는 늘 어렵게 느껴지지만, 정리한 자료를 바탕으로 스스로 결론을 내린 뒤 팀 내에서 공유하고 더 나은 방법을 함께 고민하는 과정이 중요합니다. 더불어 체력 관리도 업무 역량에 큰 영향을 미치는 요소로 여겨집니다. 몸이 좋지 않을 때는 업무를 제대로 소화하지 못해 배우는 것도 줄어들기 때문에, 퇴근 후 짧게라도 운동하는 습관을 유지하는 것이 추천됩니다.",사람인 현직자 인터뷰 크롤링,사람인 현직자 인터뷰 - 인바디 (회계팀),https://www.saramin.co.kr/zf_user/career-information/senior-view?doc_idx=21696 (Q5),회계팀 직무 현직자가 전문성 향상을 위한 노력을 설명한 답변 요약,2026-10-03,미검토,,상,"사람인 현직자 인터뷰 기반 수집, 원문 저작권 보호를 위해 요약만 저장 | 수집일: 2026-10-03",N,"회계 세무 재무 직무의 전문성을 키우려면 어떤 노력을 하나요?,회계 세무 재무 직무는 전문성 높이려고 뭐 해?,회계 세무 재무 현직자들은 전문성 키우려고 머 함?,회계 세무 재무 전문성 향상 방법,저는 회계 세무 재무 직무를 목표로 하는데 현직자들은 전문성을 어떻게 높이는지 궁금해요,회계 세무 재무 직무 전문성 키우는 방법 좀 알려주세요,회계 세무 재무 전문성,회계 세무 재무 직무에서 업무 전문성을 높이기 위한 자기계발은 무엇인가요?,회계 세무 재무 직무에서 처음 보는 업무가 어려우면 전문성이 부족한 걸까요?",회계 세무 재무 직무의 전문성을 키우려면 어떤 노력을 하나요?,회계 세무 재무 직무는 전문성 높이려고 뭐 해?,회계 세무 재무 현직자들은 전문성 키우려고 머 함?,회계 세무 재무 전문성 향상 방법,저는 회계 세무 재무 직무를 목표로 하는데 현직자들은 전문성을 어떻게 높이는지 궁금해요,회계 세무 재무 직무 전문성 키우는 방법 좀 알려주세요,회계 세무 재무 전문성,회계 세무 재무 직무에서 업무 전문성을 높이기 위한 자기계발은 무엇인가요?,회계 세무 재무 직무에서 처음 보는 업무가 어려우면 전문성이 부족한 걸까요?
190,221,S-C04-004,경험·포트폴리오,금융·회계,회계·세무·재무 직무를 하면서 쌓이는 노하우에는 어떤 것이 있나요?,"회계 업무에서 엑셀이라고 하면 보통 자격증 수준의 활용을 떠올리지만, 실무에서는 그 이상의 역량이 더 큰 도움이 됩니다. 매크로나 비주얼 베이직(VBA) 수준으로 엑셀을 다룰 수 있으면 반복적인 업무를 자동화하거나 효율적으로 처리할 수 있습니다. 이런 능력은 단순 자격증 취득보다 실전에서 훨씬 유용하게 쓰입니다. 결국 자격증보다 실제 업무에 적용할 수 있는 엑셀 활용 능력을 기르는 것이 중요한 노하우입니다.",사람인 현직자 인터뷰 크롤링,사람인 현직자 인터뷰 - 인바디 (회계팀),https://www.saramin.co.kr/zf_user/career-information/senior-view?doc_idx=21696 (Q8),회계팀 직무 현직자가 업무 중 쌓은 엑셀 활용 노하우를 설명한 답변 요약,2026-10-03,미검토,,중,"사람인 현직자 인터뷰 기반 수집, 원문 저작권 보호를 위해 요약만 저장 | 수집일: 2026-10-03",N,"회계 세무 재무 직무를 수행하며 얻게 되는 실무 요령에는 무엇이 있나요?,회계 세무 재무 직무 하다 보면 생기는 노하우 있어?,회계 세무 재무 현직자가 알려주는 업무 꿀팁 머 있음?,회계 세무 재무 업무 노하우,저는 회계 세무 재무 직무를 준비 중인데 현업에서 쌓이는 노하우가 어떤 게 있는지 궁금해요,회계 세무 재무 직무에서 쌓이는 노하우 좀 알려주세요,회계 세무 재무 노하우,회계 세무 재무 직무 실무 경험에서 얻는 업무 노하우는 무엇인가요?,회계 세무 재무 직무에서 엑셀을 자격증 수준만 다뤄도 괜찮을까요?",회계 세무 재무 직무를 수행하며 얻게 되는 실무 요령에는 무엇이 있나요?,회계 세무 재무 직무 하다 보면 생기는 노하우 있어?,회계 세무 재무 현직자가 알려주는 업무 꿀팁 머 있음?,회계 세무 재무 업무 노하우,저는 회계 세무 재무 직무를 준비 중인데 현업에서 쌓이는 노하우가 어떤 게 있는지 궁금해요,회계 세무 재무 직무에서 쌓이는 노하우 좀 알려주세요,회계 세무 재무 노하우,회계 세무 재무 직무 실무 경험에서 얻는 업무 노하우는 무엇인가요?,회계 세무 재무 직무에서 엑셀을 자격증 수준만 다뤄도 괜찮을까요?
191,222,S-C06-051,역량개발·준비계획,금융·회계,회계·세무·재무 직무에 필요한 역량이나 지식은 무엇인가요?,"회계 직무는 회계에 대한 지식이 깊고 풍부할수록 유리합니다. 시스템을 다루는 처리 방법은 배우면 누구나 익힐 수 있지만, 본인이 처리하는 업무의 본질과 그렇게 처리하는 이유를 이해하는 것이 더 중요합니다. 처음부터 회계 전반을 다 알기는 어려우므로, 자신이 담당하는 업무와 관련된 분야부터 차근차근 지식을 넓혀가는 접근이 필요합니다. 이렇게 단계적으로 전문성을 쌓아가는 것이 이 직무에서 요구되는 핵심 역량입니다.",사람인 현직자 인터뷰 크롤링,사람인 현직자 인터뷰 - 인바디 (회계팀),https://www.saramin.co.kr/zf_user/career-information/senior-view?doc_idx=21696 (Q9),회계팀 직무 현직자가 직무 수행에 필요한 지식을 설명한 답변 요약,2026-10-03,미검토,,상,"사람인 현직자 인터뷰 기반 수집, 원문 저작권 보호를 위해 요약만 저장 | 수집일: 2026-10-03",N,"회계 세무 재무 직무에 요구되는 능력이나 지식은 무엇인가요?,회계 세무 재무 직무 하려면 어떤 역량이 필요해?,회계 세무 재무 직무 취준할 때 필요한 역량 머임?,회계 세무 재무 필요 역량 지식,저는 회계 세무 재무 직무에 지원하려는데 어떤 역량과 지식이 필요한지 궁금해요,회계 세무 재무 직무에 필요한 역량 정리해 주세요,회계 세무 재무 필요 역량,회계 세무 재무 직무 수행에 필요한 업무 역량과 전문 지식은 무엇인가요?,회계 세무 재무 직무에 필요한 회계 지식이 부족하면 불리할까요?",회계 세무 재무 직무에 요구되는 능력이나 지식은 무엇인가요?,회계 세무 재무 직무 하려면 어떤 역량이 필요해?,회계 세무 재무 직무 취준할 때 필요한 역량 머임?,회계 세무 재무 필요 역량 지식,저는 회계 세무 재무 직무에 지원하려는데 어떤 역량과 지식이 필요한지 궁금해요,회계 세무 재무 직무에 필요한 역량 정리해 주세요,회계 세무 재무 필요 역량,회계 세무 재무 직무 수행에 필요한 업무 역량과 전문 지식은 무엇인가요?,회계 세무 재무 직무에 필요한 회계 지식이 부족하면 불리할까요?
192,223,S-C06-052,역량개발·준비계획,금융·회계,회계·세무·재무 직무에 잘 맞는 성향은 어떤 것인가요?,"회계 직무에서는 흔히 꼼꼼함이 중요한 자질로 꼽히지만, 꼼꼼함보다 경각심이 더 중요하다는 의견도 있습니다. 항상 실수하지 않아야 한다는 긍장과 스트레스를 안고 일하는 것이 개인적으로는 힘들 수 있습니다. 하지만 이런 긴장감을 늘 유지하는 태도 자체가 실제로 사고를 예방하는 데 효과적입니다. 결국 스스로 경각심을 놓지 않으려는 자세가 이 직무를 잘 수행하는 성향으로 이어집니다.",사람인 현직자 인터뷰 크롤링,사람인 현직자 인터뷰 - 인바디 (회계팀),https://www.saramin.co.kr/zf_user/career-information/senior-view?doc_idx=21696 (Q10),회계팀 직무 현직자가 직무에 적합한 성향을 설명한 답변 요약,2026-10-03,미검토,,상,"사람인 현직자 인터뷰 기반 수집, 원문 저작권 보호를 위해 요약만 저장 | 수집일: 2026-10-03",N,"회계 세무 재무 직무에 어울리는 성격은 어떤 유형인가요?,회계 세무 재무 직무는 어떤 성격이 잘 맞아?,회계 세무 재무 직무 찰떡인 성향 머임?,회계 세무 재무 직무 적합 성향,저는 회계 세무 재무 직무를 고민 중인데 어떤 성향의 사람이 이 일에 잘 맞는지 궁금해요,회계 세무 재무 직무에 맞는 성향 좀 알려주세요,회계 세무 재무 성향,회계 세무 재무 직무 적성과 어울리는 업무 성향은 무엇인가요?,회계 세무 재무 직무는 꼼꼼하지 않으면 안 맞을까요?",회계 세무 재무 직무에 어울리는 성격은 어떤 유형인가요?,회계 세무 재무 직무는 어떤 성격이 잘 맞아?,회계 세무 재무 직무 찰떡인 성향 머임?,회계 세무 재무 직무 적합 성향,저는 회계 세무 재무 직무를 고민 중인데 어떤 성향의 사람이 이 일에 잘 맞는지 궁금해요,회계 세무 재무 직무에 맞는 성향 좀 알려주세요,회계 세무 재무 성향,회계 세무 재무 직무 적성과 어울리는 업무 성향은 무엇인가요?,회계 세무 재무 직무는 꼼꼼하지 않으면 안 맞을까요?
193,224,S-C06-053,역량개발·준비계획,금융·회계,회계·세무·재무 직무를 준비하려면 어떤 자질을 갖추면 좋을까요?,"회계 직무를 준비한다면 도덕성을 갖추는 것이 중요한 자질로 꼽힙니다. 회사의 돈을 직접 다루는 업무가 많기 때문에, 스스로에게 엄격한 기준을 적용할 수 있는 사람이 이 직무에 잘 맞습니다. 금전과 관련된 업무인 만큼 작은 유혹이나 느슨함도 문제로 이어질 수 있기 때문입니다. 따라서 성실함과 더불어 윤리적인 기준을 지키려는 태도가 반드시 필요한 자질로 강조됩니다.",사람인 현직자 인터뷰 크롤링,사람인 현직자 인터뷰 - 인바디 (회계팀),https://www.saramin.co.kr/zf_user/career-information/senior-view?doc_idx=21696 (Q16),회계팀 직무 현직자가 후배에게 필요한 자질을 설명한 답변 요약,2026-10-03,미검토,,상,"사람인 현직자 인터뷰 기반 수집, 원문 저작권 보호를 위해 요약만 저장 | 수집일: 2026-10-03",N,"회계 세무 재무 직무를 준비할 때 어떤 소양을 갖추면 좋을까요?,회계 세무 재무 직무 준비하려면 어떤 자질이 있어야 해?,회계 세무 재무 취준할 때 필요한 자질 머임?,회계 세무 재무 직무 준비 자질,저는 회계 세무 재무 직무를 목표로 하는 취준생인데 어떤 자질을 갖추면 좋을지 궁금해요,회계 세무 재무 직무 준비에 필요한 자질 좀 알려주세요,회계 세무 재무 자질,회계 세무 재무 직무 취업 준비에 필요한 인성과 자질은 무엇인가요?,회계 세무 재무 직무를 준비하는데 제 자질이 부족하면 어쩌죠?",회계 세무 재무 직무를 준비할 때 어떤 소양을 갖추면 좋을까요?,회계 세무 재무 직무 준비하려면 어떤 자질이 있어야 해?,회계 세무 재무 취준할 때 필요한 자질 머임?,회계 세무 재무 직무 준비 자질,저는 회계 세무 재무 직무를 목표로 하는 취준생인데 어떤 자질을 갖추면 좋을지 궁금해요,회계 세무 재무 직무 준비에 필요한 자질 좀 알려주세요,회계 세무 재무 자질,회계 세무 재무 직무 취업 준비에 필요한 인성과 자질은 무엇인가요?,회계 세무 재무 직무를 준비하는데 제 자질이 부족하면 어쩌죠?
194,225,S-C01-067,직무 탐색·전환,금융·회계,"아직 직무를 정하지 못했다면, 회계·세무·재무 직무 현직자는 어떤 조언을 해줄까요?","회계 직무를 지원하려 한다면 어느 정도 각오를 하고 지원하는 것이 좋다는 조언이 있습니다. 실제로 업무 강도가 가볍지 않은 경우가 많기 때문입니다. 배우고 얻을 수 있는 것이 많은 만큼, 그 과정에서 포기해야 하는 부분도 함께 따라올 수 있습니다. 머릿속으로만 고민하기보다 직접 경험해 보는 쪽이 원하는 목표에 더 빨리 가까워질 수 있다는 점도 강조됩니다.",사람인 현직자 인터뷰 크롤링,사람인 현직자 인터뷰 - 인바디 (회계팀),https://www.saramin.co.kr/zf_user/career-information/senior-view?doc_idx=21696 (Q17),회계팀 직무 현직자가 진로를 정하지 못한 취업준비생에게 건넨 조언 요약,2026-10-03,미검토,,상,"사람인 현직자 인터뷰 기반 수집, 원문 저작권 보호를 위해 요약만 저장 | 수집일: 2026-10-03",N,"직무를 아직 결정하지 못한 사람에게 회계 세무 재무 직무 현직자는 어떤 조언을 하나요?,직무 아직 못 정했는데 회계 세무 재무 현직자는 뭐라고 조언해?,직무 못 정한 취준생한테 회계 세무 재무 현직자가 해주는 조언 머임?,직무 미정 회계 세무 재무 현직자 조언,저는 아직 직무를 못 정했는데 회계 세무 재무 현직자라면 어떤 조언을 해줄지 궁금해요,직무를 못 정한 사람에게 회계 세무 재무 현직자가 주는 조언 좀 알려주세요,회계 세무 재무 현직자 조언,희망 직무를 정하지 못한 취준생에게 회계 세무 재무 현직자가 주는 진로 조언은 무엇인가요?,직무를 못 정한 상태로 회계 세무 재무 직무에 지원해도 괜찮을까요?",직무를 아직 결정하지 못한 사람에게 회계 세무 재무 직무 현직자는 어떤 조언을 하나요?,직무 아직 못 정했는데 회계 세무 재무 현직자는 뭐라고 조언해?,직무 못 정한 취준생한테 회계 세무 재무 현직자가 해주는 조언 머임?,직무 미정 회계 세무 재무 현직자 조언,저는 아직 직무를 못 정했는데 회계 세무 재무 현직자라면 어떤 조언을 해줄지 궁금해요,직무를 못 정한 사람에게 회계 세무 재무 현직자가 주는 조언 좀 알려주세요,회계 세무 재무 현직자 조언,희망 직무를 정하지 못한 취준생에게 회계 세무 재무 현직자가 주는 진로 조언은 무엇인가요?,직무를 못 정한 상태로 회계 세무 재무 직무에 지원해도 괜찮을까요?
195,226,S-C06-054,역량개발·준비계획,금융·회계,금융·보험 직무를 준비하려면 무엇을 하면 좋을까요?,"수익관리 직무를 준비할 때는 많은 사람과 소통하는 능력을 키울 수 있는 활동이 도움이 됩니다. 업무상 고객과 전화로 소통할 일이 많기 때문에, 고객의 입장을 이해하면서도 회사의 정책을 분명하게 전달하는 커뮤니케이션 역량이 필수적입니다. 이러한 소통 능력은 단기간에 만들어지기보다 다양한 사람을 상대하는 경험을 통해 자연스럽게 길러집니다. 이런 역량을 미리 쌓아두면 입사 후 업무에 적응하는 데도 큰 도움이 됩니다.",사람인 현직자 인터뷰 크롤링,사람인 현직자 인터뷰 - 그린카 (수익관리파트),https://www.saramin.co.kr/zf_user/career-information/senior-view?doc_idx=22274 (Q13),수익관리 직무 현직자가 후배에게 추천하는 준비 활동을 설명한 답변 요약,2026-10-03,미검토,,상,"사람인 현직자 인터뷰 기반 수집, 원문 저작권 보호를 위해 요약만 저장 | 수집일: 2026-10-03",N,"금융 보험 직무를 준비할 때 무엇부터 하면 좋을까요?,금융 보험 직무 하려면 뭐 준비해야 돼?,금융 보험 직무 취준 어케 해야 함?,금융 보험 직무 준비 방법,저는 금융 보험 직무를 목표로 하는 취준생인데 어떤 준비를 하면 좋을지 모르겠어요,금융 보험 직무 준비 방법 좀 알려주세요,금융 보험 준비,금융 보험 직무 취업 준비는 무엇을 하면 좋을까요?,금융 보험 직무를 준비하는데 관련 활동 경험이 없어도 괜찮을까요?",금융 보험 직무를 준비할 때 무엇부터 하면 좋을까요?,금융 보험 직무 하려면 뭐 준비해야 돼?,금융 보험 직무 취준 어케 해야 함?,금융 보험 직무 준비 방법,저는 금융 보험 직무를 목표로 하는 취준생인데 어떤 준비를 하면 좋을지 모르겠어요,금융 보험 직무 준비 방법 좀 알려주세요,금융 보험 준비,금융 보험 직무 취업 준비는 무엇을 하면 좋을까요?,금융 보험 직무를 준비하는데 관련 활동 경험이 없어도 괜찮을까요?
196,229,S-C06-055,역량개발·준비계획,금융·회계,회계·세무·재무 직무에서는 어떤 프로그램이나 도구를 주로 사용하나요?,재무회계 직무에서는 보편적으로 많이 쓰이는 더존 계열의 회계 프로그램을 주로 사용하는 경우가 많습니다. 회계 업무뿐 아니라 인사 관련 기능을 추가해 직원 급여 처리나 원천세 신고 같은 업무까지 같은 프로그램으로 처리하는 경우도 있습니다. 이렇게 하나의 프로그램으로 회계와 인사 업무를 함께 관리하면 업무 효율을 높일 수 있습니다. 따라서 해당 직무를 준비한다면 이런 통합 회계 프로그램에 대한 이해를 미리 쌓아두는 것이 유리합니다.,사람인 현직자 인터뷰 크롤링,사람인 현직자 인터뷰 - 팜스킨 (경영협력팀),https://www.saramin.co.kr/zf_user/career-information/senior-view?doc_idx=21412 (Q6),경영협력팀(재무회계) 직무 현직자가 실무에서 사용하는 프로그램을 설명한 답변 요약,2026-10-03,미검토,,상,"사람인 현직자 인터뷰 기반 수집, 원문 저작권 보호를 위해 요약만 저장 | 수집일: 2026-10-03",N,"회계 세무 재무 직무에서는 어떤 소프트웨어나 툴을 주로 쓰나요?,회계 세무 재무 직무는 무슨 프로그램 써?,회계 세무 재무 현직자들은 실무에서 머 프로그램 씀?,회계 세무 재무 사용 프로그램,저는 회계 세무 재무 직무를 준비 중인데 실무에서 어떤 프로그램을 쓰는지 미리 알고 싶어요,회계 세무 재무 직무에서 쓰는 프로그램 좀 알려주세요,회계 세무 재무 프로그램,회계 세무 재무 직무 실무에서 쓰는 회계 프로그램과 업무 도구는 무엇인가요?,회계 세무 재무 직무에서 쓰는 프로그램을 미리 못 다뤄도 괜찮을까요?",회계 세무 재무 직무에서는 어떤 소프트웨어나 툴을 주로 쓰나요?,회계 세무 재무 직무는 무슨 프로그램 써?,회계 세무 재무 현직자들은 실무에서 머 프로그램 씀?,회계 세무 재무 사용 프로그램,저는 회계 세무 재무 직무를 준비 중인데 실무에서 어떤 프로그램을 쓰는지 미리 알고 싶어요,회계 세무 재무 직무에서 쓰는 프로그램 좀 알려주세요,회계 세무 재무 프로그램,회계 세무 재무 직무 실무에서 쓰는 회계 프로그램과 업무 도구는 무엇인가요?,회계 세무 재무 직무에서 쓰는 프로그램을 미리 못 다뤄도 괜찮을까요?
197,231,S-C02-002,채용공고·지원전략,금융·회계,회계·세무·재무 직무 채용에서는 어떤 강점이 어필되나요?,"재무회계 직무 채용에서는 같은 분야에서의 경력과 차분하고 긍정적인 성격이 강점으로 어필되는 경우가 많습니다. 숫자를 다루는 업무인 만큼 업무 중에는 차분하고 정확하게 처리하는 태도가 중요하게 평가됩니다. 또한 여러 부서와 소통할 일이 많은 직무 특성상, 긍정적인 태도로 관계를 이어가는 모습도 긍정적으로 평가받습니다. 이처럼 직무 경험과 성향적인 강점이 함께 어필될 때 채용에서 좋은 평가를 받을 수 있습니다.",사람인 현직자 인터뷰 크롤링,사람인 현직자 인터뷰 - 팜스킨 (경영협력팀),https://www.saramin.co.kr/zf_user/career-information/senior-view?doc_idx=21412 (Q11),경영협력팀(재무회계) 직무 현직자가 입사 시 어필한 강점을 설명한 답변 요약,2026-10-03,미검토,,중,"사람인 현직자 인터뷰 기반 수집, 원문 저작권 보호를 위해 요약만 저장 | 수집일: 2026-10-03",N,"회계 세무 재무 직무 채용에서는 어떤 장점이 좋게 평가되나요?,회계 세무 재무 직무 뽑을 때 어떤 강점이 먹혀?,회계 세무 재무 직무 서합하려면 어떤 강점 어필해야 함?,회계 세무 재무 채용 강점,저는 회계 세무 재무 직무에 지원하려는데 채용에서 어떤 강점을 어필하면 좋을지 궁금해요,회계 세무 재무 직무 채용에서 어필되는 강점 좀 알려주세요,회계 세무 재무 강점 어필,회계 세무 재무 직무 신입 채용 면접에서 어필되는 강점은 무엇인가요?,회계 세무 재무 직무 채용에서 내세울 강점이 없으면 불리할까요?",회계 세무 재무 직무 채용에서는 어떤 장점이 좋게 평가되나요?,회계 세무 재무 직무 뽑을 때 어떤 강점이 먹혀?,회계 세무 재무 직무 서합하려면 어떤 강점 어필해야 함?,회계 세무 재무 채용 강점,저는 회계 세무 재무 직무에 지원하려는데 채용에서 어떤 강점을 어필하면 좋을지 궁금해요,회계 세무 재무 직무 채용에서 어필되는 강점 좀 알려주세요,회계 세무 재무 강점 어필,회계 세무 재무 직무 신입 채용 면접에서 어필되는 강점은 무엇인가요?,회계 세무 재무 직무 채용에서 내세울 강점이 없으면 불리할까요?
198,232,S-C01-069,직무 탐색·전환,금융·회계,금융·보험 직무는 구체적으로 어떤 일을 하나요?,"투자 관련 직무는 투자 정보를 제공하고, 현재 자본시장 상황에 맞는 포트폴리오를 구성해 제안하는 일을 중심으로 이루어집니다. 시장 상황을 분석해 적절한 투자 전략을 세우는 것이 핵심 업무입니다. 고객이나 투자자의 상황에 맞춰 자산을 배분하는 방안을 제시하는 역할도 포함됩니다. 결국 시장 분석과 자산 배분 전략을 함께 다루는 직무라고 할 수 있습니다.",사람인 현직자 인터뷰 크롤링,사람인 현직자 인터뷰 - 포텐즈 (),https://www.saramin.co.kr/zf_user/career-information/senior-view?doc_idx=22060 (Q1),투자·자산관리 직무 현직자가 담당 업무를 소개한 답변 요약,2026-10-03,미검토,,상,"사람인 현직자 인터뷰 기반 수집, 원문 저작권 보호를 위해 요약만 저장 | 수집일: 2026-10-03",N,"금융 보험 직무는 실제로 어떤 업무를 담당하나요?,금융 보험 직무는 무슨 일 하는 거야?,금융 보험 직무 현직자는 회사에서 머 함?,금융 보험 직무 업무 내용,저는 금융 보험 직무에 관심 있는 취준생인데 구체적으로 어떤 일을 하는지 궁금해요,금융 보험 직무가 하는 일 좀 알려주세요,금융 보험 하는 일,금융 보험 직무로 입사하면 맡게 되는 실무는 무엇인가요?,금융 보험 직무가 제가 생각하는 일과 다를까 봐 걱정인데 실제 업무는 어떤가요?",금융 보험 직무는 실제로 어떤 업무를 담당하나요?,금융 보험 직무는 무슨 일 하는 거야?,금융 보험 직무 현직자는 회사에서 머 함?,금융 보험 직무 업무 내용,저는 금융 보험 직무에 관심 있는 취준생인데 구체적으로 어떤 일을 하는지 궁금해요,금융 보험 직무가 하는 일 좀 알려주세요,금융 보험 하는 일,금융 보험 직무로 입사하면 맡게 되는 실무는 무엇인가요?,금융 보험 직무가 제가 생각하는 일과 다를까 봐 걱정인데 실제 업무는 어떤가요?
199,233,S-C01-070,직무 탐색·전환,금융·회계,금융·보험 직무를 선택하게 되는 계기는 보통 무엇인가요?,"투자 관련 직무를 선택하는 계기로는 자본시장이 삶의 목표를 이룰 수 있는 가장 역동적인 무대라는 인식이 꼽힙니다. 시장의 숫자가 움직이는 과정 자체에서 강한 몰입과 재미를 느껴 이 분야를 선택하는 경우가 있습니다. 단순히 안정적인 수입을 넘어, 시장을 분석하고 예측하는 과정 자체에 대한 흥미가 진로 선택에 큰 영향을 미칩니다. 이런 몰입감을 평생 느끼고 싶다는 동기가 이 직무를 선택하게 하는 원동력이 됩니다.",사람인 현직자 인터뷰 크롤링,사람인 현직자 인터뷰 - 포텐즈 (),https://www.saramin.co.kr/zf_user/career-information/senior-view?doc_idx=22060 (Q2),투자·자산관리 직무 현직자가 직무를 선택하게 된 계기를 밝힌 답변 요약,2026-10-03,미검토,,상,"사람인 현직자 인터뷰 기반 수집, 원문 저작권 보호를 위해 요약만 저장 | 수집일: 2026-10-03",N,"금융 보험 직무를 택하게 되는 이유는 주로 무엇인가요?,금융 보험 직무는 보통 어떤 계기로 하게 돼?,금융 보험 현직자들은 어케 이 직무 고른 거임?,금융 보험 직무 선택 계기,저는 금융 보험 직무를 고민 중인데 다른 분들은 어떤 계기로 선택했는지 궁금해요,금융 보험 직무를 선택한 계기 좀 알려주세요,금융 보험 선택 계기,금융 보험 직무로 진로를 정하게 되는 계기는 무엇인가요?,금융 보험 직무를 선택하려면 특별한 계기가 있어야 할까요?",금융 보험 직무를 택하게 되는 이유는 주로 무엇인가요?,금융 보험 직무는 보통 어떤 계기로 하게 돼?,금융 보험 현직자들은 어케 이 직무 고른 거임?,금융 보험 직무 선택 계기,저는 금융 보험 직무를 고민 중인데 다른 분들은 어떤 계기로 선택했는지 궁금해요,금융 보험 직무를 선택한 계기 좀 알려주세요,금융 보험 선택 계기,금융 보험 직무로 진로를 정하게 되는 계기는 무엇인가요?,금융 보험 직무를 선택하려면 특별한 계기가 있어야 할까요?
200,234,S-C01-071,직무 탐색·전환,금융·회계,금융·보험 직무에서 경력을 쌓으면 어떻게 성장하나요?,"투자 관련 직무에서 경력을 쌓으면 투자 자문, 일임, 펀드 구성 등으로 업무 영역을 넓힐 수 있습니다. 실력이 쌓이면 스스로 투자처를 찾아다니지 않아도 좋은 기회들이 먼저 제안으로 들어오는 경우가 많아집니다. 이는 쌓인 정보와 신뢰가 다시 새로운 정보와 기회를 불러오는 선순환으로 이어지는 구조입니다. 결국 경력과 신뢰가 쌓일수록 더 다양한 투자 기회에 접근할 수 있게 됩니다.",사람인 현직자 인터뷰 크롤링,사람인 현직자 인터뷰 - 포텐즈 (),https://www.saramin.co.kr/zf_user/career-information/senior-view?doc_idx=22060 (Q3),투자·자산관리 직무 현직자가 경력 성장 경로를 설명한 답변 요약,2026-10-03,미검토,,상,"사람인 현직자 인터뷰 기반 수집, 원문 저작권 보호를 위해 요약만 저장 | 수집일: 2026-10-03",N,"금융 보험 직무에서 연차가 쌓이면 커리어가 어떻게 발전하나요?,금융 보험 직무 경력 쌓으면 어떻게 성장해?,금융 보험 현직자들은 경력 쌓이면 커리어 어케 됨?,금융 보험 직무 경력 성장 경로,저는 금융 보험 직무로 커리어를 시작하려는데 경력이 쌓이면 어떻게 성장하는지 궁금해요,금융 보험 직무의 경력 성장 방향 좀 알려주세요,금융 보험 경력 성장,금융 보험 직무에서 실무 경력을 쌓은 뒤 업무 영역은 어떻게 넓어지나요?,금융 보험 직무로 경력을 쌓아도 성장에 한계가 있지 않을까요?",금융 보험 직무에서 연차가 쌓이면 커리어가 어떻게 발전하나요?,금융 보험 직무 경력 쌓으면 어떻게 성장해?,금융 보험 현직자들은 경력 쌓이면 커리어 어케 됨?,금융 보험 직무 경력 성장 경로,저는 금융 보험 직무로 커리어를 시작하려는데 경력이 쌓이면 어떻게 성장하는지 궁금해요,금융 보험 직무의 경력 성장 방향 좀 알려주세요,금융 보험 경력 성장,금융 보험 직무에서 실무 경력을 쌓은 뒤 업무 영역은 어떻게 넓어지나요?,금융 보험 직무로 경력을 쌓아도 성장에 한계가 있지 않을까요?
201,235,S-C06-057,역량개발·준비계획,금융·회계,금융·보험 직무 전문성을 높이기 위해 어떤 노력을 하나요?,투자 관련 직무에서는 평소 틈틈이 새로운 뉴스나 커뮤니티의 일상적인 정보들을 꾸준히 읽는 습관이 전문성을 키우는 데 도움이 됩니다. 처음에는 낯설고 어렵게 느껴지는 정보들도 매일 접하다 보면 서로 연결된 흐름으로 이해되는 순간이 찾아옵니다. 이렇게 꾸준한 정보 습득을 통해 시장을 보는 흔들리지 않는 자신만의 관점을 갖출 수 있습니다. 또한 효율적인 수익 모델을 사고하는 능력과 기회를 놓치지 않는 감각도 함께 길러질 수 있습니다.,사람인 현직자 인터뷰 크롤링,사람인 현직자 인터뷰 - 포텐즈 (),https://www.saramin.co.kr/zf_user/career-information/senior-view?doc_idx=22060 (Q4),투자·자산관리 직무 현직자가 전문성 향상을 위한 노력을 설명한 답변 요약,2026-10-03,미검토,,상,"사람인 현직자 인터뷰 기반 수집, 원문 저작권 보호를 위해 요약만 저장 | 수집일: 2026-10-03",N,"금융 보험 직무의 전문성을 키우려면 어떤 노력을 하나요?,금융 보험 직무는 전문성 높이려고 평소에 뭐 해?,금융 보험 현직자들은 전문성 키우려고 머 함?,금융 보험 직무 전문성 향상 노력,저는 금융 보험 직무를 목표로 하는데 현직자들은 전문성을 높이려고 어떤 노력을 하는지 궁금해요,금융 보험 직무 전문성 높이는 방법 좀 알려주세요,금융 보험 전문성 노력,금융 보험 직무에서 업무 전문성을 높이기 위한 자기계발은 무엇인가요?,금융 보험 직무에서 따로 공부하지 않으면 전문성이 뒤처질까요?",금융 보험 직무의 전문성을 키우려면 어떤 노력을 하나요?,금융 보험 직무는 전문성 높이려고 평소에 뭐 해?,금융 보험 현직자들은 전문성 키우려고 머 함?,금융 보험 직무 전문성 향상 노력,저는 금융 보험 직무를 목표로 하는데 현직자들은 전문성을 높이려고 어떤 노력을 하는지 궁금해요,금융 보험 직무 전문성 높이는 방법 좀 알려주세요,금융 보험 전문성 노력,금융 보험 직무에서 업무 전문성을 높이기 위한 자기계발은 무엇인가요?,금융 보험 직무에서 따로 공부하지 않으면 전문성이 뒤처질까요?
202,236,S-C06-058,역량개발·준비계획,금융·회계,금융·보험 직무를 잘 수행하려면 어떤 성향이 필요한가요?,"금융·자본시장 관련 직무는 시장 상황이 빠르게 바뀌기 때문에 본인의 판단이나 전망이 어긋나는 일이 자주 생깁니다. 그때마다 크게 좌절하면 업무를 지속하기 어렵습니다. 따라서 스스로 내린 결정에 소신을 갖고, 예측이 빗나가더라도 빠르게 마음을 추스르고 다시 일어설 수 있는 회복력 있는 성향이 이 직무에 적합합니다. 감정적인 타격을 오래 끌지 않고 전환할 수 있는 태도가 중요합니다.",사람인 현직자 인터뷰 크롤링,사람인 현직자 인터뷰 - 포텐즈 (),https://www.saramin.co.kr/zf_user/career-information/senior-view?doc_idx=22060 (Q5),금융·회계 직무 현직자가 밝힌 적합 성향에 대한 답변 요약,2026-10-03,미검토,,상,"사람인 현직자 인터뷰 기반 수집, 원문 저작권 보호를 위해 요약만 저장 | 수집일: 2026-10-03",N,"금융 보험 직무를 잘 해내려면 어떤 기질이 필요한가요?,금융 보험 직무 잘하려면 어떤 성격이어야 해?,금융 보험 직무 찰떡인 성향 머임?,금융 보험 직무 수행 필요 성향,저는 금융 보험 직무에 관심이 있는데 이 일을 잘하려면 어떤 성향이 필요한지 궁금해요,금융 보험 직무를 잘 수행하는 데 필요한 성향 좀 알려주세요,금융 보험 필요 성향,금융 보험 직무 업무를 잘 수행하기 위한 직무 적성과 성향은 무엇인가요?,금융 보험 직무는 판단이 자주 틀리면 버티기 힘들까요?",금융 보험 직무를 잘 해내려면 어떤 기질이 필요한가요?,금융 보험 직무 잘하려면 어떤 성격이어야 해?,금융 보험 직무 찰떡인 성향 머임?,금융 보험 직무 수행 필요 성향,저는 금융 보험 직무에 관심이 있는데 이 일을 잘하려면 어떤 성향이 필요한지 궁금해요,금융 보험 직무를 잘 수행하는 데 필요한 성향 좀 알려주세요,금융 보험 필요 성향,금융 보험 직무 업무를 잘 수행하기 위한 직무 적성과 성향은 무엇인가요?,금융 보험 직무는 판단이 자주 틀리면 버티기 힘들까요?
203,237,S-C06-059,역량개발·준비계획,금융·회계,금융·보험 직무를 준비할 때 어떤 자질이나 활동을 갖추면 좋을까요?,"이 직무는 고학력이나 해외연수, 높은 어학 점수 같은 스펙보다 평소 시사·경제 뉴스에 꾸준히 관심을 갖는 습관이 더 중요하게 평가됩니다. 출퇴근길이나 주말처럼 일상적인 시간에도 자연스럽게 뉴스를 챙겨보고, 그 내용으로 대화를 나누고 싶어 하는 호기심이 있는 사람이 선호됩니다. 즉 형식적인 스펙보다 경제·시장에 대한 지속적인 관심과 체화된 습관이 더 큰 강점이 됩니다.",사람인 현직자 인터뷰 크롤링,사람인 현직자 인터뷰 - 포텐즈 (),https://www.saramin.co.kr/zf_user/career-information/senior-view?doc_idx=22060 (Q9),금융·회계 직무 현직자가 후배에게 권한 준비 자질에 대한 답변 요약,2026-10-03,미검토,,상,"사람인 현직자 인터뷰 기반 수집, 원문 저작권 보호를 위해 요약만 저장 | 수집일: 2026-10-03",N,"금융 보험 직무를 준비할 때 어떤 소양이나 경험을 쌓으면 좋을까요?,금융 보험 직무 준비하려면 어떤 자질이나 활동이 필요해?,금융 보험 취준할 때 스펙 말고 머 챙겨야 함?,금융 보험 직무 준비 자질 활동,저는 금융 보험 직무를 준비하는 취준생인데 어떤 자질이나 활동을 갖추면 좋을지 궁금해요,금융 보험 직무 준비에 필요한 자질과 활동 좀 알려주세요,금융 보험 자질 활동,금융 보험 직무 취업 준비에 도움이 되는 자질과 준비 활동은 무엇인가요?,금융 보험 직무를 준비하는데 스펙이 높지 않아도 괜찮을까요?",금융 보험 직무를 준비할 때 어떤 소양이나 경험을 쌓으면 좋을까요?,금융 보험 직무 준비하려면 어떤 자질이나 활동이 필요해?,금융 보험 취준할 때 스펙 말고 머 챙겨야 함?,금융 보험 직무 준비 자질 활동,저는 금융 보험 직무를 준비하는 취준생인데 어떤 자질이나 활동을 갖추면 좋을지 궁금해요,금융 보험 직무 준비에 필요한 자질과 활동 좀 알려주세요,금융 보험 자질 활동,금융 보험 직무 취업 준비에 도움이 되는 자질과 준비 활동은 무엇인가요?,금융 보험 직무를 준비하는데 스펙이 높지 않아도 괜찮을까요?
204,239,S-C01-073,직무 탐색·전환,금융·회계,금융·보험 직무의 가장 큰 매력은 무엇인가요?,이 직무는 다양한 방식으로 주식투자를 연구하며 꾸준히 배울 수 있다는 점이 매력으로 꼽힙니다. 최근에는 투자에 대한 인식이 피해야 할 일에서 적극적으로 해야 할 일로 바뀌는 흐름도 있다고 합니다. 이런 환경에서 업무에 몰입할수록 업무 역량뿐 아니라 개인의 투자 안목까지 함께 성장한다는 점이 이 일의 큰 장점입니다.,사람인 현직자 인터뷰 크롤링,사람인 현직자 인터뷰 - 포텐즈 (),https://www.saramin.co.kr/zf_user/career-information/senior-view?doc_idx=22038 (Q2),금융·회계 직무 현직자가 밝힌 직무 매력에 대한 답변 요약,2026-10-03,미검토,,상,"사람인 현직자 인터뷰 기반 수집, 원문 저작권 보호를 위해 요약만 저장 | 수집일: 2026-10-03",N,"금융 보험 직무의 가장 큰 장점은 무엇인가요?,금융 보험 직무는 뭐가 제일 좋아?,금융 보험 현직자가 꼽는 직무 매력 머임?,금융 보험 직무 매력,저는 금융 보험 직무를 고려 중인데 이 직무만의 매력이 무엇인지 궁금해요,금융 보험 직무의 매력 좀 알려주세요,금융 보험 매력,금융 보험 직무로 일하면서 느끼는 직무 매력과 보람은 무엇인가요?,금융 보험 직무가 스트레스만 많고 매력은 없지 않을까요?",금융 보험 직무의 가장 큰 장점은 무엇인가요?,금융 보험 직무는 뭐가 제일 좋아?,금융 보험 현직자가 꼽는 직무 매력 머임?,금융 보험 직무 매력,저는 금융 보험 직무를 고려 중인데 이 직무만의 매력이 무엇인지 궁금해요,금융 보험 직무의 매력 좀 알려주세요,금융 보험 매력,금융 보험 직무로 일하면서 느끼는 직무 매력과 보람은 무엇인가요?,금융 보험 직무가 스트레스만 많고 매력은 없지 않을까요?
205,240,S-C06-060,역량개발·준비계획,금융·회계,금융·보험 직무에서 전문성을 키우기 위해 어떤 노력이 필요한가요?,"이 직무는 시장 트렌드에 민감해야 하기 때문에 자는 시간을 제외한 대부분의 시간에 최신 기사를 확인하는 습관이 필요합니다. 경제 분야뿐 아니라 정치, 사회, 연예, 게임, 스포츠 등 주식시장에 영향을 줄 수 있는 다양한 분야의 정보를 폭넓게 챙겨야 합니다. 국내외를 가리지 않고 크고 작은 사건에 관심을 갖는 자세가 전문성을 쌓는 데 도움이 됩니다.",사람인 현직자 인터뷰 크롤링,사람인 현직자 인터뷰 - 포텐즈 (),https://www.saramin.co.kr/zf_user/career-information/senior-view?doc_idx=22038 (Q4),금융·회계 직무 현직자가 밝힌 전문성 유지 노력에 대한 답변 요약,2026-10-03,미검토,,상,"사람인 현직자 인터뷰 기반 수집, 원문 저작권 보호를 위해 요약만 저장 | 수집일: 2026-10-03",N,"금융 보험 직무에서 전문성을 쌓으려면 어떤 노력을 해야 하나요?,금융 보험 직무에서 전문성 키우려면 뭘 해야 돼?,금융 보험 현직자처럼 전문성 키우려면 머 해야 함?,금융 보험 전문성 키우기 노력,저는 금융 보험 직무로 일하고 싶은데 전문성을 키우려면 어떤 노력이 필요한지 궁금해요,금융 보험 직무 전문성 쌓는 방법 좀 알려주세요,금융 보험 전문성 키우기,금융 보험 직무에서 업무 전문성을 키우기 위해 필요한 습관은 무엇인가요?,금융 보험 직무는 전문성을 키우려면 매일 많은 시간을 써야 하나요?",금융 보험 직무에서 전문성을 쌓으려면 어떤 노력을 해야 하나요?,금융 보험 직무에서 전문성 키우려면 뭘 해야 돼?,금융 보험 현직자처럼 전문성 키우려면 머 해야 함?,금융 보험 전문성 키우기 노력,저는 금융 보험 직무로 일하고 싶은데 전문성을 키우려면 어떤 노력이 필요한지 궁금해요,금융 보험 직무 전문성 쌓는 방법 좀 알려주세요,금융 보험 전문성 키우기,금융 보험 직무에서 업무 전문성을 키우기 위해 필요한 습관은 무엇인가요?,금융 보험 직무는 전문성을 키우려면 매일 많은 시간을 써야 하나요?
206,241,S-C06-061,역량개발·준비계획,금융·회계,금융·보험 직무에 잘 맞는 성향은 어떤 것인가요?,"평소 사람 만나는 것을 좋아하고 대화를 재치 있게 풀어갈 수 있는 성향이면 이 업무를 즐겁게 해낼 수 있습니다. 경제 용어처럼 다소 딱딱하고 어려운 내용을 센스 있게 쉽게 풀어서 설명하는 능력이 중요합니다. 그렇게 설명할 수 있으면 고객이 내용을 이해하기 쉬워지고, 결과적으로 업무 성과에도 긍정적인 영향을 줍니다.",사람인 현직자 인터뷰 크롤링,사람인 현직자 인터뷰 - 포텐즈 (),https://www.saramin.co.kr/zf_user/career-information/senior-view?doc_idx=22038 (Q5),금융·회계 직무 다른 현직자가 밝힌 적합 성향에 대한 답변 요약,2026-10-03,미검토,,상,"사람인 현직자 인터뷰 기반 수집, 원문 저작권 보호를 위해 요약만 저장 | 수집일: 2026-10-03",N,"금융 보험 직무에 어울리는 성격은 어떤 유형인가요?,금융 보험 직무는 어떤 성격이 잘 맞아?,금융 보험 직무 잘 맞는 성향 머임?,금융 보험 직무 적합 성향,저는 금융 보험 직무를 고민 중인데 어떤 성향의 사람이 이 일에 잘 맞는지 궁금해요,금융 보험 직무에 맞는 성향 좀 알려주세요,금융 보험 맞는 성향,금융 보험 직무 적성과 어울리는 업무 성향은 무엇인가요?,금융 보험 직무는 내성적인 성격이면 안 맞을까요?",금융 보험 직무에 어울리는 성격은 어떤 유형인가요?,금융 보험 직무는 어떤 성격이 잘 맞아?,금융 보험 직무 잘 맞는 성향 머임?,금융 보험 직무 적합 성향,저는 금융 보험 직무를 고민 중인데 어떤 성향의 사람이 이 일에 잘 맞는지 궁금해요,금융 보험 직무에 맞는 성향 좀 알려주세요,금융 보험 맞는 성향,금융 보험 직무 적성과 어울리는 업무 성향은 무엇인가요?,금융 보험 직무는 내성적인 성격이면 안 맞을까요?
207,242,S-C06-062,역량개발·준비계획,금융·회계,금융·보험 직무를 준비하는 후배에게 필요한 자질은 무엇인가요?,"주식시장은 변동성이 크기 때문에 예상과 다르게 상황이 전개되는 경우가 많습니다. 이럴 때 부정적으로 받아들이기보다는 현재 상황을 해결할 대안, 즉 플랜 B를 세우는 문제해결 능력이 중요합니다. 이런 유연한 대응력을 갖춘 사람이라면 업무에 잘 적응하고 좋은 성과도 낼 수 있습니다.",사람인 현직자 인터뷰 크롤링,사람인 현직자 인터뷰 - 포텐즈 (),https://www.saramin.co.kr/zf_user/career-information/senior-view?doc_idx=22038 (Q9),금융·회계 직무 현직자가 후배에게 권한 자질에 대한 답변 요약,2026-10-03,미검토,,상,"사람인 현직자 인터뷰 기반 수집, 원문 저작권 보호를 위해 요약만 저장 | 수집일: 2026-10-03",N,"금융 보험 직무를 준비하는 후배에게 요구되는 소양은 무엇인가요?,금융 보험 직무 준비하는 후배라면 어떤 자질이 필요해?,금융 보험 취준하는 후배한테 필요한 자질 머임?,금융 보험 직무 후배 필요 자질,저는 금융 보험 직무를 준비하는 취준생인데 선배들이 보기에 어떤 자질이 필요한지 궁금해요,금융 보험 직무 준비하는 후배에게 필요한 자질 좀 알려주세요,금융 보험 후배 자질,금융 보험 직무 취업을 준비하는 후배에게 필요한 직무 자질은 무엇인가요?,금융 보험 직무를 준비하는데 제 자질이 부족하면 어쩌죠?",금융 보험 직무를 준비하는 후배에게 요구되는 소양은 무엇인가요?,금융 보험 직무 준비하는 후배라면 어떤 자질이 필요해?,금융 보험 취준하는 후배한테 필요한 자질 머임?,금융 보험 직무 후배 필요 자질,저는 금융 보험 직무를 준비하는 취준생인데 선배들이 보기에 어떤 자질이 필요한지 궁금해요,금융 보험 직무 준비하는 후배에게 필요한 자질 좀 알려주세요,금융 보험 후배 자질,금융 보험 직무 취업을 준비하는 후배에게 필요한 직무 자질은 무엇인가요?,금융 보험 직무를 준비하는데 제 자질이 부족하면 어쩌죠?
208,243,S-C02-003,채용공고·지원전략,금융·회계,금융·보험 직무 채용에서 어떤 강점이 어필되나요?,해당 회사가 아니면 안 된다는 간절한 의지와 열정을 적극적으로 드러낸 것이 강점으로 작용했다고 합니다. 실제로 약 1년 가까이 지속적으로 지원서를 제출한 끝에 합격했다고 밝혔습니다. 특정 회사에 대한 분명한 입사 의지를 꾸준히 보여주면 언젠가 결실을 맺을 수 있다는 조언입니다.,사람인 현직자 인터뷰 크롤링,사람인 현직자 인터뷰 - 포텐즈 (),https://www.saramin.co.kr/zf_user/career-information/senior-view?doc_idx=22038 (Q10),금융·회계 직무 현직자가 밝힌 입사 당시 강점에 대한 답변 요약,2026-10-03,미검토,,중,"사람인 현직자 인터뷰 기반 수집, 원문 저작권 보호를 위해 요약만 저장 | 수집일: 2026-10-03",N,"금융 보험 직무 채용에서는 어떤 장점이 좋게 평가되나요?,금융 보험 직무 뽑을 때 어떤 강점이 먹혀?,금융 보험 직무 합격하려면 어떤 강점 어필해야 함?,금융 보험 채용 강점,저는 금융 보험 직무에 지원하려는데 채용에서 어떤 강점을 어필하면 좋을지 궁금해요,금융 보험 직무 채용에서 어필되는 강점 좀 알려주세요,금융 보험 강점 어필,금융 보험 직무 신입 채용 면접에서 어필되는 강점은 무엇인가요?,금융 보험 직무 채용에서 내세울 강점이 없으면 불리할까요?",금융 보험 직무 채용에서는 어떤 장점이 좋게 평가되나요?,금융 보험 직무 뽑을 때 어떤 강점이 먹혀?,금융 보험 직무 합격하려면 어떤 강점 어필해야 함?,금융 보험 채용 강점,저는 금융 보험 직무에 지원하려는데 채용에서 어떤 강점을 어필하면 좋을지 궁금해요,금융 보험 직무 채용에서 어필되는 강점 좀 알려주세요,금융 보험 강점 어필,금융 보험 직무 신입 채용 면접에서 어필되는 강점은 무엇인가요?,금융 보험 직무 채용에서 내세울 강점이 없으면 불리할까요?
209,244,S-C01-074,직무 탐색·전환,생산·물류·서비스,엔지니어 직무는 구체적으로 어떤 일을 하나요?,"이 직무는 승강기의 안전한 운행을 위해 정기점검과 유지보수를 담당합니다. 매달 점검을 실시해 노후 부품을 미리 찾아내고 고장을 예방하며, 고장이 발생했을 때는 신속하게 대응해 고객 불편을 최소화하는 역할을 합니다. 즉 사전 예방과 사후 대응을 함께 수행하는 현장 중심의 직무입니다.",사람인 현직자 인터뷰 크롤링,사람인 현직자 인터뷰 - 오티스서비스엑스퍼트 (엔지니어),https://www.saramin.co.kr/zf_user/career-information/senior-view?doc_idx=24548 (Q2),생산·물류·서비스 직무 현직자가 밝힌 담당 업무 소개 요약,2026-10-03,미검토,,상,"사람인 현직자 인터뷰 기반 수집, 원문 저작권 보호를 위해 요약만 저장 | 수집일: 2026-10-03",N,"엔지니어 직무는 실제로 어떤 업무를 담당하나요?,엔지니어 직무는 무슨 일 하는 거야?,엔지니어 직무 현직자는 현장에서 머 함?,엔지니어 직무 업무 내용,저는 엔지니어 직무에 관심 있는 취준생인데 구체적으로 어떤 일을 하는지 궁금해요,엔지니어 직무가 하는 일 좀 알려주세요,엔지니어 하는 일,엔지니어 직무로 입사하면 맡게 되는 실무는 무엇인가요?,엔지니어 직무가 제가 생각하는 일과 다를까 봐 걱정인데 실제 업무는 어떤가요?",엔지니어 직무는 실제로 어떤 업무를 담당하나요?,엔지니어 직무는 무슨 일 하는 거야?,엔지니어 직무 현직자는 현장에서 머 함?,엔지니어 직무 업무 내용,저는 엔지니어 직무에 관심 있는 취준생인데 구체적으로 어떤 일을 하는지 궁금해요,엔지니어 직무가 하는 일 좀 알려주세요,엔지니어 하는 일,엔지니어 직무로 입사하면 맡게 되는 실무는 무엇인가요?,엔지니어 직무가 제가 생각하는 일과 다를까 봐 걱정인데 실제 업무는 어떤가요?
210,245,S-C01-075,직무 탐색·전환,생산·물류·서비스,엔지니어 직무를 선택하게 되는 계기는 보통 무엇인가요?,"이 현직자는 승강기 직무로 오기 전 수영 강사로 근무했는데, 반복되는 레슨 업무에 회의감을 느꼈다고 합니다. 팀을 이루어 함께 일하면서 계속 성장할 수 있는 일을 찾던 중 주변의 추천을 받아 현재 직무로 전환하게 되었습니다. 이처럼 이전 직무에서 느낀 한계와 주변의 권유가 전환의 계기가 되는 경우가 있습니다.",사람인 현직자 인터뷰 크롤링,사람인 현직자 인터뷰 - 오티스서비스엑스퍼트 (엔지니어),https://www.saramin.co.kr/zf_user/career-information/senior-view?doc_idx=24548 (Q3),생산·물류·서비스 직무 현직자가 밝힌 직무 전환 계기에 대한 답변 요약,2026-10-03,미검토,,상,"사람인 현직자 인터뷰 기반 수집, 원문 저작권 보호를 위해 요약만 저장 | 수집일: 2026-10-03",N,"엔지니어 직무를 택하게 되는 이유는 주로 무엇인가요?,엔지니어 직무는 보통 어떤 계기로 하게 돼?,엔지니어 현직자들은 어케 이 직무 고른 거임?,엔지니어 직무 선택 계기,저는 엔지니어 직무를 고민 중인데 다른 분들은 어떤 계기로 선택했는지 궁금해요,엔지니어 직무를 선택한 계기 좀 알려주세요,엔지니어 선택 계기,엔지니어 직무로 진로를 정하거나 직무 전환을 하게 되는 계기는 무엇인가요?,다른 일을 하다가 엔지니어 직무를 선택해도 괜찮을까요?",엔지니어 직무를 택하게 되는 이유는 주로 무엇인가요?,엔지니어 직무는 보통 어떤 계기로 하게 돼?,엔지니어 현직자들은 어케 이 직무 고른 거임?,엔지니어 직무 선택 계기,저는 엔지니어 직무를 고민 중인데 다른 분들은 어떤 계기로 선택했는지 궁금해요,엔지니어 직무를 선택한 계기 좀 알려주세요,엔지니어 선택 계기,엔지니어 직무로 진로를 정하거나 직무 전환을 하게 되는 계기는 무엇인가요?,다른 일을 하다가 엔지니어 직무를 선택해도 괜찮을까요?
211,246,S-C01-076,직무 탐색·전환,생산·물류·서비스,엔지니어 직무의 가장 큰 매력은 무엇인가요?,"현장 엔지니어 직무의 가장 큰 매력은 성취감입니다. 승강기가 고장으로 멈추면 고객의 불만과 민원에 시달려 힘들 때도 있지만, 수리를 완료해 정상 운행으로 되돌렸을 때 큰 보람을 느낄 수 있습니다. 문제를 직접 해결하고 그 결과를 눈으로 확인할 수 있다는 점이 이 일의 매력입니다.",사람인 현직자 인터뷰 크롤링,사람인 현직자 인터뷰 - 오티스서비스엑스퍼트 (엔지니어),https://www.saramin.co.kr/zf_user/career-information/senior-view?doc_idx=24548 (Q4),생산·물류·서비스 직무 현직자가 밝힌 직무 매력에 대한 답변 요약,2026-10-03,미검토,,상,"사람인 현직자 인터뷰 기반 수집, 원문 저작권 보호를 위해 요약만 저장 | 수집일: 2026-10-03",N,"엔지니어 직무의 가장 큰 장점은 무엇인가요?,엔지니어 직무는 뭐가 제일 좋아?,엔지니어 현직자가 꼽는 직무 매력 머임?,엔지니어 직무 매력,저는 엔지니어 직무를 고려 중인데 이 직무만의 매력이 무엇인지 궁금해요,엔지니어 직무의 매력 좀 알려주세요,엔지니어 매력,엔지니어 직무로 일하면서 느끼는 성취감과 직무 매력은 무엇인가요?,엔지니어 직무가 힘들기만 하고 보람은 없지 않을까요?",엔지니어 직무의 가장 큰 장점은 무엇인가요?,엔지니어 직무는 뭐가 제일 좋아?,엔지니어 현직자가 꼽는 직무 매력 머임?,엔지니어 직무 매력,저는 엔지니어 직무를 고려 중인데 이 직무만의 매력이 무엇인지 궁금해요,엔지니어 직무의 매력 좀 알려주세요,엔지니어 매력,엔지니어 직무로 일하면서 느끼는 성취감과 직무 매력은 무엇인가요?,엔지니어 직무가 힘들기만 하고 보람은 없지 않을까요?
212,247,S-C06-063,역량개발·준비계획,생산·물류·서비스,엔지니어 직무에서 전문성을 키우기 위해 어떤 노력을 하나요?,이 직무는 자사 제품뿐 아니라 타사 기종까지 관리해야 하는 경우가 있어 다루는 장비 범위가 넓습니다. 그래서 한 번 겪은 고장 사례를 잊지 않도록 고장일지를 꾸준히 작성해 기록으로 남기는 습관을 들입니다. 또한 매뉴얼과 도면을 항상 소지하고 다니며 숙지하려는 노력도 전문성 유지에 중요한 부분입니다.,사람인 현직자 인터뷰 크롤링,사람인 현직자 인터뷰 - 오티스서비스엑스퍼트 (엔지니어),https://www.saramin.co.kr/zf_user/career-information/senior-view?doc_idx=24548 (Q6),생산·물류·서비스 직무 현직자가 밝힌 전문성 유지 노력에 대한 답변 요약,2026-10-03,미검토,,상,"사람인 현직자 인터뷰 기반 수집, 원문 저작권 보호를 위해 요약만 저장 | 수집일: 2026-10-03",N,"엔지니어 직무의 전문성을 높이려면 어떤 노력을 하나요?,엔지니어 직무는 전문성 키우려고 뭐 해?,엔지니어 현직자들은 전문성 키우려고 머 함?,엔지니어 직무 전문성 향상 방법,저는 엔지니어 직무를 목표로 하는데 현직자들은 전문성을 키우려고 어떤 노력을 하는지 궁금해요,엔지니어 직무 전문성 키우는 방법 좀 알려주세요,엔지니어 전문성 노력,엔지니어 직무에서 현장 업무 전문성을 키우기 위한 습관은 무엇인가요?,엔지니어 직무는 다루는 장비가 많아서 전문성 쌓기 어렵지 않을까요?",엔지니어 직무의 전문성을 높이려면 어떤 노력을 하나요?,엔지니어 직무는 전문성 키우려고 뭐 해?,엔지니어 현직자들은 전문성 키우려고 머 함?,엔지니어 직무 전문성 향상 방법,저는 엔지니어 직무를 목표로 하는데 현직자들은 전문성을 키우려고 어떤 노력을 하는지 궁금해요,엔지니어 직무 전문성 키우는 방법 좀 알려주세요,엔지니어 전문성 노력,엔지니어 직무에서 현장 업무 전문성을 키우기 위한 습관은 무엇인가요?,엔지니어 직무는 다루는 장비가 많아서 전문성 쌓기 어렵지 않을까요?
213,248,S-C01-077,직무 탐색·전환,생산·물류·서비스,엔지니어 직무의 전망은 어떤가요?,"건물의 고층화와 지하 공간 확대 추세에 따라 승강기 수요는 앞으로도 계속 늘어날 것으로 전망됩니다. 안전 관련 규제가 점점 강화되는 흐름도 있어, 유지보수 전문 인력에 대한 필요성은 꾸준히 이어질 것으로 보입니다. 전반적으로 이 분야는 안정적인 수요가 뒷받침되는 직무로 평가됩니다.",사람인 현직자 인터뷰 크롤링,사람인 현직자 인터뷰 - 오티스서비스엑스퍼트 (엔지니어),https://www.saramin.co.kr/zf_user/career-information/senior-view?doc_idx=24548 (Q8),생산·물류·서비스 직무 현직자가 밝힌 직무 전망에 대한 답변 요약,2026-10-03,미검토,,상,"사람인 현직자 인터뷰 기반 수집, 원문 저작권 보호를 위해 요약만 저장 | 수집일: 2026-10-03",N,"엔지니어 직무의 미래는 어떻게 예상되나요?,엔지니어 직무 앞으로 전망 괜찮아?,엔지니어 직무 전망 현직자들은 어케 봄?,엔지니어 직무 전망,저는 엔지니어 직무를 진로로 고민하는데 앞으로 전망이 어떤지 알고 싶어요,엔지니어 직무의 향후 전망 좀 알려주세요,엔지니어 직무 미래,엔지니어 직무의 인력 수요와 직업 전망은 어떤가요?,엔지니어 직무가 나중에 일자리가 줄어들지는 않을까요?",엔지니어 직무의 미래는 어떻게 예상되나요?,엔지니어 직무 앞으로 전망 괜찮아?,엔지니어 직무 전망 현직자들은 어케 봄?,엔지니어 직무 전망,저는 엔지니어 직무를 진로로 고민하는데 앞으로 전망이 어떤지 알고 싶어요,엔지니어 직무의 향후 전망 좀 알려주세요,엔지니어 직무 미래,엔지니어 직무의 인력 수요와 직업 전망은 어떤가요?,엔지니어 직무가 나중에 일자리가 줄어들지는 않을까요?
214,249,S-C06-064,역량개발·준비계획,생산·물류·서비스,엔지니어 직무를 준비하려면 무엇을 하면 좋을까요?,"이 업계에서 승강기 엔지니어로 계속 일하려면 자체점검자 자격이 필수적으로 요구됩니다. 따라서 먼저 승강기 기능사 자격증을 취득한 뒤 현장 실무 경험을 쌓아, 가능한 한 빠르게 자체점검자 자격까지 갖추는 것이 중요한 준비 과정으로 꼽힙니다. 자격증과 실무 경험을 단계적으로 쌓아가는 접근이 추천됩니다.",사람인 현직자 인터뷰 크롤링,사람인 현직자 인터뷰 - 오티스서비스엑스퍼트 (엔지니어),https://www.saramin.co.kr/zf_user/career-information/senior-view?doc_idx=24548 (Q10),생산·물류·서비스 직무 현직자가 후배에게 권한 준비 활동에 대한 답변 요약,2026-10-03,미검토,,상,"사람인 현직자 인터뷰 기반 수집, 원문 저작권 보호를 위해 요약만 저장 | 수집일: 2026-10-03",N,"엔지니어 직무를 준비할 때 무엇부터 하면 좋을까요?,엔지니어 직무 하려면 뭐 준비해야 돼?,엔지니어 직무 취준 어케 해야 함?,엔지니어 직무 준비 방법,저는 엔지니어 직무를 목표로 하는 취준생인데 어떤 준비를 하면 좋을지 모르겠어요,엔지니어 직무 준비 방법 좀 알려주세요,엔지니어 준비,엔지니어 직무 취업 준비는 무엇을 하면 좋을까요?,엔지니어 직무를 준비하는데 자격증이 없어도 괜찮을까요?",엔지니어 직무를 준비할 때 무엇부터 하면 좋을까요?,엔지니어 직무 하려면 뭐 준비해야 돼?,엔지니어 직무 취준 어케 해야 함?,엔지니어 직무 준비 방법,저는 엔지니어 직무를 목표로 하는 취준생인데 어떤 준비를 하면 좋을지 모르겠어요,엔지니어 직무 준비 방법 좀 알려주세요,엔지니어 준비,엔지니어 직무 취업 준비는 무엇을 하면 좋을까요?,엔지니어 직무를 준비하는데 자격증이 없어도 괜찮을까요?
215,250,S-C06-065,역량개발·준비계획,생산·물류·서비스,엔지니어 직무에서 커리어 성장을 위해 어떤 준비를 하면 좋을까요?,이 직무를 맡은 지 얼마 되지 않은 시기에는 우선 현장 업무 능력을 키우는 것을 최우선 과제로 삼는 경우가 많습니다. 동시에 야간 대학에 다니며 상위 자격증인 승강기 기사 자격증 취득을 병행해서 준비하기도 합니다. 실무 역량 강화와 자격증 취득을 함께 준비하는 방식입니다.,사람인 현직자 인터뷰 크롤링,사람인 현직자 인터뷰 - 오티스서비스엑스퍼트 (엔지니어),https://www.saramin.co.kr/zf_user/career-information/senior-view?doc_idx=24548 (Q11),생산·물류·서비스 직무 현직자가 밝힌 커리어 준비에 대한 답변 요약,2026-10-03,미검토,,상,"사람인 현직자 인터뷰 기반 수집, 원문 저작권 보호를 위해 요약만 저장 | 수집일: 2026-10-03",N,"엔지니어 직무에서 커리어를 키우려면 무엇을 준비해야 하나요?,엔지니어로 커리어 성장하려면 뭘 준비해야 해?,엔지니어 현직자들은 커리어 성장 위해 머 준비함?,엔지니어 커리어 성장 준비,저는 엔지니어 직무로 오래 일하고 싶은데 커리어 성장을 위해 어떤 준비가 필요할까요?,엔지니어 직무 커리어 성장 준비 방법 좀 알려주세요,엔지니어 커리어 준비,엔지니어 직무에서 장기적인 커리어 준비는 어떻게 하면 좋을까요?,엔지니어 직무에서 현장 일만 잘해도 커리어 성장에 충분할까요?",엔지니어 직무에서 커리어를 키우려면 무엇을 준비해야 하나요?,엔지니어로 커리어 성장하려면 뭘 준비해야 해?,엔지니어 현직자들은 커리어 성장 위해 머 준비함?,엔지니어 커리어 성장 준비,저는 엔지니어 직무로 오래 일하고 싶은데 커리어 성장을 위해 어떤 준비가 필요할까요?,엔지니어 직무 커리어 성장 준비 방법 좀 알려주세요,엔지니어 커리어 준비,엔지니어 직무에서 장기적인 커리어 준비는 어떻게 하면 좋을까요?,엔지니어 직무에서 현장 일만 잘해도 커리어 성장에 충분할까요?
216,251,S-C01-078,직무 탐색·전환,생산·물류·서비스,구매·자재·물류 직무는 구체적으로 어떤 일을 하나요?,"이 직무는 공장에 입고·출고되는 원부자재와 제품을 관리하는 일을 담당합니다. 고객사별 물동량을 관리해 재고가 쌓이지 않도록 조정하고, 관련 부서들 사이에서 연결고리 역할을 하는 자재 물류 관리 업무도 함께 수행합니다. 설명은 복잡하게 들리지만 핵심은 전반적인 제품 재고 관리라고 요약할 수 있습니다.",사람인 현직자 인터뷰 크롤링,사람인 현직자 인터뷰 - 에이케이켐텍 (제조부문),https://www.saramin.co.kr/zf_user/career-information/senior-view?doc_idx=21311 (Q2),생산·물류·서비스 직무 현직자가 밝힌 담당 업무 소개 요약,2026-10-03,미검토,,상,"사람인 현직자 인터뷰 기반 수집, 원문 저작권 보호를 위해 요약만 저장 | 수집일: 2026-10-03",N,"구매 자재 물류 직무는 실제로 어떤 업무를 담당하나요?,구매 자재 물류 직무는 무슨 일 하는 거야?,구매 자재 물류 현직자는 회사에서 머 함?,구매 자재 물류 직무 업무 내용,저는 구매 자재 물류 직무에 관심 있는 취준생인데 구체적으로 어떤 일을 하는지 궁금해요,구매 자재 물류 직무가 하는 일 좀 알려주세요,구매 자재 물류 하는 일,구매 자재 물류 직무로 입사하면 맡게 되는 실무는 무엇인가요?,구매 자재 물류 직무가 단순히 창고 관리만 하는 일인지 궁금한데 실제로는 어떤가요?",구매 자재 물류 직무는 실제로 어떤 업무를 담당하나요?,구매 자재 물류 직무는 무슨 일 하는 거야?,구매 자재 물류 현직자는 회사에서 머 함?,구매 자재 물류 직무 업무 내용,저는 구매 자재 물류 직무에 관심 있는 취준생인데 구체적으로 어떤 일을 하는지 궁금해요,구매 자재 물류 직무가 하는 일 좀 알려주세요,구매 자재 물류 하는 일,구매 자재 물류 직무로 입사하면 맡게 되는 실무는 무엇인가요?,구매 자재 물류 직무가 단순히 창고 관리만 하는 일인지 궁금한데 실제로는 어떤가요?
217,252,S-C01-079,직무 탐색·전환,생산·물류·서비스,구매·자재·물류 직무의 가장 큰 매력은 무엇인가요?,"이 직무는 부서 특성상 여러 부서와 긴밀하게 협업해야 하는 점이 특징이자 매력입니다. 긴급 생산이나 출하 같은 돌발 상황이 생기면 관련 부서들과 협의해 함께 문제를 해결해야 합니다. 여러 부서가 한마음으로 문제를 풀어냈을 때 뿌듯함을 느끼고, 제품의 마지막 점검을 담당한다는 점에서 최종 수문장 같은 자부심도 느낄 수 있습니다.",사람인 현직자 인터뷰 크롤링,사람인 현직자 인터뷰 - 에이케이켐텍 (제조부문),https://www.saramin.co.kr/zf_user/career-information/senior-view?doc_idx=21311 (Q3),생산·물류·서비스 직무 현직자가 밝힌 직무 매력에 대한 답변 요약,2026-10-03,미검토,,상,"사람인 현직자 인터뷰 기반 수집, 원문 저작권 보호를 위해 요약만 저장 | 수집일: 2026-10-03",N,"구매 자재 물류 직무의 가장 큰 장점은 무엇인가요?,구매 자재 물류 직무는 뭐가 제일 좋아?,구매 자재 물류 현직자가 꼽는 직무 매력 머임?,구매 자재 물류 직무 매력,저는 구매 자재 물류 직무를 고려 중인데 이 직무만의 매력이 무엇인지 궁금해요,구매 자재 물류 직무의 매력 좀 알려주세요,구매 자재 물류 매력,구매 자재 물류 직무로 일하면서 느끼는 직무 매력과 보람은 무엇인가요?,구매 자재 물류 직무가 별다른 매력이 없는 일은 아닐까요?",구매 자재 물류 직무의 가장 큰 장점은 무엇인가요?,구매 자재 물류 직무는 뭐가 제일 좋아?,구매 자재 물류 현직자가 꼽는 직무 매력 머임?,구매 자재 물류 직무 매력,저는 구매 자재 물류 직무를 고려 중인데 이 직무만의 매력이 무엇인지 궁금해요,구매 자재 물류 직무의 매력 좀 알려주세요,구매 자재 물류 매력,구매 자재 물류 직무로 일하면서 느끼는 직무 매력과 보람은 무엇인가요?,구매 자재 물류 직무가 별다른 매력이 없는 일은 아닐까요?
218,253,S-C01-080,직무 탐색·전환,생산·물류·서비스,구매·자재·물류 직무에서 경력을 쌓으면 어떻게 성장하나요?,이 업무를 하다 보면 고객사별 물동량의 흐름을 파악하는 감각이 생겨 점점 더 효율적인 재고관리가 가능해집니다. 이를 통해 불필요한 재고를 줄여 부채자산 비율을 낮추는 효과를 만들 수 있습니다. 결과적으로 숙련된 담당자는 회사의 경쟁력 향상에 직접적으로 기여하는 역할까지 맡게 됩니다.,사람인 현직자 인터뷰 크롤링,사람인 현직자 인터뷰 - 에이케이켐텍 (제조부문),https://www.saramin.co.kr/zf_user/career-information/senior-view?doc_idx=21311 (Q4),생산·물류·서비스 직무 현직자가 밝힌 경력 성장 경로에 대한 답변 요약,2026-10-03,미검토,,상,"사람인 현직자 인터뷰 기반 수집, 원문 저작권 보호를 위해 요약만 저장 | 수집일: 2026-10-03",N,"구매 자재 물류 직무에서 연차가 쌓이면 어떻게 발전하나요?,구매 자재 물류 직무 경력 쌓으면 어떻게 성장해?,구매 자재 물류 현직자들은 경력 쌓이면 어케 성장함?,구매 자재 물류 경력 성장,저는 구매 자재 물류 직무로 커리어를 시작하려는데 경력이 쌓이면 어떻게 성장하는지 궁금해요,구매 자재 물류 직무의 경력 성장 방향 좀 알려주세요,구매 자재 물류 성장,구매 자재 물류 직무에서 실무 경력을 쌓으면 어떤 역량이 생기나요?,구매 자재 물류 직무로 경력을 쌓아도 성장에 한계가 있지 않을까요?",구매 자재 물류 직무에서 연차가 쌓이면 어떻게 발전하나요?,구매 자재 물류 직무 경력 쌓으면 어떻게 성장해?,구매 자재 물류 현직자들은 경력 쌓이면 어케 성장함?,구매 자재 물류 경력 성장,저는 구매 자재 물류 직무로 커리어를 시작하려는데 경력이 쌓이면 어떻게 성장하는지 궁금해요,구매 자재 물류 직무의 경력 성장 방향 좀 알려주세요,구매 자재 물류 성장,구매 자재 물류 직무에서 실무 경력을 쌓으면 어떤 역량이 생기나요?,구매 자재 물류 직무로 경력을 쌓아도 성장에 한계가 있지 않을까요?
219,254,S-C02-004,채용공고·지원전략,생산·물류·서비스,구매·자재·물류 직무 채용에서 어떤 강점이 어필되나요?,"이 현직자는 자신감 있는 태도가 입사의 강점으로 작용했다고 밝힙니다. 당당한 모습은 면접관에게 좋은 인상을 주고 열정 있는 인재라는 인식을 심어줄 수 있습니다. 다만 이런 자신감은 회사에 대한 충분한 정보 파악, 직무 이해, 입사 후 포부가 뒷받침될 때 설득력을 갖는다고 덧붙입니다.",사람인 현직자 인터뷰 크롤링,사람인 현직자 인터뷰 - 에이케이켐텍 (제조부문),https://www.saramin.co.kr/zf_user/career-information/senior-view?doc_idx=21311 (Q6),생산·물류·서비스 직무 현직자가 밝힌 입사 당시 강점에 대한 답변 요약,2026-10-03,미검토,,중,"사람인 현직자 인터뷰 기반 수집, 원문 저작권 보호를 위해 요약만 저장 | 수집일: 2026-10-03",N,"구매 자재 물류 직무 채용에서는 어떤 장점이 좋게 평가되나요?,구매 자재 물류 직무 뽑을 때 어떤 강점이 먹혀?,구매 자재 물류 직무 면접에서 어떤 강점 어필해야 합격함?,구매 자재 물류 채용 강점,저는 구매 자재 물류 직무에 지원하려는데 채용에서 어떤 강점을 어필하면 좋을지 궁금해요,구매 자재 물류 직무 채용에서 어필되는 강점 좀 알려주세요,구매 자재 물류 강점,구매 자재 물류 직무 신입 채용 면접에서 어필되는 강점은 무엇인가요?,구매 자재 물류 직무 채용에서 내세울 강점이 없으면 불리할까요?",구매 자재 물류 직무 채용에서는 어떤 장점이 좋게 평가되나요?,구매 자재 물류 직무 뽑을 때 어떤 강점이 먹혀?,구매 자재 물류 직무 면접에서 어떤 강점 어필해야 합격함?,구매 자재 물류 채용 강점,저는 구매 자재 물류 직무에 지원하려는데 채용에서 어떤 강점을 어필하면 좋을지 궁금해요,구매 자재 물류 직무 채용에서 어필되는 강점 좀 알려주세요,구매 자재 물류 강점,구매 자재 물류 직무 신입 채용 면접에서 어필되는 강점은 무엇인가요?,구매 자재 물류 직무 채용에서 내세울 강점이 없으면 불리할까요?
220,255,S-C06-066,역량개발·준비계획,생산·물류·서비스,구매·자재·물류 직무를 준비하려면 어떤 자질이 필요한가요?,"가장 중요한 것은 현재 상태에 안주하지 않고 꾸준히 공부하며 발전하려는 태도입니다. 입사 후 맡게 될 업무에 대해 미리 충분히 알아두면 실무 적응에 큰 도움이 됩니다. 입사 이후에도 꾸준한 자기계발 의지를 유지하는 것이 필수적이며, 회사의 자기계발 지원 제도를 적극 활용하는 자세도 권장됩니다.",사람인 현직자 인터뷰 크롤링,사람인 현직자 인터뷰 - 에이케이켐텍 (제조부문),https://www.saramin.co.kr/zf_user/career-information/senior-view?doc_idx=21311 (Q7),생산·물류·서비스 직무 현직자가 후배에게 권한 준비 자질에 대한 답변 요약,2026-10-03,미검토,,상,"사람인 현직자 인터뷰 기반 수집, 원문 저작권 보호를 위해 요약만 저장 | 수집일: 2026-10-03",N,"구매 자재 물류 직무를 준비하려면 어떤 소양을 갖춰야 하나요?,구매 자재 물류 직무 준비하려면 어떤 자질이 있어야 해?,구매 자재 물류 취준할 때 필요한 자질 머임?,구매 자재 물류 준비 자질,저는 구매 자재 물류 직무를 목표로 하는 취준생인데 어떤 자질이 필요한지 궁금해요,구매 자재 물류 직무 준비에 필요한 자질 좀 알려주세요,구매 자재 물류 자질,구매 자재 물류 직무 취업 준비에 필요한 태도와 자질은 무엇인가요?,구매 자재 물류 직무를 준비하는데 제 자질이 부족하면 어쩌죠?",구매 자재 물류 직무를 준비하려면 어떤 소양을 갖춰야 하나요?,구매 자재 물류 직무 준비하려면 어떤 자질이 있어야 해?,구매 자재 물류 취준할 때 필요한 자질 머임?,구매 자재 물류 준비 자질,저는 구매 자재 물류 직무를 목표로 하는 취준생인데 어떤 자질이 필요한지 궁금해요,구매 자재 물류 직무 준비에 필요한 자질 좀 알려주세요,구매 자재 물류 자질,구매 자재 물류 직무 취업 준비에 필요한 태도와 자질은 무엇인가요?,구매 자재 물류 직무를 준비하는데 제 자질이 부족하면 어쩌죠?
221,256,S-C01-081,직무 탐색·전환,생산·물류·서비스,서비스 직무는 구체적으로 어떤 일을 하나요?,이 직무는 공항에서 승객과 항공기의 안전을 위한 보안검색 업무를 담당합니다. 터미널 내 다양한 파트 중 환승 승객을 대상으로 하는 검색 업무를 맡는 경우도 있습니다. 공항이라는 국가 중요 시설에서 안전을 지키는 역할을 수행하는 직무입니다.,사람인 현직자 인터뷰 크롤링,사람인 현직자 인터뷰 - 인천공항경비(주) (보안검색대 환승검색파트),https://www.saramin.co.kr/zf_user/career-information/senior-view?doc_idx=21574 (Q1),생산·물류·서비스 직무 현직자가 밝힌 담당 업무 소개 요약,2026-10-03,미검토,,상,"사람인 현직자 인터뷰 기반 수집, 원문 저작권 보호를 위해 요약만 저장 | 수집일: 2026-10-03",N,"서비스 직무는 실제로 어떤 업무를 담당하나요?,서비스 직무는 무슨 일 하는 거야?,서비스 직무 현직자는 현장에서 머 함?,서비스 직무 업무 내용,저는 서비스 직무에 관심 있는 취준생인데 구체적으로 어떤 일을 하는지 궁금해요,서비스 직무가 하는 일 좀 알려주세요,서비스 하는 일,서비스 직무로 입사하면 맡게 되는 실무는 무엇인가요?,서비스 직무가 제가 생각하는 일과 다를까 봐 걱정인데 실제 업무는 어떤가요?",서비스 직무는 실제로 어떤 업무를 담당하나요?,서비스 직무는 무슨 일 하는 거야?,서비스 직무 현직자는 현장에서 머 함?,서비스 직무 업무 내용,저는 서비스 직무에 관심 있는 취준생인데 구체적으로 어떤 일을 하는지 궁금해요,서비스 직무가 하는 일 좀 알려주세요,서비스 하는 일,서비스 직무로 입사하면 맡게 되는 실무는 무엇인가요?,서비스 직무가 제가 생각하는 일과 다를까 봐 걱정인데 실제 업무는 어떤가요?
222,257,S-C01-082,직무 탐색·전환,생산·물류·서비스,서비스 직무를 선택하게 되는 계기는 보통 무엇인가요?,"공항은 여행의 설렘을 주는 공간이라 평소 공항에서 일하는 꿈을 꾸던 것이 이 직무를 선택한 계기가 되었다고 합니다. 공항은 국가중요시설로 분류될 만큼 보안이 중요한 곳이어서, 이 일을 통해 국가의 관문을 지킨다는 자부심을 느낀다고 밝혔습니다. 평소 품었던 공항에 대한 동경과 보안 업무에 대한 사명감이 함께 작용한 사례입니다.",사람인 현직자 인터뷰 크롤링,사람인 현직자 인터뷰 - 인천공항경비(주) (보안검색대 환승검색파트),https://www.saramin.co.kr/zf_user/career-information/senior-view?doc_idx=21574 (Q2),생산·물류·서비스 직무 현직자가 밝힌 직무 선택 계기에 대한 답변 요약,2026-10-03,미검토,,상,"사람인 현직자 인터뷰 기반 수집, 원문 저작권 보호를 위해 요약만 저장 | 수집일: 2026-10-03",N,"서비스 직무를 택하게 되는 이유는 주로 무엇인가요?,서비스 직무는 보통 어떤 계기로 하게 돼?,서비스 직무 현직자들은 어케 이 일 고른 거임?,서비스 직무 선택 계기,저는 서비스 직무를 고민 중인데 다른 분들은 어떤 계기로 선택했는지 궁금해요,서비스 직무를 선택한 계기 좀 알려주세요,서비스 선택 계기,서비스 직무로 진로를 정하게 되는 계기는 무엇인가요?,서비스 직무를 선택하려면 특별한 계기가 있어야 할까요?",서비스 직무를 택하게 되는 이유는 주로 무엇인가요?,서비스 직무는 보통 어떤 계기로 하게 돼?,서비스 직무 현직자들은 어케 이 일 고른 거임?,서비스 직무 선택 계기,저는 서비스 직무를 고민 중인데 다른 분들은 어떤 계기로 선택했는지 궁금해요,서비스 직무를 선택한 계기 좀 알려주세요,서비스 선택 계기,서비스 직무로 진로를 정하게 되는 계기는 무엇인가요?,서비스 직무를 선택하려면 특별한 계기가 있어야 할까요?
223,258,S-C01-083,직무 탐색·전환,생산·물류·서비스,서비스 직무의 가장 큰 매력은 무엇인가요?,"이 직무는 주 4일 근무, 3일 휴무의 교대근무 체계로 여가 시간이 상대적으로 많다는 점이 큰 장점으로 꼽힙니다. 현장 업무 특성상 퇴근 후에는 업무 생각에서 자유로울 수 있고, 정시 출퇴근 문화가 잘 자리잡혀 있는 점도 만족도를 높이는 요소입니다. 전반적으로 근무환경 자체가 이 직무의 매력으로 언급됩니다.",사람인 현직자 인터뷰 크롤링,사람인 현직자 인터뷰 - 인천공항경비(주) (보안검색대 환승검색파트),https://www.saramin.co.kr/zf_user/career-information/senior-view?doc_idx=21574 (Q3),생산·물류·서비스 직무 현직자가 밝힌 직무 매력에 대한 답변 요약,2026-10-03,미검토,,상,"사람인 현직자 인터뷰 기반 수집, 원문 저작권 보호를 위해 요약만 저장 | 수집일: 2026-10-03",N,"서비스 직무의 가장 큰 장점은 무엇인가요?,서비스 직무는 뭐가 제일 좋아?,서비스 직무 현직자가 꼽는 매력 머임?,서비스 직무 매력,저는 서비스 직무를 고려 중인데 이 직무만의 매력이 무엇인지 궁금해요,서비스 직무의 매력 좀 알려주세요,서비스 일의 매력,서비스 직무로 일하면서 느끼는 근무 환경의 장점과 매력은 무엇인가요?,서비스 직무가 힘들기만 하고 장점은 없지 않을까요?",서비스 직무의 가장 큰 장점은 무엇인가요?,서비스 직무는 뭐가 제일 좋아?,서비스 직무 현직자가 꼽는 매력 머임?,서비스 직무 매력,저는 서비스 직무를 고려 중인데 이 직무만의 매력이 무엇인지 궁금해요,서비스 직무의 매력 좀 알려주세요,서비스 일의 매력,서비스 직무로 일하면서 느끼는 근무 환경의 장점과 매력은 무엇인가요?,서비스 직무가 힘들기만 하고 장점은 없지 않을까요?
224,259,S-C06-067,역량개발·준비계획,생산·물류·서비스,서비스 직무를 준비하려면 어떤 자질이 필요한가요?,"승객의 안전을 책임지는 일인 만큼 전문성이 요구되는 직무입니다. 또한 팀원들과의 협업이 많기 때문에 사교성과 원활한 소통 능력도 중요하게 꼽힙니다. 교대근무로 인한 불규칙한 생활 패턴을 견딜 체력 관리와, 외국인 승객을 상대하는 데 필요한 외국어 능력을 함께 준비하면 도움이 됩니다.",사람인 현직자 인터뷰 크롤링,사람인 현직자 인터뷰 - 인천공항경비(주) (보안검색대 환승검색파트),https://www.saramin.co.kr/zf_user/career-information/senior-view?doc_idx=21574 (Q8),생산·물류·서비스 직무 현직자가 후배에게 권한 준비 자질에 대한 답변 요약,2026-10-03,미검토,,상,"사람인 현직자 인터뷰 기반 수집, 원문 저작권 보호를 위해 요약만 저장 | 수집일: 2026-10-03",N,"서비스 직무를 준비하려면 어떤 소양을 갖춰야 하나요?,서비스 직무 준비하려면 어떤 자질이 있어야 해?,서비스 직무 취준할 때 필요한 자질 머임?,서비스 직무 준비 자질,저는 서비스 직무를 목표로 하는 취준생인데 어떤 자질이 필요한지 궁금해요,서비스 직무 준비에 필요한 자질 좀 알려주세요,서비스 필요 자질,서비스 직무 취업 준비에 필요한 역량과 자질은 무엇인가요?,서비스 직무를 준비하는데 체력이나 소통 능력이 부족하면 어쩌죠?",서비스 직무를 준비하려면 어떤 소양을 갖춰야 하나요?,서비스 직무 준비하려면 어떤 자질이 있어야 해?,서비스 직무 취준할 때 필요한 자질 머임?,서비스 직무 준비 자질,저는 서비스 직무를 목표로 하는 취준생인데 어떤 자질이 필요한지 궁금해요,서비스 직무 준비에 필요한 자질 좀 알려주세요,서비스 필요 자질,서비스 직무 취업 준비에 필요한 역량과 자질은 무엇인가요?,서비스 직무를 준비하는데 체력이나 소통 능력이 부족하면 어쩌죠?
225,260,S-C01-084,직무 탐색·전환,생산·물류·서비스,"아직 직무를 정하지 못했다면, 서비스 직무 현직자는 어떤 조언을 해줄까요?",보안검색 분야는 앞으로 해외여행 규제가 완화되면 수요와 중요성이 함께 높아질 것으로 전망됩니다. 담당 인력에 대한 처우와 복지 수준도 점차 개선되고 있어 안정적인 직장생활이 가능한 분야로 소개됩니다. 아직 진로를 정하지 못했다면 이러한 성장 가능성을 염두에 두고 적극적으로 지원해볼 것을 권하는 조언입니다.,사람인 현직자 인터뷰 크롤링,사람인 현직자 인터뷰 - 인천공항경비(주) (보안검색대 환승검색파트),https://www.saramin.co.kr/zf_user/career-information/senior-view?doc_idx=21574 (Q9),생산·물류·서비스 직무 현직자가 취업준비생에게 전한 조언 요약,2026-10-03,미검토,,상,"사람인 현직자 인터뷰 기반 수집, 원문 저작권 보호를 위해 요약만 저장 | 수집일: 2026-10-03",N,"직무를 아직 결정하지 못한 사람에게 서비스 직무 현직자는 어떤 조언을 하나요?,직무 아직 못 정했는데 서비스 직무 현직자는 뭐라고 조언해?,직무 못 정한 취준생한테 서비스 현직자가 해주는 조언 머임?,직무 미정 서비스 현직자 조언,저는 아직 직무를 못 정했는데 서비스 직무 현직자라면 어떤 조언을 해줄지 궁금해요,직무를 못 정한 사람에게 서비스 현직자가 주는 조언 좀 알려주세요,서비스 현직자 조언,희망 직무를 정하지 못한 취준생에게 서비스 직무 현직자가 주는 진로 조언은 무엇인가요?,아직 직무를 못 정했는데 서비스 직무를 고려해도 괜찮을까요?",직무를 아직 결정하지 못한 사람에게 서비스 직무 현직자는 어떤 조언을 하나요?,직무 아직 못 정했는데 서비스 직무 현직자는 뭐라고 조언해?,직무 못 정한 취준생한테 서비스 현직자가 해주는 조언 머임?,직무 미정 서비스 현직자 조언,저는 아직 직무를 못 정했는데 서비스 직무 현직자라면 어떤 조언을 해줄지 궁금해요,직무를 못 정한 사람에게 서비스 현직자가 주는 조언 좀 알려주세요,서비스 현직자 조언,희망 직무를 정하지 못한 취준생에게 서비스 직무 현직자가 주는 진로 조언은 무엇인가요?,아직 직무를 못 정했는데 서비스 직무를 고려해도 괜찮을까요?
226,261,S-C02-005,채용공고·지원전략,생산·물류·서비스,서비스 직무 채용에서 어떤 강점이 어필되나요?,이 현직자의 강점은 성실함이었다고 합니다. 학창시절부터 지각이나 결근 없이 꾸준히 성실한 생활 태도를 유지해온 것이 본인을 보여주는 가장 큰 장점이라고 밝혔습니다. 기본적인 근태 관리를 철저히 지키는 모습이 성실성을 뒷받침하는 근거가 되었습니다.,사람인 현직자 인터뷰 크롤링,사람인 현직자 인터뷰 - 인천공항경비(주) (보안검색대 환승검색파트),https://www.saramin.co.kr/zf_user/career-information/senior-view?doc_idx=21574 (Q10),생산·물류·서비스 직무 현직자가 밝힌 입사 당시 강점에 대한 답변 요약,2026-10-03,미검토,,중,"사람인 현직자 인터뷰 기반 수집, 원문 저작권 보호를 위해 요약만 저장 | 수집일: 2026-10-03",N,"서비스 직무 채용에서는 어떤 장점이 좋게 평가되나요?,서비스 직무 뽑을 때 어떤 강점이 먹혀?,서비스 직무 면접에서 어떤 강점 어필해야 합격함?,서비스 직무 채용 강점,저는 서비스 직무에 지원하려는데 채용에서 어떤 강점을 어필하면 좋을지 궁금해요,서비스 직무 채용에서 어필되는 강점 좀 알려주세요,서비스 강점 어필,서비스 직무 신입 채용 면접에서 어필되는 강점은 무엇인가요?,서비스 직무 채용에서 내세울 특별한 강점이 없으면 불리할까요?",서비스 직무 채용에서는 어떤 장점이 좋게 평가되나요?,서비스 직무 뽑을 때 어떤 강점이 먹혀?,서비스 직무 면접에서 어떤 강점 어필해야 합격함?,서비스 직무 채용 강점,저는 서비스 직무에 지원하려는데 채용에서 어떤 강점을 어필하면 좋을지 궁금해요,서비스 직무 채용에서 어필되는 강점 좀 알려주세요,서비스 강점 어필,서비스 직무 신입 채용 면접에서 어필되는 강점은 무엇인가요?,서비스 직무 채용에서 내세울 특별한 강점이 없으면 불리할까요?
227,262,S-C01-085,직무 탐색·전환,디자인·콘텐츠,디자인 직무는 구체적으로 어떤 일을 하나요?,"이 직무는 고객사의 브랜드 아이덴티티와 식물의 생육 환경을 함께 고려해 실내조경, 즉 플랜테리어를 기획하는 일입니다. 클라이언트의 요청사항과 공간의 특성을 직접 확인한 뒤, 스케치업이나 3D 모델링을 활용해 디자인 컨셉을 시각화하고 공유합니다. 디자인이 확정되면 적합한 수형의 식물을 구입해 시공까지 참여하는 과정으로 이어집니다.",사람인 현직자 인터뷰 크롤링,사람인 현직자 인터뷰 - 에코피플 (디자인플랜트케어팀),https://www.saramin.co.kr/zf_user/career-information/senior-view?doc_idx=23502 (Q2),디자인·콘텐츠 직무 현직자가 밝힌 담당 업무 소개 요약,2026-10-03,미검토,,상,"사람인 현직자 인터뷰 기반 수집, 원문 저작권 보호를 위해 요약만 저장 | 수집일: 2026-10-03",N,"디자인 직무는 실제로 어떤 업무를 담당하나요?,디자인 직무는 무슨 일 하는 거야?,디자인 직무 현직자는 회사에서 머 함?,디자인 직무 업무 내용,저는 디자인 직무에 관심 있는 취준생인데 구체적으로 어떤 일을 하는지 궁금해요,디자인 직무가 하는 일 좀 알려주세요,디자인 하는 일,디자인 직무로 입사하면 맡게 되는 실무는 무엇인가요?,디자인 직무가 제가 생각하는 일과 다를까 봐 걱정인데 실제 업무는 어떤가요?",디자인 직무는 실제로 어떤 업무를 담당하나요?,디자인 직무는 무슨 일 하는 거야?,디자인 직무 현직자는 회사에서 머 함?,디자인 직무 업무 내용,저는 디자인 직무에 관심 있는 취준생인데 구체적으로 어떤 일을 하는지 궁금해요,디자인 직무가 하는 일 좀 알려주세요,디자인 하는 일,디자인 직무로 입사하면 맡게 되는 실무는 무엇인가요?,디자인 직무가 제가 생각하는 일과 다를까 봐 걱정인데 실제 업무는 어떤가요?
228,263,S-C01-086,직무 탐색·전환,디자인·콘텐츠,디자인 직무의 가장 큰 매력은 무엇인가요?,이 직무는 고민과 노력을 거쳐 완성한 디자인이 많은 방문객에게 인상적인 경험을 선사할 수 있다는 점이 매력입니다. 공간을 아름답게 꾸미고 식물을 조화롭게 배치해 사람들에게 특별한 감동을 전달하는 역할에 보람을 느낍니다. 또한 매일 싱그러운 식물과 함께 일할 수 있다는 점도 이 직무만의 장점으로 꼽힙니다.,사람인 현직자 인터뷰 크롤링,사람인 현직자 인터뷰 - 에코피플 (디자인플랜트케어팀),https://www.saramin.co.kr/zf_user/career-information/senior-view?doc_idx=23502 (Q3),디자인·콘텐츠 직무 현직자가 밝힌 직무 매력에 대한 답변 요약,2026-10-03,미검토,,상,"사람인 현직자 인터뷰 기반 수집, 원문 저작권 보호를 위해 요약만 저장 | 수집일: 2026-10-03",N,"디자인 직무의 가장 큰 장점은 무엇인가요?,디자인 직무는 뭐가 제일 좋아?,디자인 직무 현직자가 꼽는 매력 머임?,디자인 직무 매력,저는 디자인 직무를 고려 중인데 이 직무만의 매력이 무엇인지 궁금해요,디자인 직무의 매력 좀 알려주세요,디자인 일의 매력,디자인 직무로 일하면서 느끼는 보람과 직무 매력은 무엇인가요?,디자인 직무가 힘들기만 하고 보람은 없지 않을까요?",디자인 직무의 가장 큰 장점은 무엇인가요?,디자인 직무는 뭐가 제일 좋아?,디자인 직무 현직자가 꼽는 매력 머임?,디자인 직무 매력,저는 디자인 직무를 고려 중인데 이 직무만의 매력이 무엇인지 궁금해요,디자인 직무의 매력 좀 알려주세요,디자인 일의 매력,디자인 직무로 일하면서 느끼는 보람과 직무 매력은 무엇인가요?,디자인 직무가 힘들기만 하고 보람은 없지 않을까요?
229,264,S-C06-068,역량개발·준비계획,디자인·콘텐츠,디자인 직무에 필요한 역량/지식은 무엇인가요?,"이 직무는 브랜딩과 디자인 트렌드에 대한 지속적인 관심이 필요합니다. 현재 어떤 스타일이 인기를 끌고 있는지, 그 이유가 무엇인지 분석하고 이를 실제 작업에 응용하는 능력이 중요합니다. 이와 함께 다양한 식물 종류와 생육 특성에 대한 지식도 필수적으로 갖춰야 할 부분입니다.",사람인 현직자 인터뷰 크롤링,사람인 현직자 인터뷰 - 에코피플 (디자인플랜트케어팀),https://www.saramin.co.kr/zf_user/career-information/senior-view?doc_idx=23502 (Q5),디자인·콘텐츠 직무 현직자가 밝힌 필요 지식에 대한 답변 요약,2026-10-03,미검토,,상,"사람인 현직자 인터뷰 기반 수집, 원문 저작권 보호를 위해 요약만 저장 | 수집일: 2026-10-03",N,"디자인 직무에 요구되는 능력이나 지식은 무엇인가요?,디자인 직무 하려면 어떤 역량이 필요해?,디자인 직무 취준할 때 필요한 역량 머임?,디자인 직무 필요 역량 지식,저는 디자인 직무에 지원하려는데 어떤 역량과 지식이 필요한지 궁금해요,디자인 직무에 필요한 역량 정리해 주세요,디자인 필요 역량,디자인 직무 업무 수행에 필요한 직무 역량과 전문 지식은 무엇인가요?,디자인 직무에 필요한 지식이 부족하면 불리할까요?",디자인 직무에 요구되는 능력이나 지식은 무엇인가요?,디자인 직무 하려면 어떤 역량이 필요해?,디자인 직무 취준할 때 필요한 역량 머임?,디자인 직무 필요 역량 지식,저는 디자인 직무에 지원하려는데 어떤 역량과 지식이 필요한지 궁금해요,디자인 직무에 필요한 역량 정리해 주세요,디자인 필요 역량,디자인 직무 업무 수행에 필요한 직무 역량과 전문 지식은 무엇인가요?,디자인 직무에 필요한 지식이 부족하면 불리할까요?
230,265,S-C06-069,역량개발·준비계획,디자인·콘텐츠,디자인 직무에서 커리어 성장을 위해 어떤 준비를 하면 좋을까요?,"이 직무는 식물에 대한 공부를 꾸준히 이어가는 것이 핵심 준비 과정입니다. 식물의 겉모습만 보고 임의의 장소에 배치할 수 없기 때문에, 각 식물이 어떤 환경에서 튼튼하고 아름답게 자라는지를 계속 학습해야 합니다. 이런 지식은 책보다 실제 현장 경험을 통해 쌓일 때 가장 확실하게 자신의 것이 된다고 강조합니다.",사람인 현직자 인터뷰 크롤링,사람인 현직자 인터뷰 - 에코피플 (디자인플랜트케어팀),https://www.saramin.co.kr/zf_user/career-information/senior-view?doc_idx=23502 (Q10),디자인·콘텐츠 직무 현직자가 밝힌 커리어 준비에 대한 답변 요약,2026-10-03,미검토,,상,"사람인 현직자 인터뷰 기반 수집, 원문 저작권 보호를 위해 요약만 저장 | 수집일: 2026-10-03",N,"디자인 직무에서 커리어를 키우려면 무엇을 준비해야 하나요?,디자인 직무로 커리어 성장하려면 뭘 준비해야 해?,디자인 현직자들은 커리어 성장 위해 머 준비함?,디자인 직무 커리어 성장 준비,저는 디자인 직무로 오래 일하고 싶은데 커리어 성장을 위해 어떤 준비가 필요할까요?,디자인 직무 커리어 성장 준비 방법 좀 알려주세요,디자인 커리어 준비,디자인 직무에서 장기적인 커리어 준비는 어떻게 하면 좋을까요?,디자인 직무에서 디자인 실력만 키워도 커리어 성장에 충분할까요?",디자인 직무에서 커리어를 키우려면 무엇을 준비해야 하나요?,디자인 직무로 커리어 성장하려면 뭘 준비해야 해?,디자인 현직자들은 커리어 성장 위해 머 준비함?,디자인 직무 커리어 성장 준비,저는 디자인 직무로 오래 일하고 싶은데 커리어 성장을 위해 어떤 준비가 필요할까요?,디자인 직무 커리어 성장 준비 방법 좀 알려주세요,디자인 커리어 준비,디자인 직무에서 장기적인 커리어 준비는 어떻게 하면 좋을까요?,디자인 직무에서 디자인 실력만 키워도 커리어 성장에 충분할까요?
231,266,S-C01-087,직무 탐색·전환,디자인·콘텐츠,디자인 직무의 전망은 어떤가요?,"실내조경 문화가 아직 부족하다는 인식을 개선하려는 움직임과, 건설사들이 설계 단계부터 실내조경을 고려하는 추세가 맞물려 이 직무의 중요성이 커지고 있습니다. 이런 환경 변화 속에서 플랜트 디자이너에게는 앞으로 더 많은 기회와 도전이 주어질 것으로 보입니다. 공간을 개선하고 식물을 통해 가치를 더하는 역할의 중요성이 커지면서 전망도 밝다고 평가됩니다.",사람인 현직자 인터뷰 크롤링,사람인 현직자 인터뷰 - 에코피플 (디자인플랜트케어팀),https://www.saramin.co.kr/zf_user/career-information/senior-view?doc_idx=23502 (Q11),디자인·콘텐츠 직무 현직자가 밝힌 직무 전망에 대한 답변 요약,2026-10-03,미검토,,상,"사람인 현직자 인터뷰 기반 수집, 원문 저작권 보호를 위해 요약만 저장 | 수집일: 2026-10-03",N,"디자인 직무의 미래는 어떻게 예상되나요?,디자인 직무 앞으로 전망 괜찮아?,디자인 직무 전망 현직자들은 어케 봄?,디자인 직무 전망,저는 디자인 직무를 진로로 고민하는데 앞으로 전망이 어떤지 알고 싶어요,디자인 직무의 향후 전망 좀 알려주세요,디자인 직무 미래,디자인 직무의 인력 수요와 직업 전망은 어떤가요?,디자인 직무가 나중에 설 자리가 줄어들지는 않을까요?",디자인 직무의 미래는 어떻게 예상되나요?,디자인 직무 앞으로 전망 괜찮아?,디자인 직무 전망 현직자들은 어케 봄?,디자인 직무 전망,저는 디자인 직무를 진로로 고민하는데 앞으로 전망이 어떤지 알고 싶어요,디자인 직무의 향후 전망 좀 알려주세요,디자인 직무 미래,디자인 직무의 인력 수요와 직업 전망은 어떤가요?,디자인 직무가 나중에 설 자리가 줄어들지는 않을까요?
232,267,S-C01-088,직무 탐색·전환,디자인·콘텐츠,미디어·문화·스포츠 직무는 구체적으로 어떤 일을 하나요?,"이 직무는 인하우스 콘텐츠 제작자로서 브랜드 가치를 높이는 콘텐츠를 만드는 일을 담당합니다. 신재생에너지 업계 종사자나 에너지·환경 분야에 관심 있는 사람들을 대상으로, 이들이 공감하고 즐길 수 있는 콘텐츠를 기획하는 것이 목표입니다. 이를 위해 전국의 신재생에너지 발전소를 직접 방문하거나 관련 전문가를 인터뷰하는 등 다양한 현장 활동을 병행합니다.",사람인 현직자 인터뷰 크롤링,사람인 현직자 인터뷰 - 엔라이튼 (마케팅커뮤니케이션팀),https://www.saramin.co.kr/zf_user/career-information/senior-view?doc_idx=22745 (Q2),디자인·콘텐츠 직무 현직자가 밝힌 담당 업무 소개 요약,2026-10-03,미검토,,상,"사람인 현직자 인터뷰 기반 수집, 원문 저작권 보호를 위해 요약만 저장 | 수집일: 2026-10-03",N,"미디어 문화 스포츠 직무는 실제로 어떤 업무를 담당하나요?,미디어 문화 스포츠 직무는 무슨 일 하는 거야?,미디어 문화 스포츠 직무 현직자는 머 하는 사람임?,미디어 문화 스포츠 직무 업무 내용,저는 미디어 문화 스포츠 직무에 관심 있는 취준생인데 구체적으로 어떤 일을 하는지 궁금해요,미디어 문화 스포츠 직무가 하는 일 좀 알려주세요,미디어 문화 스포츠 하는 일,미디어 문화 스포츠 직무로 입사하면 맡게 되는 실무는 무엇인가요?,미디어 문화 스포츠 직무가 제가 생각하는 일과 다를까 봐 걱정인데 실제 업무는 어떤가요?",미디어 문화 스포츠 직무는 실제로 어떤 업무를 담당하나요?,미디어 문화 스포츠 직무는 무슨 일 하는 거야?,미디어 문화 스포츠 직무 현직자는 머 하는 사람임?,미디어 문화 스포츠 직무 업무 내용,저는 미디어 문화 스포츠 직무에 관심 있는 취준생인데 구체적으로 어떤 일을 하는지 궁금해요,미디어 문화 스포츠 직무가 하는 일 좀 알려주세요,미디어 문화 스포츠 하는 일,미디어 문화 스포츠 직무로 입사하면 맡게 되는 실무는 무엇인가요?,미디어 문화 스포츠 직무가 제가 생각하는 일과 다를까 봐 걱정인데 실제 업무는 어떤가요?
233,268,S-C06-070,역량개발·준비계획,디자인·콘텐츠,미디어·문화·스포츠 직무에서 커리어 성장을 위해 어떤 준비를 하면 좋을까요?,"이 직무에서는 원래 게임 제작용으로 쓰이던 '언리얼 엔진'이라는 그래픽 툴에 관심을 두고 공부하는 경우가 있습니다. 최근 이 툴은 그래픽 기술 발달에 힘입어 영화나 드라마의 실감나는 CG 제작에도 활용되고 있습니다. 앞으로는 실사 촬영 없이도 가상현실 기반으로 현실에서 구현하기 어려운 영상을 만들 수 있는 시대가 올 것으로 예상되며, 이런 변화에 대비해 관련 툴을 미리 익혀두는 준비가 이루어지고 있습니다.",사람인 현직자 인터뷰 크롤링,사람인 현직자 인터뷰 - 엔라이튼 (마케팅커뮤니케이션팀),https://www.saramin.co.kr/zf_user/career-information/senior-view?doc_idx=22745 (Q3),디자인·콘텐츠 직무 현직자가 밝힌 커리어 준비에 대한 답변 요약,2026-10-03,미검토,,상,"사람인 현직자 인터뷰 기반 수집, 원문 저작권 보호를 위해 요약만 저장 | 수집일: 2026-10-03",N,"미디어 문화 스포츠 직무에서 커리어를 키우려면 무엇을 준비해야 하나요?,미디어 문화 스포츠 직무로 커리어 키우려면 뭘 준비해?,미디어 문화 스포츠 현직자들은 커리어 성장 위해 머 공부함?,미디어 문화 스포츠 커리어 성장 준비,저는 미디어 문화 스포츠 직무로 오래 일하고 싶은데 커리어 성장을 위해 어떤 준비가 필요할까요?,미디어 문화 스포츠 직무 커리어 성장 준비 방법 좀 알려주세요,미디어 문화 스포츠 커리어,미디어 문화 스포츠 직무에서 장기적인 커리어 준비는 어떻게 하면 좋을까요?,미디어 문화 스포츠 직무에서 새로운 툴을 안 배워도 커리어 성장에 괜찮을까요?",미디어 문화 스포츠 직무에서 커리어를 키우려면 무엇을 준비해야 하나요?,미디어 문화 스포츠 직무로 커리어 키우려면 뭘 준비해?,미디어 문화 스포츠 현직자들은 커리어 성장 위해 머 공부함?,미디어 문화 스포츠 커리어 성장 준비,저는 미디어 문화 스포츠 직무로 오래 일하고 싶은데 커리어 성장을 위해 어떤 준비가 필요할까요?,미디어 문화 스포츠 직무 커리어 성장 준비 방법 좀 알려주세요,미디어 문화 스포츠 커리어,미디어 문화 스포츠 직무에서 장기적인 커리어 준비는 어떻게 하면 좋을까요?,미디어 문화 스포츠 직무에서 새로운 툴을 안 배워도 커리어 성장에 괜찮을까요?
234,271,S-C01-090,직무 탐색·전환,디자인·콘텐츠,"아직 직무를 정하지 못했다면, 미디어·문화·스포츠 직무 현직자는 어떤 조언을 해줄까요?","전공이 반드시 직무로 이어져야 하는 것은 아니라는 조언이 제시됩니다. 실제로 영상과 무관한 전공을 하고도 콘텐츠 제작 직무로 진로를 전환한 사례가 있습니다. 전공의 틀에 갇히지 않고 자신만의 길을 개척하는 태도가 중요하며, 다양한 배경을 가진 사람들이 모여 새로운 산업 영역을 만들어가는 경우도 많다는 점을 강조합니다.",사람인 현직자 인터뷰 크롤링,사람인 현직자 인터뷰 - 엔라이튼 (마케팅커뮤니케이션팀),https://www.saramin.co.kr/zf_user/career-information/senior-view?doc_idx=22745 (Q11),디자인·콘텐츠 직무 현직자가 취업준비생에게 전한 조언 요약,2026-10-03,미검토,,상,"사람인 현직자 인터뷰 기반 수집, 원문 저작권 보호를 위해 요약만 저장 | 수집일: 2026-10-03",N,"직무를 아직 결정하지 못한 사람에게 미디어 문화 스포츠 직무 현직자는 어떤 조언을 하나요?,직무 아직 못 정했는데 미디어 문화 스포츠 현직자는 뭐라고 조언해?,직무 못 정한 취준생한테 미디어 문화 스포츠 현직자가 해주는 조언 머임?,직무 미정 미디어 문화 스포츠 현직자 조언,저는 아직 직무를 못 정했는데 미디어 문화 스포츠 직무 현직자라면 어떤 조언을 해줄지 궁금해요,직무를 못 정한 사람에게 미디어 문화 스포츠 현직자가 주는 조언 좀 알려주세요,미디어 문화 스포츠 현직자 조언,희망 직무를 정하지 못한 취준생에게 미디어 문화 스포츠 직무 현직자가 주는 진로 조언은 무엇인가요?,아직 직무를 못 정했는데 미디어 문화 스포츠 직무를 고려해도 괜찮을까요?",직무를 아직 결정하지 못한 사람에게 미디어 문화 스포츠 직무 현직자는 어떤 조언을 하나요?,직무 아직 못 정했는데 미디어 문화 스포츠 현직자는 뭐라고 조언해?,직무 못 정한 취준생한테 미디어 문화 스포츠 현직자가 해주는 조언 머임?,직무 미정 미디어 문화 스포츠 현직자 조언,저는 아직 직무를 못 정했는데 미디어 문화 스포츠 직무 현직자라면 어떤 조언을 해줄지 궁금해요,직무를 못 정한 사람에게 미디어 문화 스포츠 현직자가 주는 조언 좀 알려주세요,미디어 문화 스포츠 현직자 조언,희망 직무를 정하지 못한 취준생에게 미디어 문화 스포츠 직무 현직자가 주는 진로 조언은 무엇인가요?,아직 직무를 못 정했는데 미디어 문화 스포츠 직무를 고려해도 괜찮을까요?
235,272,S-C01-091,직무 탐색·전환,디자인·콘텐츠,미디어·문화·스포츠 직무의 전망은 어떤가요?,"기계 번역 기술이 발전하면서 번역가의 역할이 줄어들 것이라는 우려가 있지만, 기계 번역이 대체할 수 있는 부분은 번역 과정의 초기 단계에 그칩니다. 기계 번역 결과물이라 해도 프로젝트 전반에는 여전히 사람의 손길이 필요하며, 대상 언어의 문화적 맥락을 완벽하게 반영하는 것은 기계만으로는 어렵습니다. 최종 번역물의 품질을 검수하는 QA 단계는 앞으로도 꾸준히 필요할 것으로 전망되어, 이 직무의 전망은 긍정적으로 평가됩니다.",사람인 현직자 인터뷰 크롤링,사람인 현직자 인터뷰 - 업템포글로벌 (한영팀),https://www.saramin.co.kr/zf_user/career-information/senior-view?doc_idx=22599 (Q10),디자인·콘텐츠 직무(번역) 현직자가 밝힌 직무 전망에 대한 답변 요약,2026-10-03,미검토,,상,"사람인 현직자 인터뷰 기반 수집, 원문 저작권 보호를 위해 요약만 저장 | 수집일: 2026-10-03",N,"미디어 문화 스포츠 직무의 미래는 어떻게 예상되나요?,미디어 문화 스포츠 직무 앞으로 전망 괜찮아?,미디어 문화 스포츠 직무 전망 현직자들은 어케 봄?,미디어 문화 스포츠 직무 전망,저는 미디어 문화 스포츠 직무를 진로로 고민하는데 앞으로 전망이 어떤지 알고 싶어요,미디어 문화 스포츠 직무의 향후 전망 좀 알려주세요,미디어 문화 스포츠 전망,미디어 문화 스포츠 직무의 인력 수요와 직업 전망은 어떤가요?,미디어 문화 스포츠 직무가 기술 발전으로 사라지지는 않을까요?",미디어 문화 스포츠 직무의 미래는 어떻게 예상되나요?,미디어 문화 스포츠 직무 앞으로 전망 괜찮아?,미디어 문화 스포츠 직무 전망 현직자들은 어케 봄?,미디어 문화 스포츠 직무 전망,저는 미디어 문화 스포츠 직무를 진로로 고민하는데 앞으로 전망이 어떤지 알고 싶어요,미디어 문화 스포츠 직무의 향후 전망 좀 알려주세요,미디어 문화 스포츠 전망,미디어 문화 스포츠 직무의 인력 수요와 직업 전망은 어떤가요?,미디어 문화 스포츠 직무가 기술 발전으로 사라지지는 않을까요?
236,273,S-C01-092,직무 탐색·전환,의료·보건,RA·QA 직무를 선택하게 되는 계기는 보통 무엇인가요?,"약사 면허 취득을 위해 공부하는 과정에서 법 조항을 다루게 되었는데, 같은 조항도 상황과 관점에 따라 다르게 해석될 수 있다는 점이 흥미롭게 느껴졌다고 합니다. 규정의 적합성을 논리적으로 정리하고 해석하는 과정에 매력을 느끼면서 규정을 다루는 QA 직무에 자연스럽게 관심을 갖게 되었습니다. 전공 공부 중 느낀 흥미가 직무 선택으로 이어진 사례입니다.",사람인 현직자 인터뷰 크롤링,사람인 현직자 인터뷰 - 한국오츠카제약 (RA·QA),https://www.saramin.co.kr/zf_user/career-information/senior-view?doc_idx=24563 (Q9),의료·보건 직무(QA) 현직자가 밝힌 직무 선택 계기에 대한 답변 요약,2026-10-03,미검토,,상,"사람인 현직자 인터뷰 기반 수집, 원문 저작권 보호를 위해 요약만 저장 | 수집일: 2026-10-03",N,"RA QA 직무를 택하게 되는 이유는 주로 무엇인가요?,RA QA 직무는 보통 어떤 계기로 하게 돼?,RA QA 현직자들은 어케 이 직무 고른 거임?,RA QA 직무 선택 계기,저는 RA QA 직무를 고민 중인데 다른 분들은 어떤 계기로 선택했는지 궁금해요,RA QA 직무를 선택한 계기 좀 알려주세요,RA QA 선택 계기,RA QA 직무로 진로를 정하게 되는 계기는 무엇인가요?,RA QA 직무를 선택하려면 특별한 계기가 있어야 할까요?",RA QA 직무를 택하게 되는 이유는 주로 무엇인가요?,RA QA 직무는 보통 어떤 계기로 하게 돼?,RA QA 현직자들은 어케 이 직무 고른 거임?,RA QA 직무 선택 계기,저는 RA QA 직무를 고민 중인데 다른 분들은 어떤 계기로 선택했는지 궁금해요,RA QA 직무를 선택한 계기 좀 알려주세요,RA QA 선택 계기,RA QA 직무로 진로를 정하게 되는 계기는 무엇인가요?,RA QA 직무를 선택하려면 특별한 계기가 있어야 할까요?
237,274,S-C02-006,채용공고·지원전략,의료·보건,RA·QA 직무 채용에서 어떤 강점이 어필되나요?,"이 직무는 연구 단계부터 발매 이후까지 의약품을 지속적으로 관리해야 하기 때문에 임상, 약물감시, 마케팅, 생산, 약가 등 여러 부서와의 협업이 많고 규제기관과의 소통도 중요합니다. 이런 특성상 전문성뿐 아니라 커뮤니케이션 역량이 중요한 강점으로 평가됩니다. 실제로 이 역량을 입사 시 자신의 강점으로 적극 어필한 경우도 있었습니다.",사람인 현직자 인터뷰 크롤링,사람인 현직자 인터뷰 - 한국오츠카제약 (RA·QA),https://www.saramin.co.kr/zf_user/career-information/senior-view?doc_idx=24563 (Q12),의료·보건 직무 현직자가 밝힌 입사 당시 강점에 대한 답변 요약,2026-10-03,미검토,,중,"사람인 현직자 인터뷰 기반 수집, 원문 저작권 보호를 위해 요약만 저장 | 수집일: 2026-10-03",N,"RA QA 직무 채용에서는 어떤 장점이 좋게 평가되나요?,RA QA 직무 뽑을 때 어떤 강점이 먹혀?,RA QA 직무 면접에서 어떤 강점 어필해야 합격함?,RA QA 채용 강점,저는 RA QA 직무에 지원하려는데 채용에서 어떤 강점을 어필하면 좋을지 궁금해요,RA QA 직무 채용에서 어필되는 강점 좀 알려주세요,RA QA 강점 어필,RA QA 직무 신입 채용 면접에서 어필되는 강점은 무엇인가요?,RA QA 직무 채용에서 내세울 강점이 없으면 불리할까요?",RA QA 직무 채용에서는 어떤 장점이 좋게 평가되나요?,RA QA 직무 뽑을 때 어떤 강점이 먹혀?,RA QA 직무 면접에서 어떤 강점 어필해야 합격함?,RA QA 채용 강점,저는 RA QA 직무에 지원하려는데 채용에서 어떤 강점을 어필하면 좋을지 궁금해요,RA QA 직무 채용에서 어필되는 강점 좀 알려주세요,RA QA 강점 어필,RA QA 직무 신입 채용 면접에서 어필되는 강점은 무엇인가요?,RA QA 직무 채용에서 내세울 강점이 없으면 불리할까요?
238,275,S-C01-093,직무 탐색·전환,의료·보건,RA·QA 직무의 가장 큰 매력은 무엇인가요?,"QA 직무의 가장 큰 매력은 생산, 유틸리티, 품질, 허가 등 다양한 영역을 폭넓게 접할 수 있다는 점입니다. 품질시스템을 중심으로 업무를 깊이 익히면서도 여러 실무 분야를 간접적으로 경험할 수 있습니다. 이를 통해 공장 전체의 흐름을 이해하는 넓은 시야를 기를 수 있다는 점이 매력적인 요소로 꼽힙니다.",사람인 현직자 인터뷰 크롤링,사람인 현직자 인터뷰 - 한국오츠카제약 (RA·QA),https://www.saramin.co.kr/zf_user/career-information/senior-view?doc_idx=24563 (Q13),의료·보건 직무(QA) 현직자가 밝힌 직무 매력에 대한 답변 요약,2026-10-03,미검토,,상,"사람인 현직자 인터뷰 기반 수집, 원문 저작권 보호를 위해 요약만 저장 | 수집일: 2026-10-03",N,"RA QA 직무의 가장 큰 장점은 무엇인가요?,RA QA 직무는 뭐가 제일 좋아?,RA QA 현직자가 꼽는 직무 매력 머임?,RA QA 직무 매력,저는 RA QA 직무를 고려 중인데 이 직무만의 매력이 무엇인지 궁금해요,RA QA 직무의 매력 좀 알려주세요,RA QA 일의 매력,RA QA 직무로 일하면서 느끼는 직무 매력과 보람은 무엇인가요?,RA QA 직무가 별다른 매력이 없는 일은 아닐까요?",RA QA 직무의 가장 큰 장점은 무엇인가요?,RA QA 직무는 뭐가 제일 좋아?,RA QA 현직자가 꼽는 직무 매력 머임?,RA QA 직무 매력,저는 RA QA 직무를 고려 중인데 이 직무만의 매력이 무엇인지 궁금해요,RA QA 직무의 매력 좀 알려주세요,RA QA 일의 매력,RA QA 직무로 일하면서 느끼는 직무 매력과 보람은 무엇인가요?,RA QA 직무가 별다른 매력이 없는 일은 아닐까요?
239,276,S-C01-094,직무 탐색·전환,의료·보건,MR·PM 직무를 선택하게 되는 계기는 보통 무엇인가요?,"이 직무로 오기 전 짧게나마 전문의약품 마케팅 경력을 쌓은 경험이 있었다고 합니다. 제약 산업에 발을 들인 이상 이 분야의 전문가로 꾸준히 성장하고 싶다는 생각이 들었고, 산업 특성상 전문가가 되려면 현장 경험이 필수라고 판단했습니다. 현장에서 쌓은 경험을 바탕으로 1차 고객인 의사와 2차 고객인 환자 모두에게 도움이 되는 인사이트를 제공하려 노력하고 있습니다.",사람인 현직자 인터뷰 크롤링,사람인 현직자 인터뷰 - 한국오츠카제약 (MR·PM),https://www.saramin.co.kr/zf_user/career-information/senior-view?doc_idx=24561 (Q8),의료·보건 직무(MR) 현직자가 밝힌 직무 선택 계기에 대한 답변 요약,2026-10-03,미검토,,상,"사람인 현직자 인터뷰 기반 수집, 원문 저작권 보호를 위해 요약만 저장 | 수집일: 2026-10-03",N,"MR PM 직무를 택하게 되는 이유는 주로 무엇인가요?,MR PM 직무는 보통 어떤 계기로 하게 돼?,MR PM 현직자들은 어케 이 직무 고른 거임?,MR PM 직무 선택 계기,저는 MR PM 직무를 고민 중인데 다른 분들은 어떤 계기로 선택했는지 궁금해요,MR PM 직무를 선택한 계기 좀 알려주세요,MR PM 선택 계기,MR PM 직무로 진로를 정하거나 직무 전환을 하게 되는 계기는 무엇인가요?,MR PM 직무를 선택하려면 특별한 계기가 있어야 할까요?",MR PM 직무를 택하게 되는 이유는 주로 무엇인가요?,MR PM 직무는 보통 어떤 계기로 하게 돼?,MR PM 현직자들은 어케 이 직무 고른 거임?,MR PM 직무 선택 계기,저는 MR PM 직무를 고민 중인데 다른 분들은 어떤 계기로 선택했는지 궁금해요,MR PM 직무를 선택한 계기 좀 알려주세요,MR PM 선택 계기,MR PM 직무로 진로를 정하거나 직무 전환을 하게 되는 계기는 무엇인가요?,MR PM 직무를 선택하려면 특별한 계기가 있어야 할까요?
240,277,S-C01-095,직무 탐색·전환,의료·보건,MR·PM 직무의 가장 큰 매력은 무엇인가요?,이 직무는 제품 담당자가 곧 회사와 제품을 대표하는 전문가 역할을 맡기 때문에 주인의식을 갖고 일할 수 있다는 점이 가장 큰 매력으로 꼽힙니다. 담당하는 병원과 고객들과 협업하면서 스스로 판단하고 주도적으로 결정을 내릴 기회도 많습니다. 의료진이라는 특수한 고객에 맞춰 적절한 활동을 기획해 원하는 성과를 이끌어냈을 때 느끼는 성취감은 이 직무만의 특별한 경험이라고 합니다.,사람인 현직자 인터뷰 크롤링,사람인 현직자 인터뷰 - 한국오츠카제약 (MR·PM),https://www.saramin.co.kr/zf_user/career-information/senior-view?doc_idx=24561 (Q12),의료·보건 직무(MR) 현직자가 밝힌 직무 매력에 대한 답변 요약,2026-10-03,미검토,,상,"사람인 현직자 인터뷰 기반 수집, 원문 저작권 보호를 위해 요약만 저장 | 수집일: 2026-10-03",N,"MR PM 직무의 가장 큰 장점은 무엇인가요?,MR PM 직무는 뭐가 제일 좋아?,MR PM 현직자가 꼽는 직무 매력 머임?,MR PM 직무 매력,저는 MR PM 직무를 고려 중인데 이 직무만의 매력이 무엇인지 궁금해요,MR PM 직무의 매력 좀 알려주세요,MR PM 일의 매력,MR PM 직무로 일하면서 느끼는 직무 매력과 보람은 무엇인가요?,MR PM 직무가 부담만 크고 매력은 없지 않을까요?",MR PM 직무의 가장 큰 장점은 무엇인가요?,MR PM 직무는 뭐가 제일 좋아?,MR PM 현직자가 꼽는 직무 매력 머임?,MR PM 직무 매력,저는 MR PM 직무를 고려 중인데 이 직무만의 매력이 무엇인지 궁금해요,MR PM 직무의 매력 좀 알려주세요,MR PM 일의 매력,MR PM 직무로 일하면서 느끼는 직무 매력과 보람은 무엇인가요?,MR PM 직무가 부담만 크고 매력은 없지 않을까요?
241,278,S-C01-096,직무 탐색·전환,의료·보건,의료 직무는 구체적으로 어떤 일을 하나요?,이 직무는 RA(규제업무) 팀에서 국내 의료기기 인허가 업무를 담당합니다. 이와 함께 해외 고객사가 요청하는 서류 대응 업무도 일부 함께 수행합니다. 의료기기의 국내외 인허가와 관련 서류 처리를 아우르는 역할입니다.,사람인 현직자 인터뷰 크롤링,사람인 현직자 인터뷰 - 티앤엘 (RA팀),https://www.saramin.co.kr/zf_user/career-information/senior-view?doc_idx=24550 (Q2),의료·보건 직무(RA) 현직자가 밝힌 담당 업무 소개 요약,2026-10-03,미검토,,상,"사람인 현직자 인터뷰 기반 수집, 원문 저작권 보호를 위해 요약만 저장 | 수집일: 2026-10-03",N,"의료 분야 직무는 실제로 어떤 업무를 맡나요?,의료 직무 들어가면 무슨 일 하는 거야?,의료 직무 현직자는 실제로 머 하는지 궁금해요,의료 직무 업무 내용,저는 의료 쪽 취업을 생각 중인데 의료 직무는 무슨 일을 하나요?,의료 직무가 하는 일 좀 알려주세요,의료 직무 하는 일,의료 직무로 입사하면 회사에서 어떤 업무를 담당하나요?,의료 직무 업무가 생각과 다를까 봐 걱정인데 실제로 어떤 일인가요?",의료 분야 직무는 실제로 어떤 업무를 맡나요?,의료 직무 들어가면 무슨 일 하는 거야?,의료 직무 현직자는 실제로 머 하는지 궁금해요,의료 직무 업무 내용,저는 의료 쪽 취업을 생각 중인데 의료 직무는 무슨 일을 하나요?,의료 직무가 하는 일 좀 알려주세요,의료 직무 하는 일,의료 직무로 입사하면 회사에서 어떤 업무를 담당하나요?,의료 직무 업무가 생각과 다를까 봐 걱정인데 실제로 어떤 일인가요?
242,279,A-C01-001,직무 탐색·전환,교육·공공·사회서비스,에듀테크 기획 직무는 구체적으로 어떤 일을 하나요?,"에듀테크 기획 직무는 교육 콘텐츠나 학습 플랫폼을 설계하고 운영하는 일을 담당합니다. 학습자와 교육기관의 요구를 분석해 커리큘럼이나 서비스 기능을 기획하고, 개발팀·콘텐츠 제작팀과 협업해 실제 서비스로 구현하는 과정을 조율합니다. 출시 이후에는 학습 데이터와 이용자 반응을 분석해 콘텐츠와 기능을 지속적으로 개선하는 역할도 함께 수행합니다.",AI 제안 (크롤링 결과 없음 보완),없음 — 사람인 현직자 인터뷰에서 해당 직무군 수집 실패로 AI가 일반 정보를 바탕으로 작성,"없음 (현직자 인터뷰 근거 없음, AI 생성 콘텐츠)",실제 인터뷰 근거가 없어 직무 전반에 대한 일반적인 설명으로 작성됨,2026-10-04,AI생성-검증필요,,상,"교육·공공·사회서비스 직무군은 사람인 크롤링에서 수집 0건 → AI가 일반 지식 기반으로 초안 작성. 실제 현직자 근거 없음, 반드시 검증 후 사용 | 작성일: 2026-10-04",N,"에듀테크 기획 직무는 실제로 어떤 업무를 맡나요?,에듀테크 기획은 무슨 일 하는 거야?,에듀테크 기획 현직자는 머 하는 직무임?,에듀테크 기획 직무 업무 내용,저는 교육 쪽에 관심이 있는데 에듀테크 기획 직무는 무슨 일을 하나요?,에듀테크 기획 직무가 하는 일 좀 알려주세요,에듀테크 기획 하는 일,에듀테크 기업 기획 직무로 입사하면 어떤 업무를 담당하나요?,에듀테크 기획 직무를 잘 모르고 준비해도 될까요? 실제 업무가 궁금해요",에듀테크 기획 직무는 실제로 어떤 업무를 맡나요?,에듀테크 기획은 무슨 일 하는 거야?,에듀테크 기획 현직자는 머 하는 직무임?,에듀테크 기획 직무 업무 내용,저는 교육 쪽에 관심이 있는데 에듀테크 기획 직무는 무슨 일을 하나요?,에듀테크 기획 직무가 하는 일 좀 알려주세요,에듀테크 기획 하는 일,에듀테크 기업 기획 직무로 입사하면 어떤 업무를 담당하나요?,에듀테크 기획 직무를 잘 모르고 준비해도 될까요? 실제 업무가 궁금해요
243,280,A-C01-002,직무 탐색·전환,교육·공공·사회서비스,공공기관·공기업 행정직은 어떤 계기로 선택하는 경우가 많나요?,"공공기관·공기업 행정직을 선택하는 사람들은 안정적인 고용 환경과 공익에 기여한다는 점에 매력을 느끼는 경우가 많습니다. 민간기업과 달리 특정 산업이나 지역사회에 밀접하게 연관된 사업을 운영하는 경우가 많아, 전공이나 관심 분야와 연결고리를 찾아 지원하는 사례도 흔합니다. 또한 정해진 채용 절차(필기시험, NCS 등)가 비교적 명확하다는 점도 진로를 정하는 데 영향을 줍니다.",AI 제안 (크롤링 결과 없음 보완),없음 — 사람인 현직자 인터뷰에서 해당 직무군 수집 실패로 AI가 일반 정보를 바탕으로 작성,"없음 (현직자 인터뷰 근거 없음, AI 생성 콘텐츠)",실제 인터뷰 근거가 없어 직무 선택 동기에 대한 일반적인 설명으로 작성됨,2026-10-04,AI생성-검증필요,,상,"교육·공공·사회서비스 직무군은 사람인 크롤링에서 수집 0건 → AI가 일반 지식 기반으로 초안 작성. 실제 현직자 근거 없음, 반드시 검증 후 사용 | 작성일: 2026-10-04",N,"공공기관·공기업 행정직은 보통 어떤 이유로 선택하나요?,공공기관 공기업 행정직은 왜들 가는 거야?,공기업 행정직 현직자들은 어떤 계기로 입사함?,공공기관 공기업 행정직 선택 이유,저는 진로를 고민 중인데 공공기관·공기업 행정직은 어떤 계기로들 선택하나요?,공공기관 공기업 행정직을 고르는 이유 좀 알려주세요,공기업 행정직 선택 계기,공공기관·공기업 행정직 직무를 진로로 택하는 동기는 주로 무엇인가요?,공공기관 공기업 행정직을 안정성 때문에 고르는 게 괜찮을까요?",공공기관·공기업 행정직은 보통 어떤 이유로 선택하나요?,공공기관 공기업 행정직은 왜들 가는 거야?,공기업 행정직 현직자들은 어떤 계기로 입사함?,공공기관 공기업 행정직 선택 이유,저는 진로를 고민 중인데 공공기관·공기업 행정직은 어떤 계기로들 선택하나요?,공공기관 공기업 행정직을 고르는 이유 좀 알려주세요,공기업 행정직 선택 계기,공공기관·공기업 행정직 직무를 진로로 택하는 동기는 주로 무엇인가요?,공공기관 공기업 행정직을 안정성 때문에 고르는 게 괜찮을까요?
244,281,A-C06-003,역량개발·준비계획,교육·공공·사회서비스,사회복지사로 커리어를 쌓으려면 어떤 준비를 하면 좋을까요?,"사회복지사로 성장하려면 사회복지사 자격증(1급 또는 2급) 취득이 기본이 되며, 실습 과정을 통해 현장 경험을 미리 쌓아두는 것이 중요합니다. 상담, 사례관리, 행정 업무를 함께 다루는 경우가 많아 커뮤니케이션 역량과 문서 작업 능력을 같이 길러두면 도움이 됩니다. 아동·노인·장애인 등 특정 분야를 미리 정해 관련 기관에서 봉사활동이나 인턴 경험을 쌓는 것도 추천되는 준비 방법입니다.",AI 제안 (크롤링 결과 없음 보완),없음 — 사람인 현직자 인터뷰에서 해당 직무군 수집 실패로 AI가 일반 정보를 바탕으로 작성,"없음 (현직자 인터뷰 근거 없음, AI 생성 콘텐츠)",실제 인터뷰 근거가 없어 역량 개발 방법에 대한 일반적인 설명으로 작성됨,2026-10-04,AI생성-검증필요,,상,"교육·공공·사회서비스 직무군은 사람인 크롤링에서 수집 0건 → AI가 일반 지식 기반으로 초안 작성. 실제 현직자 근거 없음, 반드시 검증 후 사용 | 작성일: 2026-10-04",N,"사회복지사로 경력을 쌓으려면 무엇을 준비해야 하나요?,사회복지사 하려면 뭘 준비해야 돼?,사회복지사 취준할 때 스펙 머 챙겨야 해요?,사회복지사 커리어 준비 방법,저는 사회복지사를 꿈꾸고 있는데 어떤 준비부터 하면 좋을까요?,사회복지사로 커리어 쌓는 방법 좀 알려주세요,사회복지사 커리어 준비,사회복지사로 취업 준비를 할 때 필요한 자격과 경험은 무엇인가요?,사회복지사 준비를 지금 시작해도 늦지 않을까요?",사회복지사로 경력을 쌓으려면 무엇을 준비해야 하나요?,사회복지사 하려면 뭘 준비해야 돼?,사회복지사 취준할 때 스펙 머 챙겨야 해요?,사회복지사 커리어 준비 방법,저는 사회복지사를 꿈꾸고 있는데 어떤 준비부터 하면 좋을까요?,사회복지사로 커리어 쌓는 방법 좀 알려주세요,사회복지사 커리어 준비,사회복지사로 취업 준비를 할 때 필요한 자격과 경험은 무엇인가요?,사회복지사 준비를 지금 시작해도 늦지 않을까요?
245,282,A-C02-004,채용공고·지원전략,교육·공공·사회서비스,공공기관·공기업 채용에서는 어떤 강점이 어필되나요?,"공공기관·공기업 채용에서는 NCS 기반 직무기술서에 제시된 요구 역량과 본인의 경험을 구체적으로 연결하는 것이 중요하게 평가됩니다. 특히 자기소개서나 면접에서 공익성, 책임감, 협업 경험을 구체적인 사례로 보여주는 지원자가 좋은 평가를 받는 경우가 많습니다. 또한 필기시험(NCS, 전공) 성적과 더불어 해당 기관의 사업 영역에 대한 이해도를 보여주는 것도 강점으로 작용합니다.",AI 제안 (크롤링 결과 없음 보완),없음 — 사람인 현직자 인터뷰에서 해당 직무군 수집 실패로 AI가 일반 정보를 바탕으로 작성,"없음 (현직자 인터뷰 근거 없음, AI 생성 콘텐츠)",실제 인터뷰 근거가 없어 채용 전략에 대한 일반적인 설명으로 작성됨,2026-10-04,AI생성-검증필요,,중,"교육·공공·사회서비스 직무군은 사람인 크롤링에서 수집 0건 → AI가 일반 지식 기반으로 초안 작성. 실제 현직자 근거 없음, 반드시 검증 후 사용 | 작성일: 2026-10-04",N,"공공기관·공기업 채용에서는 어떤 장점이 좋게 평가되나요?,공공기관 공기업 채용에선 어떤 강점이 먹혀?,공기업 자소서랑 면접에서 어필되는 강점 머예요?,공공기관 공기업 채용 강점 어필,저는 공공기관 공기업을 준비하는데 채용에서 어떤 강점을 보여줘야 할까요?,공공기관 공기업 채용에서 어필되는 강점 좀 알려주세요,공기업 채용 어필 강점,공공기관·공기업 채용 전형에서 지원자의 어떤 역량이 높게 평가되나요?,공공기관 공기업 채용에서 내세울 강점이 부족하면 불리한가요?",공공기관·공기업 채용에서는 어떤 장점이 좋게 평가되나요?,공공기관 공기업 채용에선 어떤 강점이 먹혀?,공기업 자소서랑 면접에서 어필되는 강점 머예요?,공공기관 공기업 채용 강점 어필,저는 공공기관 공기업을 준비하는데 채용에서 어떤 강점을 보여줘야 할까요?,공공기관 공기업 채용에서 어필되는 강점 좀 알려주세요,공기업 채용 어필 강점,공공기관·공기업 채용 전형에서 지원자의 어떤 역량이 높게 평가되나요?,공공기관 공기업 채용에서 내세울 강점이 부족하면 불리한가요?
246,283,L-C06-001,역량개발·준비계획,금융·회계,"회계/재무 직무를 목표로 할 때, CPA 1차 합격과 어학 성적 외에 무엇부터 준비해야 하나요?","CPA 1차 합격과 어학 성적은 재무·회계·경영지원 직무에서 충분히 경쟁력 있는 스펙으로 평가됩니다. 추가로 재경관리사나 전산회계 같은 실무형 자격증을 취득해 서류상 직무 관련성을 보완하는 것이 좋습니다. 인턴 기회가 제한적이라면 중견기업 인턴부터 시작해 실무 경험을 쌓고, 이를 대기업 지원 시 소재로 활용할 수 있습니다. 본인의 경험과 직무 역량을 매칭한 마스터 자소서를 미리 준비해두고, 기업을 가리지 않고 재무·회계 관련 공고에 폭넓게 지원하는 것이 추천됩니다. 금융권(기업금융, 리스크관리, 리서치 등)으로도 지원 폭을 넓혀볼 만합니다.",링커리어 멘토링 커뮤니티 크롤링,링커리어 취업고민(문과) 게시글(post_id=6515543),https://community.linkareer.com/mentoring/6515543 (채택 답변),회계·재무 직무 준비 방향에 대한 멘토링 채택 답변 종합,2026-10-04,미검토,,중,"링커리어 취업 멘토링 Q&A의 채택 답변 기반, 질문자 개인정보는 일반화하여 제거 | 수집일: 2026-10-04",N,"회계/재무 직무를 준비할 때 CPA 1차 합격과 어학 점수 말고 무엇을 먼저 해야 하나요?,회계 재무 가려는데 CPA 1차랑 어학 말고 뭐부터 해야 돼?,CPA 1차 합이랑 어학 있는데 회계 재무 직무 스펙 머 더 챙겨요?,회계 재무 직무 CPA 1차 어학 외 준비,저는 CPA 1차 합격과 어학 성적이 있는데 회계/재무 직무를 위해 무엇부터 준비할까요?,CPA 1차랑 어학 다음으로 회계 재무 직무 준비할 것 좀 알려주세요,CPA 1차 이후 회계 재무 준비,회계/재무 직무 취업 준비에서 CPA 1차 합격과 어학 외에 우선할 것은 무엇인가요?,CPA 1차 합격과 어학만으로 회계 재무 직무 지원하면 부족할까요?",회계/재무 직무를 준비할 때 CPA 1차 합격과 어학 점수 말고 무엇을 먼저 해야 하나요?,회계 재무 가려는데 CPA 1차랑 어학 말고 뭐부터 해야 돼?,CPA 1차 합이랑 어학 있는데 회계 재무 직무 스펙 머 더 챙겨요?,회계 재무 직무 CPA 1차 어학 외 준비,저는 CPA 1차 합격과 어학 성적이 있는데 회계/재무 직무를 위해 무엇부터 준비할까요?,CPA 1차랑 어학 다음으로 회계 재무 직무 준비할 것 좀 알려주세요,CPA 1차 이후 회계 재무 준비,회계/재무 직무 취업 준비에서 CPA 1차 합격과 어학 외에 우선할 것은 무엇인가요?,CPA 1차 합격과 어학만으로 회계 재무 직무 지원하면 부족할까요?
247,284,L-C03-001,이력서·자소서,공통,"인턴 후 짧게 정규직으로 전환되어 퇴사한 경우, 인사팀에 증명서 표기를 어떻게 요청해야 하나요?","인사팀에는 고용형태 자체를 바꿔달라는 요청보다, 증명서 상 실무 경험 기간을 인턴 활동 기간으로 정리해 받을 수 있는지 문의하는 방식이 바람직합니다. 다만 대기업일수록 인사 시스템이 4대보험 신고 이력과 연동되어 있어 고용형태를 임의로 바꿔 증명서를 발급해주기 어려운 경우가 많습니다. 건강보험자격득실확인서는 취득일과 상실일만 나오고 고용형태나 직급은 구분하지 않으므로, 자소서나 이력서에는 본인이 인턴 경험으로 서술하고 기간을 전체로 기재해도 서류상 모순이 없을 수 있습니다. 대부분의 채용 과정에서는 증명서보다 건강보험자격득실확인서로 재직 사실을 확인하는 경우가 많아 정규직/인턴 구분을 굳이 요구하지 않는 경우도 많습니다.",링커리어 멘토링 커뮤니티 크롤링,링커리어 취업고민(문과) 게시글(post_id=6506608),https://community.linkareer.com/mentoring/6506608 (채택 답변),인턴·정규직 혼재 경력의 증명서 기재 방법에 대한 멘토링 채택 답변 종합,2026-10-04,미검토,,상,"링커리어 취업 멘토링 Q&A의 채택 답변 기반, 질문자 개인정보는 일반화하여 제거 | 수집일: 2026-10-04",N,"인턴 후 짧게 정규직 전환되고 퇴사했을 때 인사팀에 증명서 기재를 어떻게 부탁해야 하나요?,인턴하다 정규직 전환되고 금방 퇴사했는데 인사팀에 증명서 어떻게 요청해?,인턴 후 정규직 전환되고 짧게 퇴사함 인사팀에 증명서 어케 말해요?,인턴 정규직 전환 후 퇴사 증명서 표기 요청,저는 인턴 후 정규직으로 전환됐다가 금방 퇴사했는데 인사팀에 증명서 표기를 어떻게 요청하나요?,인턴 후 정규직 전환 퇴사자의 증명서 요청 방법 좀 알려주세요,정규직 전환 후 퇴사 증명서,인턴에서 정규직 전환 후 퇴사한 경력의 증명서 발급을 인사팀에 어떻게 요청해야 하나요?,인턴 후 정규직 전환되고 짧게 퇴사한 걸 인사팀에 증명서 수정 요청해도 괜찮을까요?",인턴 후 짧게 정규직 전환되고 퇴사했을 때 인사팀에 증명서 기재를 어떻게 부탁해야 하나요?,인턴하다 정규직 전환되고 금방 퇴사했는데 인사팀에 증명서 어떻게 요청해?,인턴 후 정규직 전환되고 짧게 퇴사함 인사팀에 증명서 어케 말해요?,인턴 정규직 전환 후 퇴사 증명서 표기 요청,저는 인턴 후 정규직으로 전환됐다가 금방 퇴사했는데 인사팀에 증명서 표기를 어떻게 요청하나요?,인턴 후 정규직 전환 퇴사자의 증명서 요청 방법 좀 알려주세요,정규직 전환 후 퇴사 증명서,인턴에서 정규직 전환 후 퇴사한 경력의 증명서 발급을 인사팀에 어떻게 요청해야 하나요?,인턴 후 정규직 전환되고 짧게 퇴사한 걸 인사팀에 증명서 수정 요청해도 괜찮을까요?
248,285,L-C03-002,이력서·자소서,공통,"인턴증명서를 받지 않고 퇴사했을 때, 건강보험자격득실확인서로 경력을 증명할 수 있나요?","건강보험자격득실확인서, 건강보험가입증명원, 갑근세납입내역서 등으로도 재직 사실 증명이 가능합니다. 다만 이런 서류에는 부서나 담당 업무 내용이 기재되지 않으므로, 업무 내용까지 증빙하려면 담당자나 인사팀에 요청해 인턴수료증이나 경력증명서를 받는 것이 좋습니다. 건강보험자격득실확인서는 정부24에서 무료로 발급 가능하며, 4대보험 가입 이력이 있다면 취득일과 상실일로 재직 기간을 증명하는 용도로 널리 쓰입니다. 지원하는 곳에서 인턴증명서를 요구하더라도 대체 서류로 인정해주는 경우가 많으니, 지원 전에 해당 기업 인사담당자에게 가능 여부를 확인하는 것이 안전합니다.",링커리어 멘토링 커뮤니티 크롤링,링커리어 취업고민(문과) 게시글(post_id=6493626),https://community.linkareer.com/mentoring/6493626 (채택 답변),인턴 경력 증빙 서류 발급 방법에 대한 멘토링 채택 답변 종합,2026-10-04,미검토,,상,"링커리어 취업 멘토링 Q&A의 채택 답변 기반, 질문자 개인정보는 일반화하여 제거 | 수집일: 2026-10-04",N,"인턴증명서 없이 퇴사했다면 건강보험자격득실확인서로 경력 증빙이 되나요?,인턴증명서 안 받고 나왔는데 건강보험자격득실확인서로 경력 증명돼?,인턴증명서 못 받았는데 건보 자격득실확인서로 경력 인정됨?,인턴증명서 없을 때 건강보험자격득실확인서 경력 증명,저는 인턴증명서를 못 받고 퇴사했는데 건강보험자격득실확인서로 경력을 증명할 수 있을까요?,인턴증명서 대신 건강보험자격득실확인서로 경력 증명하는 법 좀 알려주세요,건강보험자격득실확인서 경력 증명,인턴증명서가 없을 때 건강보험자격득실확인서를 입사 서류의 경력 증빙으로 낼 수 있나요?,인턴증명서 없이 건강보험자격득실확인서만 내도 경력 인정에 문제없을까요?",인턴증명서 없이 퇴사했다면 건강보험자격득실확인서로 경력 증빙이 되나요?,인턴증명서 안 받고 나왔는데 건강보험자격득실확인서로 경력 증명돼?,인턴증명서 못 받았는데 건보 자격득실확인서로 경력 인정됨?,인턴증명서 없을 때 건강보험자격득실확인서 경력 증명,저는 인턴증명서를 못 받고 퇴사했는데 건강보험자격득실확인서로 경력을 증명할 수 있을까요?,인턴증명서 대신 건강보험자격득실확인서로 경력 증명하는 법 좀 알려주세요,건강보험자격득실확인서 경력 증명,인턴증명서가 없을 때 건강보험자격득실확인서를 입사 서류의 경력 증빙으로 낼 수 있나요?,인턴증명서 없이 건강보험자격득실확인서만 내도 경력 인정에 문제없을까요?
249,286,L-C04-001,경험·포트폴리오,영업·마케팅,영상 제작 중심의 경험으로 대기업 마케팅 직무에 지원하려면 어떤 부분을 어필해야 하나요?,"영상 중심 경험이라도 경쟁사 분석을 통한 조회수 상승, 광고 집행을 통한 전환율 개선처럼 데이터와 성과로 연결되는 지표가 있다면 마케팅 직무에서 높게 평가받을 수 있습니다. 자소서와 포트폴리오에서는 영상을 잘 만들었다는 제작 과정 설명보다, 어떤 타깃과 문제를 분석해 콘텐츠를 어떻게 개선했고 어떤 성과를 냈는지를 중심으로 서술하는 것이 중요합니다. 공모전 수상이나 데이터 분석 자격증은 기획력과 분석 역량을 보여주는 보조 소재로 활용할 수 있습니다. 브랜드 마케팅 경쟁이 치열한 경우, 콘텐츠 마케팅이나 디지털 마케팅처럼 보유 경험과 더 직접적으로 연결되는 직무까지 지원 범위를 넓히는 것이 현실적입니다.",링커리어 멘토링 커뮤니티 크롤링,링커리어 취업고민(문과) 게시글(post_id=6489311),https://community.linkareer.com/mentoring/6489311 (채택 답변),영상 제작 경험을 마케팅 직무 자소서에 녹이는 방법에 대한 멘토링 채택 답변 종합,2026-10-04,미검토,,중,"링커리어 취업 멘토링 Q&A의 채택 답변 기반, 질문자 개인정보는 일반화하여 제거 | 수집일: 2026-10-04",N,"영상 제작 위주 경험으로 대기업 마케팅 직무에 지원할 때 무엇을 강조해야 하나요?,영상 제작 경험만으로 대기업 마케팅 지원하면 뭘 어필해야 돼?,영상 제작 경험으로 대기업 마케팅 자소서 쓸 때 머 어필해요?,영상 제작 경험 대기업 마케팅 직무 어필 포인트,저는 영상 제작 경험이 대부분인데 대기업 마케팅 직무에 지원하려면 어떤 점을 어필해야 할까요?,영상 제작 경험으로 대기업 마케팅 직무 어필하는 법 좀 알려주세요,영상 제작 경험 마케팅 어필,영상 제작 중심의 활동 경험을 대기업 마케팅 직무 입사 지원에서 어떻게 보여줘야 하나요?,영상 제작 경험뿐이라 대기업 마케팅 직무 지원에 불리할까요?",영상 제작 위주 경험으로 대기업 마케팅 직무에 지원할 때 무엇을 강조해야 하나요?,영상 제작 경험만으로 대기업 마케팅 지원하면 뭘 어필해야 돼?,영상 제작 경험으로 대기업 마케팅 자소서 쓸 때 머 어필해요?,영상 제작 경험 대기업 마케팅 직무 어필 포인트,저는 영상 제작 경험이 대부분인데 대기업 마케팅 직무에 지원하려면 어떤 점을 어필해야 할까요?,영상 제작 경험으로 대기업 마케팅 직무 어필하는 법 좀 알려주세요,영상 제작 경험 마케팅 어필,영상 제작 중심의 활동 경험을 대기업 마케팅 직무 입사 지원에서 어떻게 보여줘야 하나요?,영상 제작 경험뿐이라 대기업 마케팅 직무 지원에 불리할까요?
250,287,L-C02-001,채용공고·지원전략,영업·마케팅,"영업/MD 등 여러 직무에 지원할 때, 어떤 직무를 우선순위에 두고 자격증은 추가로 따야 하나요?","영업·커머스·MD 등 여러 직무를 동일한 비중으로 지원하기보다, 보유한 경험과 가장 직결되는 직무를 1순위로 정하고 거기서 지원 범위를 넓혀가는 것이 서류 합격률을 높이는 데 유리합니다. 컴활 외에 데이터 관련 자격증(SQLD, ADsP 등)을 취업 불안 때문에 추가하는 것은 우선순위가 낮으며, 그보다는 기존 직무 경험에서 담당했던 고객, 목표, 행동, 성과를 구체적인 수치로 정리하는 것이 훨씬 중요합니다. 스펙은 기업·산업·직무별로 가중치가 다르므로 소위 '8대 스펙'에 현혹되기보다 이력서와 자기소개서를 하나의 직무에 맞춰 일관되게 구성하는 것이 좋습니다. 경험을 더 쌓느라 지원을 늦추기보다, 지금 가진 경험을 중심으로 적극적으로 지원하는 것이 추천됩니다.",링커리어 멘토링 커뮤니티 크롤링,링커리어 취업고민(문과) 게시글(post_id=6509607),https://community.linkareer.com/mentoring/6509607 (채택 답변),여러 직무 동시 지원 시 우선순위와 자격증 필요성에 대한 멘토링 채택 답변 종합,2026-10-04,미검토,,상,"링커리어 취업 멘토링 Q&A의 채택 답변 기반, 질문자 개인정보는 일반화하여 제거 | 수집일: 2026-10-04",N,"영업/MD 등 여러 직무에 지원할 때 어떤 직무를 먼저 고르고 자격증은 더 따야 하나요?,영업이랑 MD 같이 지원하는데 뭐 먼저 해야 하고 자격증 더 따야 돼?,영업 MD 여러 직무 지원 중인데 우선순위랑 자격증 어케 해요?,영업 MD 직무 우선순위 자격증 추가,저는 영업과 MD 등 여러 직무에 지원하고 있는데 우선순위와 자격증 추가 여부를 어떻게 정할까요?,영업 MD 여러 직무 지원할 때 우선순위 정하는 법 좀 알려주세요,영업 MD 우선순위,영업/MD 등 복수 직무로 입사 지원할 때 1순위 직무와 추가 자격증은 어떻게 정해야 하나요?,영업이랑 MD를 동시에 지원하면 불리하고 자격증도 더 필요할까요?",영업/MD 등 여러 직무에 지원할 때 어떤 직무를 먼저 고르고 자격증은 더 따야 하나요?,영업이랑 MD 같이 지원하는데 뭐 먼저 해야 하고 자격증 더 따야 돼?,영업 MD 여러 직무 지원 중인데 우선순위랑 자격증 어케 해요?,영업 MD 직무 우선순위 자격증 추가,저는 영업과 MD 등 여러 직무에 지원하고 있는데 우선순위와 자격증 추가 여부를 어떻게 정할까요?,영업 MD 여러 직무 지원할 때 우선순위 정하는 법 좀 알려주세요,영업 MD 우선순위,영업/MD 등 복수 직무로 입사 지원할 때 1순위 직무와 추가 자격증은 어떻게 정해야 하나요?,영업이랑 MD를 동시에 지원하면 불리하고 자격증도 더 필요할까요?
251,288,L-C04-002,경험·포트폴리오,연구·엔지니어링·제조기술,연구개발 직무 지원 시 논문/연구 실적 첨부파일(PDF)은 어떻게 구성해야 하나요?,"논문/연구과제 첨부파일은 PPT 4~5장 분량으로 핵심 내용을 정리한 뒤 PDF로 변환해 제출하는 방식이 효과적입니다. 첫 장에는 전체 연구 실적을 요약한 표를 넣고, 이어지는 장들에는 대표 연구와 투고 중인 논문의 핵심 내용, 수치화된 성과, 지원 직무와의 연관성을 순서대로 정리하는 것이 좋습니다. 긴 텍스트 나열보다는 핵심 그래프와 수치 중심으로 구성하고, 지원하는 직무와 가장 관련이 깊은 연구를 앞쪽에 배치해 우선순위를 두는 것이 평가자에게 더 잘 전달됩니다. 투고 중인 논문의 미공개 데이터는 보안을 고려해 경향성 위주로 재구성하고, 자소서 텍스트란에는 연구 과정과 문제 해결 스토리를, PDF에는 정량적 성과를 시각적으로 보여주는 방식으로 역할을 나누는 것이 좋습니다.",링커리어 멘토링 커뮤니티 크롤링,링커리어 취업고민(문과) 게시글(post_id=6488260),https://community.linkareer.com/mentoring/6488260 (채택 답변),연구개발 직무 지원 시 논문 포트폴리오 PDF 구성 방법에 대한 멘토링 채택 답변 종합,2026-10-04,미검토,,중,"링커리어 취업 멘토링 Q&A의 채택 답변 기반, 질문자 개인정보는 일반화하여 제거 | 수집일: 2026-10-04",N,"연구개발 직무 지원할 때 논문이나 연구 실적 PDF 첨부는 어떤 식으로 만들어야 하나요?,연구개발 지원하는데 논문 연구 실적 PDF 어떻게 꾸며?,R&D 직무 지원 때 논문 실적 첨부 PDF 어케 구성해요?,연구개발 직무 논문 연구 실적 PDF 구성,저는 연구개발 직무에 지원하는데 논문과 연구 실적 첨부 PDF를 어떻게 구성해야 할까요?,연구개발 직무 논문 연구 실적 첨부파일 구성법 좀 알려주세요,연구 실적 PDF 구성,연구개발 직무 입사 지원 서류로 내는 논문 연구 실적 PDF는 어떻게 정리하나요?,연구개발 직무 지원 시 논문 연구 실적 PDF를 길게 만들면 불리할까요?",연구개발 직무 지원할 때 논문이나 연구 실적 PDF 첨부는 어떤 식으로 만들어야 하나요?,연구개발 지원하는데 논문 연구 실적 PDF 어떻게 꾸며?,R&D 직무 지원 때 논문 실적 첨부 PDF 어케 구성해요?,연구개발 직무 논문 연구 실적 PDF 구성,저는 연구개발 직무에 지원하는데 논문과 연구 실적 첨부 PDF를 어떻게 구성해야 할까요?,연구개발 직무 논문 연구 실적 첨부파일 구성법 좀 알려주세요,연구 실적 PDF 구성,연구개발 직무 입사 지원 서류로 내는 논문 연구 실적 PDF는 어떻게 정리하나요?,연구개발 직무 지원 시 논문 연구 실적 PDF를 길게 만들면 불리할까요?
252,289,L-C04-003,경험·포트폴리오,금융·회계,해외 회계감사 경력과 AICPA 일부 과목 합격이 국내 재무/경영지원 신입 지원에서 강점이 될 수 있나요?,"해외 회계감사 실무 경력과 AICPA 일부 과목 합격은 회계·재무 직무에 대한 기본 역량을 보여주는 강점으로 작용할 수 있습니다. 다만 국내 대기업 재무·경영지원 직무에는 국내 자격증 취득자나 빅펌 출신 지원자도 많아, 해외 경력만으로 서류가 드라마틱하게 통과되지는 않습니다. 중요한 것은 자격증 자체보다 실제로 어떤 업무를 했는지이므로, 감사 업무에서의 재무제표 검토, 데이터 분석, 내부통제 경험 등을 자소서에 구체적으로 풀어내는 것이 좋습니다. 남은 자격증 과목은 가능하면 마무리하는 것이 좋지만, 합격 전이라고 지원을 미룰 필요는 없으며 재무·회계뿐 아니라 경영지원 직무까지 폭넓게 지원할 만합니다.",링커리어 멘토링 커뮤니티 크롤링,링커리어 취업고민(문과) 게시글(post_id=6507928),https://community.linkareer.com/mentoring/6507928 (채택 답변),해외 경력·자격증을 국내 재무·회계 직무 지원에 활용하는 방법에 대한 멘토링 채택 답변 종합,2026-10-04,미검토,,중,"링커리어 취업 멘토링 Q&A의 채택 답변 기반, 질문자 개인정보는 일반화하여 제거 | 수집일: 2026-10-04",N,"해외 회계감사 경력과 AICPA 일부 과목 합격이 국내 재무/경영지원 신입 채용에서 장점이 되나요?,해외 회계감사 경력이랑 AICPA 몇 과목 합격이면 국내 재무 경영지원 신입에 도움 돼?,해외 회계감사 경력에 AICPA 일부 합이면 국내 재무 경영지원 신입 스펙으로 먹혀요?,해외 회계감사 경력 AICPA 일부 합격 국내 재무 경영지원 신입,저는 해외 회계감사 경력과 AICPA 일부 과목 합격이 있는데 국내 재무/경영지원 신입 지원에 강점이 될까요?,해외 회계감사 경력과 AICPA 일부 합격이 국내 재무 경영지원 신입에 어떤지 알려주세요,해외 감사 경력 AICPA 강점,해외 회계감사 경력과 AICPA 일부 과목 합격은 국내 재무/경영지원 신입 입사 지원에서 어떻게 평가되나요?,해외 회계감사 경력과 AICPA 일부 합격만으로 국내 재무 경영지원 신입 지원하면 불리할까요?",해외 회계감사 경력과 AICPA 일부 과목 합격이 국내 재무/경영지원 신입 채용에서 장점이 되나요?,해외 회계감사 경력이랑 AICPA 몇 과목 합격이면 국내 재무 경영지원 신입에 도움 돼?,해외 회계감사 경력에 AICPA 일부 합이면 국내 재무 경영지원 신입 스펙으로 먹혀요?,해외 회계감사 경력 AICPA 일부 합격 국내 재무 경영지원 신입,저는 해외 회계감사 경력과 AICPA 일부 과목 합격이 있는데 국내 재무/경영지원 신입 지원에 강점이 될까요?,해외 회계감사 경력과 AICPA 일부 합격이 국내 재무 경영지원 신입에 어떤지 알려주세요,해외 감사 경력 AICPA 강점,해외 회계감사 경력과 AICPA 일부 과목 합격은 국내 재무/경영지원 신입 입사 지원에서 어떻게 평가되나요?,해외 회계감사 경력과 AICPA 일부 합격만으로 국내 재무 경영지원 신입 지원하면 불리할까요?
253,290,L-C03-003,이력서·자소서,공통,"인턴 후 짧은 정규직 기간이 있는 경력을 인사팀이 전부 '사원'으로 발급해준다고 할 때, 자소서/이력서에는 어떻게 기재해야 하나요?","회사에서 전체 기간을 사원으로 발급해주는 상황이라면, 짧은 정규직 경험을 숨기기보다 퇴사 사유와 지원 동기를 명확하게 설명하는 쪽이 더 안전합니다. 인턴 중에도 직급이 사원으로 되어 있는 경우가 흔하므로 증명서상 표기와 자소서 서술이 다소 달라도 크게 문제되지 않는다는 의견도 있습니다. 전체 기간을 하나의 경력으로 기재한 뒤, 자소서 경력란에 인턴 기간과 이후 정규직 기간을 나누어 설명하는 방식도 가능합니다. 짧게 근무하고 이직을 준비하게 된 이유는 희망하는 진로가 명확했다는 식으로 설명하면 충분히 소명할 수 있습니다.",링커리어 멘토링 커뮤니티 크롤링,링커리어 취업고민(문과) 게시글(post_id=6517352),https://community.linkareer.com/mentoring/6517352 (채택 답변),인턴·정규직이 혼재된 경력의 자소서·이력서 기재 방법에 대한 멘토링 채택 답변 종합,2026-10-04,미검토,,상,"링커리어 취업 멘토링 Q&A의 채택 답변 기반, 질문자 개인정보는 일반화하여 제거 | 수집일: 2026-10-04",N,"인턴 후 짧은 정규직 기간까지 인사팀이 모두 사원으로 발급해준다면 자소서와 이력서에는 어떻게 적어야 하나요?,인턴이랑 짧은 정규직을 인사팀이 다 사원으로 떼준대 자소서 이력서엔 어떻게 써?,인턴 후 짧은 정규직 경력 전부 사원으로 발급됨 자소서 이력서 어케 적어요?,인턴 짧은 정규직 전부 사원 발급 이력서 자소서 기재,저는 인턴 후 짧은 정규직 기간이 있는데 인사팀이 전부 사원으로 발급해준다고 해서 이력서와 자소서 기재가 고민이에요,인턴과 짧은 정규직이 모두 사원으로 발급될 때 이력서 자소서 작성법 좀 알려주세요,전부 사원 발급 이력서 기재,인턴 후 짧은 정규직 경력 증명서가 전부 사원으로 나올 때 이력서와 자소서의 경력 기재는 어떻게 하나요?,인턴 후 짧은 정규직 기간을 사원으로 적어도 문제 되지 않을까요?",인턴 후 짧은 정규직 기간까지 인사팀이 모두 사원으로 발급해준다면 자소서와 이력서에는 어떻게 적어야 하나요?,인턴이랑 짧은 정규직을 인사팀이 다 사원으로 떼준대 자소서 이력서엔 어떻게 써?,인턴 후 짧은 정규직 경력 전부 사원으로 발급됨 자소서 이력서 어케 적어요?,인턴 짧은 정규직 전부 사원 발급 이력서 자소서 기재,저는 인턴 후 짧은 정규직 기간이 있는데 인사팀이 전부 사원으로 발급해준다고 해서 이력서와 자소서 기재가 고민이에요,인턴과 짧은 정규직이 모두 사원으로 발급될 때 이력서 자소서 작성법 좀 알려주세요,전부 사원 발급 이력서 기재,인턴 후 짧은 정규직 경력 증명서가 전부 사원으로 나올 때 이력서와 자소서의 경력 기재는 어떻게 하나요?,인턴 후 짧은 정규직 기간을 사원으로 적어도 문제 되지 않을까요?
254,291,L-C06-002,역량개발·준비계획,영업·마케팅,마케팅/영업 직무를 준비할 때 컴활이나 데이터·회계 관련 자격증을 추가로 취득해야 하나요?,"마케팅·영업 직무에서는 자격증 부족이 가장 큰 약점은 아니며, 컴활이나 데이터·회계 관련 자격증을 취업을 위해 여러 개 추가로 따는 것은 우선순위가 낮습니다. 오히려 기존 인턴이나 대외활동 경험에서 담당한 업무, 발견한 문제, 실행한 내용, 매출/전환/유입 등 구체적인 성과를 정리하는 것이 더 중요합니다. 마케팅과 영업 중 지원 방향을 먼저 좁히고, 기존 경험을 해당 직무에 맞게 자소서와 포트폴리오로 정리해 바로 지원하는 것이 추천됩니다. 데이터 분석 역량이 필요한 경우에도 자격증보다는 실제 데이터를 활용해 문제를 해결해본 경험이 더 설득력이 있습니다.",링커리어 멘토링 커뮤니티 크롤링,링커리어 취업고민(문과) 게시글(post_id=6525458),https://community.linkareer.com/mentoring/6525458 (채택 답변),마케팅·영업 직무 준비 시 자격증 필요성에 대한 멘토링 채택 답변 종합,2026-10-04,미검토,,중,"링커리어 취업 멘토링 Q&A의 채택 답변 기반, 질문자 개인정보는 일반화하여 제거 | 수집일: 2026-10-04",N,"마케팅/영업 직무 준비할 때 컴활이나 데이터·회계 자격증을 더 따야 하나요?,마케팅 영업 준비하는데 컴활이나 데이터 회계 자격증 더 따야 돼?,마케팅 영업 취준 중인데 컴활 데이터 회계 자격증 필수임?,마케팅 영업 직무 컴활 데이터 회계 자격증 필요성,저는 마케팅/영업 직무를 준비 중인데 컴활이나 데이터·회계 자격증을 추가로 따야 할까요?,마케팅 영업 직무에 컴활 데이터 회계 자격증이 필요한지 알려주세요,마케팅 영업 컴활 자격증,마케팅/영업 직무 취업 준비에서 컴활과 데이터·회계 자격증 추가 취득이 필요한가요?,마케팅 영업 직무에 컴활이나 데이터 회계 자격증이 없으면 불리할까요?",마케팅/영업 직무 준비할 때 컴활이나 데이터·회계 자격증을 더 따야 하나요?,마케팅 영업 준비하는데 컴활이나 데이터 회계 자격증 더 따야 돼?,마케팅 영업 취준 중인데 컴활 데이터 회계 자격증 필수임?,마케팅 영업 직무 컴활 데이터 회계 자격증 필요성,저는 마케팅/영업 직무를 준비 중인데 컴활이나 데이터·회계 자격증을 추가로 따야 할까요?,마케팅 영업 직무에 컴활 데이터 회계 자격증이 필요한지 알려주세요,마케팅 영업 컴활 자격증,마케팅/영업 직무 취업 준비에서 컴활과 데이터·회계 자격증 추가 취득이 필요한가요?,마케팅 영업 직무에 컴활이나 데이터 회계 자격증이 없으면 불리할까요?
255,292,L-C02-002,채용공고·지원전략,생산·물류·서비스,"확정된 인턴 출근과 결과를 기다리고 있는 다른 기업 지원 사이에서, 학점 하락을 감수하고 인턴을 시작하는 것이 맞을까요?","확정된 인턴 기회가 있다면 결과가 불확실한 다른 기업의 전형을 기다리기보다 우선 출근을 선택하고, 재직하면서 다른 공채 지원을 병행하는 것이 리스크를 줄이는 방법입니다. 취업계 등으로 학점이 다소 하락하더라도, 졸업 학년 시점에서는 학점보다 실제 직무 경험을 쌓는 것이 취업 가능성에 더 큰 영향을 줍니다. 이미 서류를 통과한 다른 기업의 결과가 아직 나오지 않았다면, 인턴 입사와 무관하게 해당 전형과 하반기 공채 지원을 계속 이어가도 됩니다. 학점이 한 단계 떨어지는 정도는 대부분의 경우 지원 결과에 결정적인 영향을 주지 않습니다.",링커리어 멘토링 커뮤니티 크롤링,링커리어 취업고민(문과) 게시글(post_id=6537695),https://community.linkareer.com/mentoring/6537695 (채택 답변),인턴 입사와 학점·다른 전형 결과 대기 사이의 병행 전략에 대한 멘토링 채택 답변 종합,2026-10-04,미검토,,상,"링커리어 취업 멘토링 Q&A의 채택 답변 기반, 질문자 개인정보는 일반화하여 제거 | 수집일: 2026-10-04",N,"확정된 인턴 출근과 결과 대기 중인 다른 기업 전형 사이에서 학점이 떨어지더라도 인턴을 시작해야 할까요?,인턴 확정됐는데 다른 기업 결과 기다리는 중이야 학점 떨어져도 인턴 가는 게 맞아?,인턴 출근 확정이고 다른 데 결과 대기 중인데 학점 깎여도 인턴 가요?,인턴 출근 다른 기업 결과 대기 학점 하락,저는 인턴 출근이 확정됐고 다른 기업 결과를 기다리는데 학점이 떨어져도 인턴을 시작할까요?,확정 인턴과 다른 기업 결과 대기 사이 학점 고민 해결법 좀 알려주세요,인턴 출근 학점 하락,확정된 인턴 출근과 다른 기업 입사 전형 결과 대기 중 학점 하락을 감수해도 될까요?,학점 하락을 감수하고 확정된 인턴을 시작하면 나중에 불리할까요?",확정된 인턴 출근과 결과 대기 중인 다른 기업 전형 사이에서 학점이 떨어지더라도 인턴을 시작해야 할까요?,인턴 확정됐는데 다른 기업 결과 기다리는 중이야 학점 떨어져도 인턴 가는 게 맞아?,인턴 출근 확정이고 다른 데 결과 대기 중인데 학점 깎여도 인턴 가요?,인턴 출근 다른 기업 결과 대기 학점 하락,저는 인턴 출근이 확정됐고 다른 기업 결과를 기다리는데 학점이 떨어져도 인턴을 시작할까요?,확정 인턴과 다른 기업 결과 대기 사이 학점 고민 해결법 좀 알려주세요,인턴 출근 학점 하락,확정된 인턴 출근과 다른 기업 입사 전형 결과 대기 중 학점 하락을 감수해도 될까요?,학점 하락을 감수하고 확정된 인턴을 시작하면 나중에 불리할까요?
256,293,L-C03-004,이력서·자소서,공통,취업용 증명사진을 AI로 의상이나 헤어스타일만 수정해도 괜찮나요?,"의상이나 헤어스타일 정도의 가벼운 보정은 실제 취업 시장에서도 흔히 쓰이는 방법이라 크게 문제가 되지 않는다는 의견이 많습니다. 다만 채용 과정이 보수적인 경향이 있어 AI 보정 흔적이 부자연스럽게 느껴질 가능성을 우려하는 의견도 있어, 가능하다면 자연스러운 원본 사진을 사용하는 것이 더 안전할 수 있습니다. 중요한 것은 얼굴 자체를 변형하지 않는 것으로, 실물과 차이가 크게 나면 면접 때 역효과가 날 수 있습니다. 의상과 헤어 정도의 보정이라면 일반적으로 수용되는 수준으로 볼 수 있습니다.",링커리어 멘토링 커뮤니티 크롤링,링커리어 취업고민(문과) 게시글(post_id=6508255),https://community.linkareer.com/mentoring/6508255 (채택 답변),증명사진 AI 보정 허용 범위에 대한 멘토링 채택 답변 종합,2026-10-04,미검토,,상,"링커리어 취업 멘토링 Q&A의 채택 답변 기반, 질문자 개인정보는 일반화하여 제거 | 수집일: 2026-10-04",N,"취업용 증명사진에서 AI로 옷이나 머리 모양만 바꿔도 문제없나요?,취업 증명사진 AI로 옷이랑 머리만 바꿔도 돼?,취업 증사 AI로 의상 헤어만 보정해도 괜찮음?,취업 증명사진 AI 의상 헤어 보정,저는 취업용 증명사진을 AI로 의상과 헤어만 바꾸려는데 괜찮을까요?,취업용 증명사진 AI 의상 헤어 수정해도 되는지 알려주세요,증명사진 AI 보정,입사 지원서에 넣는 취업용 증명사진을 AI로 의상과 헤어스타일만 수정해도 되나요?,취업용 증명사진을 AI로 의상 헤어만 고치면 불리하게 보일까요?",취업용 증명사진에서 AI로 옷이나 머리 모양만 바꿔도 문제없나요?,취업 증명사진 AI로 옷이랑 머리만 바꿔도 돼?,취업 증사 AI로 의상 헤어만 보정해도 괜찮음?,취업 증명사진 AI 의상 헤어 보정,저는 취업용 증명사진을 AI로 의상과 헤어만 바꾸려는데 괜찮을까요?,취업용 증명사진 AI 의상 헤어 수정해도 되는지 알려주세요,증명사진 AI 보정,입사 지원서에 넣는 취업용 증명사진을 AI로 의상과 헤어스타일만 수정해도 되나요?,취업용 증명사진을 AI로 의상 헤어만 고치면 불리하게 보일까요?
257,294,L-C05-001,면접·인적성,공통,삼성 GSAT을 영어로 응시하면 유리한 점이 있나요?,"영어 GSAT은 주로 해외대 졸업자나 외국인 전형, 글로벌 채용 트랙에 배정되는 경우가 많아 상대적으로 경쟁 압박이 덜하다는 의견이 있습니다. 다만 공식적으로 영어 응시에 가산점이 있거나 난이도가 낮아진다는 안내는 없습니다. GSAT 자체가 시간 제약이 큰 시험이라, 한국어만큼 영어 지문을 편하게 읽을 수 있는 수준이 아니라면 오히려 시간 소요가 늘어나 불리할 수 있습니다. 결국 본인의 영어 독해 속도와 영어 적성시험 경험 여부에 따라 선택하는 것이 바람직합니다.",링커리어 멘토링 커뮤니티 크롤링,링커리어 취업고민(문과) 게시글(post_id=6504274),https://community.linkareer.com/mentoring/6504274 (채택 답변),GSAT 영어 응시의 유불리에 대한 멘토링 채택 답변 종합,2026-10-04,미검토,,상,"링커리어 취업 멘토링 Q&A의 채택 답변 기반, 질문자 개인정보는 일반화하여 제거 | 수집일: 2026-10-04",N,"삼성 GSAT을 영어로 치르면 이점이 있나요?,삼성 GSAT 영어로 보면 유리해?,삼성 인적성 GSAT 영어 응시하면 더 쉬움?,삼성 GSAT 영어 응시 장점,저는 영어가 편한데 삼성 GSAT을 영어로 응시하면 유리할까요?,삼성 GSAT 영어 응시의 장점 좀 알려주세요,GSAT 영어 응시,삼성 채용의 GSAT 시험을 영어로 응시하면 혜택이 있나요?,삼성 GSAT을 영어로 보면 오히려 불리하지 않을까요?",삼성 GSAT을 영어로 치르면 이점이 있나요?,삼성 GSAT 영어로 보면 유리해?,삼성 인적성 GSAT 영어 응시하면 더 쉬움?,삼성 GSAT 영어 응시 장점,저는 영어가 편한데 삼성 GSAT을 영어로 응시하면 유리할까요?,삼성 GSAT 영어 응시의 장점 좀 알려주세요,GSAT 영어 응시,삼성 채용의 GSAT 시험을 영어로 응시하면 혜택이 있나요?,삼성 GSAT을 영어로 보면 오히려 불리하지 않을까요?
258,295,L-C04-004,경험·포트폴리오,영업·마케팅,"여러 대외활동은 많지만 뚜렷한 성과 수치가 없는 경우, 마케팅 직무 지원 시 무엇을 보완해야 하나요?","활동 개수는 충분한 편이라도 실제로 어떤 타깃을 대상으로 어떤 콘텐츠를 기획했고 어떤 반응과 성과를 만들었는지가 더 중요하게 평가됩니다. 조회수나 바이럴 경험처럼 일부라도 성과가 있는 사례가 있다면, 단순 운영 경험으로 적지 않고 기획 배경, 타깃, 제작 방식, 성과와 성공 요인을 깊이 있게 하나의 사례로 정리하는 것이 좋습니다. 여러 활동을 비슷한 비중으로 나열하면 오히려 본인의 역량이 흐려질 수 있으므로, 가장 자신 있는 경험 한두 개를 역할-성과-인사이트 중심으로 압축해 포트폴리오에 녹이는 것이 추천됩니다. 자격증이 없다는 점이 탈락의 핵심 원인으로 보기는 어려우며, 지원 기업 범위를 대기업에 한정하지 않고 중견기업·스타트업까지 넓혀 실무 경험을 쌓는 것도 현실적인 방법입니다.",링커리어 멘토링 커뮤니티 크롤링,링커리어 취업고민(문과) 게시글(post_id=6503141),https://community.linkareer.com/mentoring/6503141 (채택 답변),성과 지표가 약한 대외활동을 마케팅 직무 포트폴리오로 정리하는 방법에 대한 멘토링 채택 답변 종합,2026-10-04,미검토,,중,"링커리어 취업 멘토링 Q&A의 채택 답변 기반, 질문자 개인정보는 일반화하여 제거 | 수집일: 2026-10-04",N,"대외활동은 많은데 성과 수치가 뚜렷하지 않으면 마케팅 직무 지원 때 무엇을 채워야 하나요?,대외활동은 많은데 성과 숫자가 없어 마케팅 지원하려면 뭘 보완해?,대외활 많이 했는데 성과 수치 없음 마케팅 직무 머 보완해요?,대외활동 성과 수치 부족 마케팅 직무 보완,저는 대외활동이 많은데 뚜렷한 성과 수치가 없어서 마케팅 직무 지원 때 무엇을 보완할지 고민이에요,성과 수치 없는 대외활동으로 마케팅 직무 지원할 때 보완법 좀 알려주세요,대외활동 성과 수치 없음,대외활동 경험은 많지만 성과 지표가 없을 때 마케팅 직무 입사 지원에서 무엇을 보완해야 하나요?,대외활동에 성과 수치가 없으면 마케팅 직무 지원에서 불리할까요?",대외활동은 많은데 성과 수치가 뚜렷하지 않으면 마케팅 직무 지원 때 무엇을 채워야 하나요?,대외활동은 많은데 성과 숫자가 없어 마케팅 지원하려면 뭘 보완해?,대외활 많이 했는데 성과 수치 없음 마케팅 직무 머 보완해요?,대외활동 성과 수치 부족 마케팅 직무 보완,저는 대외활동이 많은데 뚜렷한 성과 수치가 없어서 마케팅 직무 지원 때 무엇을 보완할지 고민이에요,성과 수치 없는 대외활동으로 마케팅 직무 지원할 때 보완법 좀 알려주세요,대외활동 성과 수치 없음,대외활동 경험은 많지만 성과 지표가 없을 때 마케팅 직무 입사 지원에서 무엇을 보완해야 하나요?,대외활동에 성과 수치가 없으면 마케팅 직무 지원에서 불리할까요?
259,296,L-C05-002,면접·인적성,경영·사무·인사,인사 직무를 준비하며 대기업 인적성을 처음 공부할 때 어떻게 시작해야 하나요?,"인적성은 대부분 독학으로 준비하는 경우가 많고, 기업마다 유형이 조금씩 다르기 때문에 한두 권의 책으로 모든 기업을 완벽히 대비하기는 어렵습니다. 다만 서류 통과율이 높아 많은 지원자가 응시하게 되는 삼성 GSAT을 기준으로 먼저 준비하면, 다른 대기업 시험과 겹치는 과목이 많아 효율적입니다. 기본서 한두 권으로 기본기를 다진 뒤, 부족한 부분은 보완 강의나 유튜브 콘텐츠로 채우고, 이후 실제 서류에 합격한 기업의 시험 유형에 맞춰 추가 교재로 보완하는 방식이 추천됩니다. 모든 기업에 완벽히 맞춘 준비보다는 기본기를 탄탄히 잡고 기업별 특성에 유연하게 확장해나가는 전략이 효과적입니다.",링커리어 멘토링 커뮤니티 크롤링,링커리어 취업고민(문과) 게시글(post_id=6488720),https://community.linkareer.com/mentoring/6488720 (채택 답변),인적성검사 공부법과 교재 선택에 대한 멘토링 채택 답변 종합,2026-10-04,미검토,,상,"링커리어 취업 멘토링 Q&A의 채택 답변 기반, 질문자 개인정보는 일반화하여 제거 | 수집일: 2026-10-04",N,"인사 직무 준비 중 대기업 인적성을 처음 공부한다면 무엇부터 해야 하나요?,인사 직무 준비하는데 대기업 인적성 처음이야 어떻게 시작해?,인사 직무 취준 중인데 대기업 인적성 처음이라 어케 시작해요?,인사 직무 대기업 인적성 공부 시작 방법,저는 인사 직무를 준비하는데 대기업 인적성을 처음 공부하려면 어떻게 시작할까요?,인사 직무 준비생의 대기업 인적성 공부 시작법 좀 알려주세요,대기업 인적성 처음 공부,인사 직무 취업 준비에서 대기업 인적성 시험 공부는 어떻게 시작하면 되나요?,인사 직무 준비하면서 대기업 인적성을 이제 시작해도 늦지 않을까요?",인사 직무 준비 중 대기업 인적성을 처음 공부한다면 무엇부터 해야 하나요?,인사 직무 준비하는데 대기업 인적성 처음이야 어떻게 시작해?,인사 직무 취준 중인데 대기업 인적성 처음이라 어케 시작해요?,인사 직무 대기업 인적성 공부 시작 방법,저는 인사 직무를 준비하는데 대기업 인적성을 처음 공부하려면 어떻게 시작할까요?,인사 직무 준비생의 대기업 인적성 공부 시작법 좀 알려주세요,대기업 인적성 처음 공부,인사 직무 취업 준비에서 대기업 인적성 시험 공부는 어떻게 시작하면 되나요?,인사 직무 준비하면서 대기업 인적성을 이제 시작해도 늦지 않을까요?
260,297,L-C05-003,면접·인적성,공통,인적성 시험을 3주 정도의 짧은 기간 안에 준비해야 할 때 어떻게 공부해야 하나요?,"인적성을 미리 준비하는 경우가 많지 않아 3주 정도의 기간도 충분히 활용할 수 있다는 의견이 있습니다. 가장 기본이 되는 유형부터 시작해 노하우를 알려주는 강의나 영상으로 빠르게 기초를 다지는 것이 추천됩니다. 시간이 타이트한 경우 실전처럼 모의고사를 먼저 풀어보고, 본인이 어려워하거나 시간이 많이 소요되는 유형을 파악해 그 영역에 시간을 집중 투자하는 방식이 효율적입니다. 온라인으로 진행되는 시험 방식에도 익숙해지도록 온라인 환경에서 미리 풀어보는 연습도 함께 하는 것이 좋습니다.",링커리어 멘토링 커뮤니티 크롤링,링커리어 취업고민(문과) 게시글(post_id=6534145),https://community.linkareer.com/mentoring/6534145 (채택 답변),단기간 인적성검사 준비 방법에 대한 멘토링 채택 답변 종합,2026-10-04,미검토,,상,"링커리어 취업 멘토링 Q&A의 채택 답변 기반, 질문자 개인정보는 일반화하여 제거 | 수집일: 2026-10-04",N,"인적성 시험을 3주라는 짧은 기간에 준비하려면 어떻게 공부해야 하나요?,인적성 3주밖에 안 남았는데 어떻게 공부해?,인적성 3주 벼락치기 어케 해요?,인적성 3주 단기 공부법,저는 인적성 시험까지 3주 정도 남았는데 어떻게 공부하면 좋을까요?,인적성 시험 3주 준비 방법 좀 알려주세요,인적성 3주 준비,입사 전형의 인적성 시험을 3주 안에 대비하려면 어떤 순서로 공부하나요?,인적성을 3주만 준비해도 괜찮을까요?",인적성 시험을 3주라는 짧은 기간에 준비하려면 어떻게 공부해야 하나요?,인적성 3주밖에 안 남았는데 어떻게 공부해?,인적성 3주 벼락치기 어케 해요?,인적성 3주 단기 공부법,저는 인적성 시험까지 3주 정도 남았는데 어떻게 공부하면 좋을까요?,인적성 시험 3주 준비 방법 좀 알려주세요,인적성 3주 준비,입사 전형의 인적성 시험을 3주 안에 대비하려면 어떤 순서로 공부하나요?,인적성을 3주만 준비해도 괜찮을까요?
261,298,L-C03-005,이력서·자소서,공통,지원서에 어학 성적을 하나만 기재하라는 안내가 있었는데 다른 성적을 추가로 기재했다면 불이익이 있나요?,"허위 점수를 기재하거나 점수를 부풀린 것이 아니라면, 스피킹 점수 외에 다른 어학 성적을 추가로 기재한 정도는 지원자격 미충족이나 허위기재와는 성격이 다릅니다. 어떤 어학 성적을 평가에 반영할지는 기업의 채용 기준에 따라 결정되며, 인정 대상이 아닌 성적은 평가에서 단순히 제외될 가능성이 높습니다. 지원서 수정이 가능하다면 안내에 맞게 정리하는 것이 가장 깔끔하지만, 이미 제출한 상태라면 이 때문에 불이익을 받을까 지나치게 걱정할 필요는 없다는 의견이 많습니다. 이후 전형 준비에 집중하는 것이 더 바람직합니다.",링커리어 멘토링 커뮤니티 크롤링,링커리어 취업고민(문과) 게시글(post_id=6518440),https://community.linkareer.com/mentoring/6518440 (채택 답변),지원서 어학 성적 중복 기재에 대한 멘토링 채택 답변 종합,2026-10-04,미검토,,상,"링커리어 취업 멘토링 Q&A의 채택 답변 기반, 질문자 개인정보는 일반화하여 제거 | 수집일: 2026-10-04",N,"지원서에 어학 성적을 한 개만 쓰라고 했는데 다른 성적까지 적었다면 불이익을 받나요?,어학 성적 하나만 쓰라 했는데 다른 것도 적었어 불이익 있어?,지원서 어학 성적 하나만 적으랬는데 추가로 씀 서탈 사유임?,어학 성적 하나만 기재 안내 추가 기재 불이익,저는 지원서에 어학 성적을 하나만 쓰라는 안내를 놓치고 다른 성적도 적었는데 불이익이 있을까요?,어학 성적 하나만 쓰라는데 추가 기재했을 때 어떻게 되는지 알려주세요,어학 성적 추가 기재,입사 지원서에 어학 성적 하나만 기재하라는 안내를 어기고 추가로 적으면 불이익이 있나요?,어학 성적을 하나 더 적어서 냈는데 불리해지지 않을까요?",지원서에 어학 성적을 한 개만 쓰라고 했는데 다른 성적까지 적었다면 불이익을 받나요?,어학 성적 하나만 쓰라 했는데 다른 것도 적었어 불이익 있어?,지원서 어학 성적 하나만 적으랬는데 추가로 씀 서탈 사유임?,어학 성적 하나만 기재 안내 추가 기재 불이익,저는 지원서에 어학 성적을 하나만 쓰라는 안내를 놓치고 다른 성적도 적었는데 불이익이 있을까요?,어학 성적 하나만 쓰라는데 추가 기재했을 때 어떻게 되는지 알려주세요,어학 성적 추가 기재,입사 지원서에 어학 성적 하나만 기재하라는 안내를 어기고 추가로 적으면 불이익이 있나요?,어학 성적을 하나 더 적어서 냈는데 불리해지지 않을까요?
262,299,L-C06-003,역량개발·준비계획,금융·회계,금융권(은행·금융공기업) 취업을 목표로 할 때 자격증과 어학 성적을 어떤 방향으로 보완해야 하나요?,"시중은행과 금융공기업은 평가 방식이 달라 병행이 쉽지 않으므로, 먼저 어느 쪽에 집중할지 방향을 정하는 것이 좋습니다. 시중은행 쪽은 어학 스피킹 점수를 끌어올리고 인턴 경험을 추가로 쌓는 것이 유리하며, 공기업 쪽은 어학 점수 만기를 관리하면서 NCS와 전공 필기 준비에 더 많은 시간을 투자하는 것이 중요합니다. 직무 관련 자격증은 어문계열 전공자의 금융 직무 적합성을 보여주는 데 도움이 되고, 데이터 분석 자격증 취득도 가점 요소로 활용할 수 있습니다. 인턴 경험이 부족하다고 느껴진다면 기자단이나 봉사활동, 짧은 공공기관 인턴 경험을 커뮤니케이션 역량이나 문제해결 경험으로 풀어내는 방식으로 보완할 수 있습니다.",링커리어 멘토링 커뮤니티 크롤링,링커리어 취업고민(문과) 게시글(post_id=6493816),https://community.linkareer.com/mentoring/6493816 (채택 답변),금융권 취업을 위한 자격증·어학 보완 방향에 대한 멘토링 채택 답변 종합,2026-10-04,미검토,,중,"링커리어 취업 멘토링 Q&A의 채택 답변 기반, 질문자 개인정보는 일반화하여 제거 | 수집일: 2026-10-04",N,"금융권(은행·금융공기업) 취업을 준비할 때 자격증과 어학을 어떻게 채워야 하나요?,은행이랑 금융공기업 가려면 자격증이랑 어학 어떻게 보완해?,금융권 은행 금공 취준 중인데 자격증 어학 스펙 어케 채워요?,금융권 은행 금융공기업 자격증 어학 보완,저는 은행과 금융공기업 취업을 목표로 하는데 자격증과 어학 성적을 어떤 방향으로 보완할까요?,금융권 은행 금융공기업 대비 자격증 어학 보완 방향 좀 알려주세요,은행 금융공기업 자격증 어학,금융권 은행·금융공기업 입사 준비에서 자격증과 어학 성적 보완 방향은 어떻게 잡나요?,금융권 은행 금융공기업을 같이 준비하면 자격증 어학이 어중간해서 불리할까요?",금융권(은행·금융공기업) 취업을 준비할 때 자격증과 어학을 어떻게 채워야 하나요?,은행이랑 금융공기업 가려면 자격증이랑 어학 어떻게 보완해?,금융권 은행 금공 취준 중인데 자격증 어학 스펙 어케 채워요?,금융권 은행 금융공기업 자격증 어학 보완,저는 은행과 금융공기업 취업을 목표로 하는데 자격증과 어학 성적을 어떤 방향으로 보완할까요?,금융권 은행 금융공기업 대비 자격증 어학 보완 방향 좀 알려주세요,은행 금융공기업 자격증 어학,금융권 은행·금융공기업 입사 준비에서 자격증과 어학 성적 보완 방향은 어떻게 잡나요?,금융권 은행 금융공기업을 같이 준비하면 자격증 어학이 어중간해서 불리할까요?
263,300,L-C06-004,역량개발·준비계획,금융·회계,"나이가 많고 학점이 낮은 상태에서 뒤늦게 취업을 준비할 때, 자격증과 지원 전략을 어떻게 잡아야 하나요?","나이와 학점이 다소 불리한 조건이라도, 전공 관련 시험 합격 경험 같은 강점은 충분히 활용할 수 있는 요소입니다. 조급하게 여러 자격증을 늘리기보다 먼저 지원할 직무를 명확히 정하고, 그 직무에 맞는 실무 경험이나 관련 자격증을 집중적으로 준비하는 것이 추천됩니다. 사기업과 공기업(특히 금융공기업) 중 하나를 선택해 준비 방향을 좁히는 것이 효율적이며, 대기업 몇 곳만 지원하기보다 중견기업까지 폭넓게 지원해 첫 경력을 확보하는 방법도 고려할 만합니다. 공백기나 이전 도전 경험은 억지로 포장하기보다, 도전한 이유와 방향을 전환하게 된 계기를 명확하게 설명하는 편이 설득력 있습니다.",링커리어 멘토링 커뮤니티 크롤링,링커리어 취업고민(문과) 게시글(post_id=6518306),https://community.linkareer.com/mentoring/6518306 (채택 답변),저학점·공백기 상태에서의 취업 준비 전략에 대한 멘토링 채택 답변 종합,2026-10-04,미검토,,중,"링커리어 취업 멘토링 Q&A의 채택 답변 기반, 질문자 개인정보는 일반화하여 제거 | 수집일: 2026-10-04",N,"나이가 많고 학점도 낮은데 늦게 취업 준비를 시작할 때 자격증과 지원 전략은 어떻게 세워야 하나요?,나이 많고 학점 낮은데 이제 취업 준비해 자격증이랑 지원 전략 어떻게 짜?,나이 많고 학점 낮은 늦깎이 취준생인데 자격증 지원 전략 어케 잡아요?,나이 많고 학점 낮은 늦은 취업 준비 자격증 지원 전략,저는 나이가 많고 학점이 낮은 상태로 뒤늦게 취업 준비를 하는데 자격증과 지원 전략을 어떻게 잡을까요?,나이 많고 학점 낮을 때 자격증과 지원 전략 세우는 법 좀 알려주세요,늦은 취준 학점 낮음 전략,나이와 낮은 학점이 걱정되는 늦은 취업 준비에서 자격증 취득과 입사 지원 전략은 어떻게 하나요?,나이도 많고 학점도 낮은데 지금 취업 준비해도 괜찮을까요?",나이가 많고 학점도 낮은데 늦게 취업 준비를 시작할 때 자격증과 지원 전략은 어떻게 세워야 하나요?,나이 많고 학점 낮은데 이제 취업 준비해 자격증이랑 지원 전략 어떻게 짜?,나이 많고 학점 낮은 늦깎이 취준생인데 자격증 지원 전략 어케 잡아요?,나이 많고 학점 낮은 늦은 취업 준비 자격증 지원 전략,저는 나이가 많고 학점이 낮은 상태로 뒤늦게 취업 준비를 하는데 자격증과 지원 전략을 어떻게 잡을까요?,나이 많고 학점 낮을 때 자격증과 지원 전략 세우는 법 좀 알려주세요,늦은 취준 학점 낮음 전략,나이와 낮은 학점이 걱정되는 늦은 취업 준비에서 자격증 취득과 입사 지원 전략은 어떻게 하나요?,나이도 많고 학점도 낮은데 지금 취업 준비해도 괜찮을까요?
264,301,L-C03-006,이력서·자소서,공통,최종 제출한 자기소개서에 수정하지 못한 초안 표현이 남아있다면 서류 평가에서 얼마나 감점될까요?,"자기소개서 평가는 보통 한두 개의 미흡한 표현만으로 즉시 탈락시키지 않고, 학교·학점·직무 경력·어학 성적 등과 함께 전체적인 내용을 종합적으로 판단하는 경우가 많습니다. 인사 담당자가 수많은 서류를 검토하는 과정에서 문항 전체 흐름과 경험 내용이 정상적으로 작성되어 있다면, 하나의 표현 실수만으로 바로 서류에서 떨어뜨리는 경우는 많지 않다는 의견입니다. 일반적으로 자기소개서보다는 이력서(학력, 경력, 어학 등)가 서류 평가에서 더 중요한 비중을 차지하는 편으로 알려져 있습니다. 직무 적합성에 맞게 잘 지원했다면 이런 실수 하나로 크게 불리해질 가능성은 낮습니다.",링커리어 멘토링 커뮤니티 크롤링,링커리어 취업고민(문과) 게시글(post_id=6527199),https://community.linkareer.com/mentoring/6527199 (채택 답변),자소서에 남은 미완성 표현의 감점 수준에 대한 멘토링 채택 답변 종합,2026-10-04,미검토,,상,"링커리어 취업 멘토링 Q&A의 채택 답변 기반, 질문자 개인정보는 일반화하여 제거 | 수집일: 2026-10-04",N,"최종 제출한 자기소개서에 고치지 못한 초안 문장이 남았다면 서류 평가에서 얼마나 깎이나요?,자기소개서 최종 제출했는데 초안 문장이 그대로 남았어 얼마나 감점돼?,자소서 최종 제출본에 초안 표현 남음 서탈각임?,자기소개서 초안 표현 남음 서류 감점,저는 자기소개서를 최종 제출했는데 수정 못 한 초안 표현이 남아 있어서 감점이 걱정돼요,자기소개서에 초안 표현이 남았을 때 서류 평가 영향 좀 알려주세요,자소서 초안 표현 감점,제출 완료한 자기소개서에 초안 문구가 남아 있으면 서류 전형 평가에 얼마나 영향을 주나요?,자기소개서에 초안 표현이 남은 채 냈는데 바로 떨어지지 않을까요?",최종 제출한 자기소개서에 고치지 못한 초안 문장이 남았다면 서류 평가에서 얼마나 깎이나요?,자기소개서 최종 제출했는데 초안 문장이 그대로 남았어 얼마나 감점돼?,자소서 최종 제출본에 초안 표현 남음 서탈각임?,자기소개서 초안 표현 남음 서류 감점,저는 자기소개서를 최종 제출했는데 수정 못 한 초안 표현이 남아 있어서 감점이 걱정돼요,자기소개서에 초안 표현이 남았을 때 서류 평가 영향 좀 알려주세요,자소서 초안 표현 감점,제출 완료한 자기소개서에 초안 문구가 남아 있으면 서류 전형 평가에 얼마나 영향을 주나요?,자기소개서에 초안 표현이 남은 채 냈는데 바로 떨어지지 않을까요?
265,302,L-C06-005,역량개발·준비계획,금융·회계,"대기업 재무 직무에 지원할 때 오픽 점수가 낮으면 지원이 가능한가요, 더 올려야 하나요?","표면적인 지원 자격 기준으로는 낮은 오픽 점수로도 지원이 가능하지만, 실제 합격자들의 어학 성적을 보면 최소 IH 수준인 경우가 많습니다. 어학 커트라인이 있는 경우 보통 채용 공고에 명시되므로, 지원할 직무의 커트라인을 먼저 확인하는 것이 좋습니다. 다만 경쟁력을 고려하면 대기업, 특히 문과 직무의 경우 어학 성적을 최소 IH 이상으로 끌어올리는 것이 추천됩니다. 특정 말하기 시험 점수가 잘 오르지 않는다면 상대적으로 응시가 수월한 다른 말하기 시험에 집중하는 것도 방법입니다.",링커리어 멘토링 커뮤니티 크롤링,링커리어 취업고민(문과) 게시글(post_id=6505521),https://community.linkareer.com/mentoring/6505521 (채택 답변),대기업 재무 직무 지원 시 어학 성적 커트라인에 대한 멘토링 채택 답변 종합,2026-10-04,미검토,,중,"링커리어 취업 멘토링 Q&A의 채택 답변 기반, 질문자 개인정보는 일반화하여 제거 | 수집일: 2026-10-04",N,"대기업 재무 직무에 오픽 점수가 낮아도 지원할 수 있나요 아니면 더 높여야 하나요?,대기업 재무 지원하는데 오픽 낮아도 돼 아니면 더 올려야 해?,대기업 재무 직무 오픽 점수 낮은데 지원 가능함 아님 더 올려요?,대기업 재무 직무 오픽 낮은 점수 지원 가능 여부,저는 대기업 재무 직무를 준비하는데 오픽 점수가 낮아서 지원이 가능한지 더 올려야 하는지 궁금해요,대기업 재무 직무 지원 시 오픽 점수 기준 좀 알려주세요,대기업 재무 오픽 점수,대기업 재무 직무 입사 지원에서 낮은 오픽 점수로도 서류 지원이 되나요?,대기업 재무 직무에 오픽 점수가 낮으면 불리할까요?",대기업 재무 직무에 오픽 점수가 낮아도 지원할 수 있나요 아니면 더 높여야 하나요?,대기업 재무 지원하는데 오픽 낮아도 돼 아니면 더 올려야 해?,대기업 재무 직무 오픽 점수 낮은데 지원 가능함 아님 더 올려요?,대기업 재무 직무 오픽 낮은 점수 지원 가능 여부,저는 대기업 재무 직무를 준비하는데 오픽 점수가 낮아서 지원이 가능한지 더 올려야 하는지 궁금해요,대기업 재무 직무 지원 시 오픽 점수 기준 좀 알려주세요,대기업 재무 오픽 점수,대기업 재무 직무 입사 지원에서 낮은 오픽 점수로도 서류 지원이 되나요?,대기업 재무 직무에 오픽 점수가 낮으면 불리할까요?
266,303,L-C04-005,경험·포트폴리오,영업·마케팅,"한 분야(인플루언서 마케팅)의 인턴 경험이 쌓인 상태에서, 같은 분야의 인턴을 한 번 더 해도 자소서 소재가 겹쳐 불리해지지 않을까요?","공채에서 마케팅 직무를 통합적으로 채용한다고 해서 모든 분야를 두루 경험한 지원자만 선호하는 것은 아니며, 한 분야에서 기획부터 실행, 성과 분석까지 깊이 있게 경험한 것이 오히려 강점이 될 수 있습니다. 본인에게 가장 잘 맞고 성과가 난 분야라면 해당 경험을 계속 쌓아가는 것이 합리적이며, 다만 단순 반복 업무보다는 캠페인 전략이나 예산, 성과 분석까지 다룰 수 있는 인턴을 선택하는 것이 좋습니다. 희망 산업 경험이 없다면 다음 인턴에서는 해당 산업과 연결된 자리를 구해 산업 이해도를 함께 채우는 전략이 추천됩니다. 자소서 소재가 겹칠 걱정보다는 어떤 직무 역량으로 경험을 풀어내는지가 더 중요하며, 정식 인턴 경험이 아직 없더라도 공채와 인턴 구직을 병행해 지원해볼 만합니다.",링커리어 멘토링 커뮤니티 크롤링,링커리어 취업고민(문과) 게시글(post_id=6487718),https://community.linkareer.com/mentoring/6487718 (채택 답변),한 분야에 특화된 경험을 반복 쌓는 것의 득실에 대한 멘토링 채택 답변 종합,2026-10-04,미검토,,중,"링커리어 취업 멘토링 Q&A의 채택 답변 기반, 질문자 개인정보는 일반화하여 제거 | 수집일: 2026-10-04",N,"인플루언서 마케팅 인턴을 이미 했는데 같은 분야 인턴을 또 하면 자소서 소재가 겹쳐 불리할까요?,인플루언서 마케팅 인턴 했는데 같은 분야 인턴 또 하면 자소서 겹쳐서 별로야?,인플루언서 마케팅 인턴 또 하면 자소서 소재 겹쳐서 손해임?,인플루언서 마케팅 인턴 반복 자소서 소재 중복,저는 인플루언서 마케팅 인턴을 해봤는데 같은 분야 인턴을 한 번 더 하면 자소서 소재가 겹치지 않을까요?,인플루언서 마케팅 인턴을 한 번 더 할지 판단하는 법 좀 알려주세요,인플루언서 마케팅 인턴 중복,인플루언서 마케팅 분야 인턴 경험을 한 번 더 쌓으면 입사 지원 자소서에서 소재 중복이 되나요?,인플루언서 마케팅 인턴만 두 번 하면 마케팅 공채에서 불리할까요?",인플루언서 마케팅 인턴을 이미 했는데 같은 분야 인턴을 또 하면 자소서 소재가 겹쳐 불리할까요?,인플루언서 마케팅 인턴 했는데 같은 분야 인턴 또 하면 자소서 겹쳐서 별로야?,인플루언서 마케팅 인턴 또 하면 자소서 소재 겹쳐서 손해임?,인플루언서 마케팅 인턴 반복 자소서 소재 중복,저는 인플루언서 마케팅 인턴을 해봤는데 같은 분야 인턴을 한 번 더 하면 자소서 소재가 겹치지 않을까요?,인플루언서 마케팅 인턴을 한 번 더 할지 판단하는 법 좀 알려주세요,인플루언서 마케팅 인턴 중복,인플루언서 마케팅 분야 인턴 경험을 한 번 더 쌓으면 입사 지원 자소서에서 소재 중복이 되나요?,인플루언서 마케팅 인턴만 두 번 하면 마케팅 공채에서 불리할까요?
267,304,L-C02-003,채용공고·지원전략,금융·회계,채용공고의 '사업관리' 직무 내용이 실제로 관리회계 경력으로 인정될 수 있는 업무인가요?,"원가·견적·손익을 숫자로 다룬다는 점에서 관리회계 개념과 맞닿아 있지만, 전표 처리나 결산, 세무 신고처럼 재무제표 작성 프로세스에 직접 관여하는 업무가 포함되어 있지 않다면 순수 회계 경력으로는 온전히 인정받기 어려울 수 있습니다. 해당 업무는 사업부 관점에서 원가와 손익을 관리하는 성격이 강해 회계보다는 경영관리·경영기획에 더 가깝다는 의견이 많습니다. 원가관리회계 커리어를 염두에 둔다면 해당 포지션으로 입사한 뒤 내부에서 회계팀이나 재무팀으로 이동을 시도하는 것도 하나의 경로가 될 수 있습니다. 공고가 경력직 수준의 업무를 요구하는 것으로 보일 경우, 학교에서 배운 관리회계 지식을 실제 업무에 어떻게 활용할 수 있는지를 자소서에서 구체적으로 어필하는 것이 중요합니다.",링커리어 멘토링 커뮤니티 크롤링,링커리어 취업고민(문과) 게시글(post_id=6512630),https://community.linkareer.com/mentoring/6512630 (채택 답변),채용공고 직무 내용의 회계 경력 인정 여부에 대한 멘토링 채택 답변 종합,2026-10-04,미검토,,상,"링커리어 취업 멘토링 Q&A의 채택 답변 기반, 질문자 개인정보는 일반화하여 제거 | 수집일: 2026-10-04",N,"채용공고에 나온 사업관리 업무가 관리회계 경력으로 인정받을 수 있나요?,공고에 있는 사업관리 업무 관리회계 경력으로 쳐줘?,채용공고 사업관리 직무 관리회계 경력 인정됨?,채용공고 사업관리 관리회계 경력 인정,저는 채용공고의 사업관리 직무를 보고 있는데 이 업무가 관리회계 경력으로 인정될까요?,사업관리 업무가 관리회계 경력으로 인정되는지 알려주세요,사업관리 관리회계 경력,채용공고상 사업관리 직무 업무가 관리회계 직무 경력으로 인정되나요?,사업관리 업무를 관리회계 경력이라고 적어도 괜찮을까요?",채용공고에 나온 사업관리 업무가 관리회계 경력으로 인정받을 수 있나요?,공고에 있는 사업관리 업무 관리회계 경력으로 쳐줘?,채용공고 사업관리 직무 관리회계 경력 인정됨?,채용공고 사업관리 관리회계 경력 인정,저는 채용공고의 사업관리 직무를 보고 있는데 이 업무가 관리회계 경력으로 인정될까요?,사업관리 업무가 관리회계 경력으로 인정되는지 알려주세요,사업관리 관리회계 경력,채용공고상 사업관리 직무 업무가 관리회계 직무 경력으로 인정되나요?,사업관리 업무를 관리회계 경력이라고 적어도 괜찮을까요?
268,305,L-C06-006,역량개발·준비계획,연구·엔지니어링·제조기술,"비공학 전공자가 생산관리·품질·자재 직무로 가려면 전공을 그대로 유지해도 괜찮을까요, 보완이 필요할까요?","생산관리·품질·자재 직무는 기업에 따라 공학계열 전공을 요구하는 경우가 많아 비공학 전공만으로는 지원이 현실적으로 어려울 수 있다는 의견과, 공학계열에 한정되지 않는 직무이므로 비전공자도 지원 자체는 가능하다는 의견이 함께 있습니다. 다만 비전공자는 제조업 경험이나 관련 전공지식이 부족한 만큼 공학계열 지원자보다 직무 역량을 설명할 부분이 더 많아질 수 있습니다. 전공을 바꾸는 것을 고려한다면 단순히 전공명을 바꾸기보다 산업공학, 경영, 물류처럼 생산관리·SCM·품질과 직접 연결되는 전공을 선택하는 것이 유리합니다. 전공을 유지한다면 관련 인턴이나 현장실습 경험, ERP·데이터분석·품질 관련 역량을 추가로 쌓는 방향이 추천되며, 세 직무 중에서는 생산관리나 자재가 비전공자가 비교적 접근하기 수월한 편입니다.",링커리어 멘토링 커뮤니티 크롤링,링커리어 취업고민(문과) 게시글(post_id=6551565),https://community.linkareer.com/mentoring/6551565 (채택 답변),비전공자의 생산관리·품질·자재 직무 지원 가능성과 보완 방향에 대한 멘토링 채택 답변 종합,2026-10-04,미검토,,중,"링커리어 취업 멘토링 Q&A의 채택 답변 기반, 질문자 개인정보는 일반화하여 제거 | 수집일: 2026-10-04",N,"비공학 전공으로 생산관리·품질·자재 직무를 가려면 전공을 그대로 둬도 될까요?,비공대생인데 생산관리 품질 자재 가려면 전공 그대로 가도 돼?,비공학 전공 생산관리 품질 자재 직무 가능함 전공 보완해야 해요?,비공학 전공 생산관리 품질 자재 직무 전공 보완,저는 비공학 전공인데 생산관리·품질·자재 직무로 가려면 전공을 유지해도 될까요?,비공학 전공자의 생산관리 품질 자재 직무 준비법 좀 알려주세요,비공학 생산관리 품질 자재,비공학 전공자가 생산관리·품질·자재 직무로 입사 지원할 때 전공 보완이 필요한가요?,비공학 전공이면 생산관리 품질 자재 직무에서 불리할까요?",비공학 전공으로 생산관리·품질·자재 직무를 가려면 전공을 그대로 둬도 될까요?,비공대생인데 생산관리 품질 자재 가려면 전공 그대로 가도 돼?,비공학 전공 생산관리 품질 자재 직무 가능함 전공 보완해야 해요?,비공학 전공 생산관리 품질 자재 직무 전공 보완,저는 비공학 전공인데 생산관리·품질·자재 직무로 가려면 전공을 유지해도 될까요?,비공학 전공자의 생산관리 품질 자재 직무 준비법 좀 알려주세요,비공학 생산관리 품질 자재,비공학 전공자가 생산관리·품질·자재 직무로 입사 지원할 때 전공 보완이 필요한가요?,비공학 전공이면 생산관리 품질 자재 직무에서 불리할까요?
269,306,L-C02-004,채용공고·지원전략,공통,"확정된 인턴 출근을 앞두고 있는데, 더 선호하는 다른 기업의 채용전환형 인턴 전형이 진행 중이라면 어떻게 대응해야 하나요?","다른 전형이 아직 중간 단계에 있는 상황이라면, 이미 확정된 출근 일정을 서둘러 번복할 필요는 없습니다. 일단 예정대로 출근하고, 다른 전형이 최종 합격 단계까지 진행되었을 때 그 시점에서 처우, 직무, 전환 가능성 등을 비교해 선택하는 것이 더 현실적입니다. 만약 최종적으로 다른 기회를 선택하게 되더라도 사회초년생에게 흔히 있을 수 있는 상황이므로 지나치게 자책할 필요는 없습니다. 다만 이미 출근을 확정한 곳에는 최대한 빨리, 정중하게 상황을 알리고 시간을 끌며 마지막 순간에 통보하는 것은 피하는 것이 좋습니다.",링커리어 멘토링 커뮤니티 크롤링,링커리어 취업고민(문과) 게시글(post_id=6548459),https://community.linkareer.com/mentoring/6548459 (채택 답변),중복으로 합격한 인턴 기회 사이에서의 선택 전략에 대한 멘토링 채택 답변 종합,2026-10-04,미검토,,상,"링커리어 취업 멘토링 Q&A의 채택 답변 기반, 질문자 개인정보는 일반화하여 제거 | 수집일: 2026-10-04",N,"인턴 출근이 확정됐는데 더 원하는 기업의 채용전환형 인턴 전형이 진행 중이면 어떻게 해야 하나요?,인턴 출근 확정인데 더 가고 싶은 데 채용전환형 인턴 전형 진행 중이야 어떻게 해?,확정 인턴 출근 앞두고 다른 데 전환형 인턴 전형 중 어케 해요?,확정 인턴 출근 채용전환형 인턴 전형 진행 중 대응,저는 인턴 출근이 확정됐는데 더 선호하는 기업의 채용전환형 인턴 전형이 진행 중이라 고민이에요,확정 인턴과 진행 중인 채용전환형 인턴 사이 대응법 좀 알려주세요,채용전환형 인턴 진행 중 대응,확정된 인턴 출근과 다른 기업 채용전환형 인턴 채용 전형이 겹칠 때 어떻게 대응하나요?,확정 인턴 출근을 앞두고 다른 채용전환형 인턴 전형을 계속 봐도 괜찮을까요?",인턴 출근이 확정됐는데 더 원하는 기업의 채용전환형 인턴 전형이 진행 중이면 어떻게 해야 하나요?,인턴 출근 확정인데 더 가고 싶은 데 채용전환형 인턴 전형 진행 중이야 어떻게 해?,확정 인턴 출근 앞두고 다른 데 전환형 인턴 전형 중 어케 해요?,확정 인턴 출근 채용전환형 인턴 전형 진행 중 대응,저는 인턴 출근이 확정됐는데 더 선호하는 기업의 채용전환형 인턴 전형이 진행 중이라 고민이에요,확정 인턴과 진행 중인 채용전환형 인턴 사이 대응법 좀 알려주세요,채용전환형 인턴 진행 중 대응,확정된 인턴 출근과 다른 기업 채용전환형 인턴 채용 전형이 겹칠 때 어떻게 대응하나요?,확정 인턴 출근을 앞두고 다른 채용전환형 인턴 전형을 계속 봐도 괜찮을까요?
270,307,L-C05-004,면접·인적성,영업·마케팅,영업직 신입 임원면접을 준비할 때 무엇을 중점적으로 준비해야 하나요?,"임원면접은 실무진 면접과 달리 역량 검증보다 조직에 얼마나 오래 남아 성장할 사람인지, 회사 방향성과 결이 맞는지를 보는 자리에 가까워 화려한 스펙보다 답변에서 드러나는 태도와 신념, 위기 상황에서의 판단력이 중요하게 평가됩니다. 사전에 지원 회사의 인재상을 홈페이지 등에서 확인하고, 자신감 있는 태도와 함께 지나친 아부보다는 적절히 강단 있는 모습을 보이는 것이 좋다는 의견이 있습니다. 영업직의 경우 단순히 밝고 붙임성 좋은 성격보다, 실적에 대한 책임감이나 거절·실패 상황에서 회복하고 다시 도전하는 태도를 중요하게 보는 경향이 있습니다. 따라서 목표를 세우고 꾸준히 실행한 경험이나 어려운 상황에서도 성과를 만들어낸 사례를 구체적으로 준비하는 것이 추천되며, 성별 선호 같은 소문에 지나치게 신경 쓸 필요는 없습니다.",링커리어 멘토링 커뮤니티 크롤링,링커리어 취업고민(문과) 게시글(post_id=6532980),https://community.linkareer.com/mentoring/6532980 (채택 답변),영업직 임원면접 준비 방법에 대한 멘토링 채택 답변 종합,2026-10-04,미검토,,상,"링커리어 취업 멘토링 Q&A의 채택 답변 기반, 질문자 개인정보는 일반화하여 제거 | 수집일: 2026-10-04",N,"영업직 신입 임원면접은 무엇에 집중해서 준비해야 하나요?,영업직 신입 임원면접 뭐 위주로 준비해?,영업직 신입 임원면접 머 준비해요?,영업직 신입 임원면접 준비 포인트,저는 영업직 신입 임원면접을 앞두고 있는데 무엇을 중점으로 준비할까요?,영업직 신입 임원면접 준비법 좀 알려주세요,영업직 임원면접 준비,영업직 신입 채용 임원면접 전형에서는 무엇을 중점적으로 준비하나요?,영업직 신입 임원면접을 실무 면접처럼 준비해도 괜찮을까요?",영업직 신입 임원면접은 무엇에 집중해서 준비해야 하나요?,영업직 신입 임원면접 뭐 위주로 준비해?,영업직 신입 임원면접 머 준비해요?,영업직 신입 임원면접 준비 포인트,저는 영업직 신입 임원면접을 앞두고 있는데 무엇을 중점으로 준비할까요?,영업직 신입 임원면접 준비법 좀 알려주세요,영업직 임원면접 준비,영업직 신입 채용 임원면접 전형에서는 무엇을 중점적으로 준비하나요?,영업직 신입 임원면접을 실무 면접처럼 준비해도 괜찮을까요?
271,308,L-C02-005,채용공고·지원전략,금융·회계,인턴 경험 없이 자격증(CPA 1차 등)만으로 재무/회계 신입 공채에 지원하는 것이 의미가 있을까요?,"직무 연관성이 높은 자격증이 있다면 인턴 경험이 없어도 신입 공채 지원은 충분히 의미가 있다는 의견이 많습니다. 다만 실무 경험이 있는 다른 지원자와 경쟁해야 하므로 인턴 경험이 없는 것이 전혀 영향이 없다고 보기는 어렵습니다. 서류 합격의 핵심은 인턴 유무 자체가 아니라 자소서에 넣을 만한 직무 관련 경험이나 차별화된 스토리가 있는지이므로, 자격증 외에 활용할 경험이 충분하다면 바로 공채에 지원하고, 경험이 부족하다면 관련 경험을 빠르게 보완한 뒤 지원하는 것이 추천됩니다. 공채 지원과 인턴 구직을 동시에 병행하는 전략도 현실적인 방법입니다.",링커리어 멘토링 커뮤니티 크롤링,링커리어 취업고민(문과) 게시글(post_id=6525897),https://community.linkareer.com/mentoring/6525897 (채택 답변),인턴 경험 없이 자격증만으로 신입 공채 지원하는 전략에 대한 멘토링 채택 답변 종합,2026-10-04,미검토,,상,"링커리어 취업 멘토링 Q&A의 채택 답변 기반, 질문자 개인정보는 일반화하여 제거 | 수집일: 2026-10-04",N,"인턴 경험 없이 CPA 1차 같은 자격증만으로 재무/회계 신입 공채에 지원해도 의미가 있나요?,인턴 없이 CPA 1차만 갖고 재무 회계 신입 공채 넣어도 돼?,인턴 경험 없이 CPA 1차로 재무 회계 공채 지원 의미 있음?,인턴 없이 CPA 1차 재무 회계 신입 공채 지원,저는 인턴 경험은 없고 CPA 1차 같은 자격증만 있는데 재무/회계 신입 공채에 지원해도 될까요?,인턴 없이 CPA 1차로 재무 회계 신입 공채 지원하는 게 의미 있는지 알려주세요,CPA 1차만으로 공채,인턴 경험 없이 CPA 1차 자격만으로 재무/회계 신입 공채 입사 지원이 가능성 있나요?,인턴 경험 없이 CPA 1차만 있으면 재무 회계 공채에서 불리할까요?",인턴 경험 없이 CPA 1차 같은 자격증만으로 재무/회계 신입 공채에 지원해도 의미가 있나요?,인턴 없이 CPA 1차만 갖고 재무 회계 신입 공채 넣어도 돼?,인턴 경험 없이 CPA 1차로 재무 회계 공채 지원 의미 있음?,인턴 없이 CPA 1차 재무 회계 신입 공채 지원,저는 인턴 경험은 없고 CPA 1차 같은 자격증만 있는데 재무/회계 신입 공채에 지원해도 될까요?,인턴 없이 CPA 1차로 재무 회계 신입 공채 지원하는 게 의미 있는지 알려주세요,CPA 1차만으로 공채,인턴 경험 없이 CPA 1차 자격만으로 재무/회계 신입 공채 입사 지원이 가능성 있나요?,인턴 경험 없이 CPA 1차만 있으면 재무 회계 공채에서 불리할까요?
272,309,L-C03-007,이력서·자소서,영업·마케팅,"퍼포먼스 마케터로 대행사에 지원할 때, 자소서 직무역량은 한 가지 경험 중심으로 적는 게 좋을까요, 여러 역량을 나열하는 게 좋을까요?","자소서의 직무역량은 여러 역량을 나열하기보다 가장 자신 있는 경험 하나를 중심으로 작성하고, 관련된 다른 역량은 보조적으로 함께 녹여내는 방식이 추천됩니다. 특정 매체 경험이 있다면 해당 경험을 중심으로, 단순히 운영했다는 설명보다 키워드 선정, 시안 기획, 성과 분석, 개선 과정까지 구체적으로 연결해 보여주는 것이 중요합니다. 서술할 때는 '맡았던 업무-수치적 성과-배우고 느낀 점' 순서로 구체적으로 작성하는 것이 좋은 평가로 이어집니다. 지원하는 대행사의 우대 조건과 완전히 일치하는 경험이 없더라도, 직무 역량을 보여줄 수 있는 다른 강점과 스토리가 명확하다면 충분히 경쟁력이 있습니다.",링커리어 멘토링 커뮤니티 크롤링,링커리어 취업고민(문과) 게시글(post_id=6489652),https://community.linkareer.com/mentoring/6489652 (채택 답변),자소서 직무역량 서술 시 경험 선택과 구성 방법에 대한 멘토링 채택 답변 종합,2026-10-04,미검토,,상,"링커리어 취업 멘토링 Q&A의 채택 답변 기반, 질문자 개인정보는 일반화하여 제거 | 수집일: 2026-10-04",N,"퍼포먼스 마케터로 대행사에 지원할 때 자소서 직무역량은 경험 하나에 집중해야 하나요 여러 개를 써야 하나요?,퍼포먼스 마케터 대행사 지원하는데 자소서 직무역량 경험 하나만 써 아님 여러 개 써?,퍼포먼스 마케터 대행사 자소서 직무역량 한 경험 vs 여러 역량 머가 나아요?,퍼포먼스 마케터 대행사 자소서 직무역량 작성,저는 퍼포먼스 마케터로 대행사에 지원하는데 자소서 직무역량을 하나의 경험 중심으로 쓸지 고민이에요,퍼포먼스 마케터 대행사 자소서 직무역량 작성법 좀 알려주세요,퍼포먼스 마케터 자소서 역량,퍼포먼스 마케터 직무로 대행사 입사 지원 시 자소서 직무역량 문항은 어떻게 구성하나요?,퍼포먼스 마케터 자소서에 경험 하나만 쓰면 역량이 부족해 보일까요?",퍼포먼스 마케터로 대행사에 지원할 때 자소서 직무역량은 경험 하나에 집중해야 하나요 여러 개를 써야 하나요?,퍼포먼스 마케터 대행사 지원하는데 자소서 직무역량 경험 하나만 써 아님 여러 개 써?,퍼포먼스 마케터 대행사 자소서 직무역량 한 경험 vs 여러 역량 머가 나아요?,퍼포먼스 마케터 대행사 자소서 직무역량 작성,저는 퍼포먼스 마케터로 대행사에 지원하는데 자소서 직무역량을 하나의 경험 중심으로 쓸지 고민이에요,퍼포먼스 마케터 대행사 자소서 직무역량 작성법 좀 알려주세요,퍼포먼스 마케터 자소서 역량,퍼포먼스 마케터 직무로 대행사 입사 지원 시 자소서 직무역량 문항은 어떻게 구성하나요?,퍼포먼스 마케터 자소서에 경험 하나만 쓰면 역량이 부족해 보일까요?
273,310,L-C03-008,이력서·자소서,공통,이력서에 자격증 명칭을 세부 종목까지 정확히 기재하지 못한 실수를 발견했을 때 어떻게 대응해야 하나요?,"자격증의 급수 차이가 아니라 세부 종목을 잘못 기재한 단순 오류라면, 이로 인해 합격이 취소되는 경우는 거의 없다는 것이 공통된 의견입니다. 다만 증빙 서류를 제출할 때 담당자에게 먼저 솔직하게 알리고 정정하는 것이 가장 바람직하며, 담당자가 서류와 자격증의 차이를 스스로 발견하게 만드는 것보다 훨씬 깔끔한 방식입니다. 이력서 작성 과정에서 명칭을 잘못 기재했으며 실제 자격증명이 무엇인지 정도로 간단히 정정 사실을 전달하면 충분합니다. 실제 자격을 보유하고 있다는 사실 자체는 변하지 않으므로 지나치게 걱정할 필요는 없습니다.",링커리어 멘토링 커뮤니티 크롤링,링커리어 취업고민(문과) 게시글(post_id=6540070),https://community.linkareer.com/mentoring/6540070 (채택 답변),이력서 자격증 기재 오류 정정 방법에 대한 멘토링 채택 답변 종합,2026-10-04,미검토,,상,"링커리어 취업 멘토링 Q&A의 채택 답변 기반, 질문자 개인정보는 일반화하여 제거 | 수집일: 2026-10-04",N,"이력서에 자격증 이름을 세부 종목까지 정확히 안 적은 실수를 알게 되면 어떻게 해야 하나요?,이력서에 자격증 세부 종목 잘못 적은 거 발견했어 어떻게 해?,이력서 자격증 세부 종목 잘못 씀 어케 대응해요?,이력서 자격증 세부 종목 기재 실수 대응,저는 이력서에 자격증 명칭을 세부 종목까지 정확히 쓰지 못한 걸 알게 됐는데 어떻게 하면 될까요?,이력서 자격증 세부 종목 기재 실수 대처법 좀 알려주세요,자격증 종목 기재 실수,입사 지원 이력서에 자격증 세부 종목을 잘못 기재했다면 어떻게 정정하나요?,이력서에 자격증 세부 종목을 잘못 적어서 합격이 취소되지 않을까요?",이력서에 자격증 이름을 세부 종목까지 정확히 안 적은 실수를 알게 되면 어떻게 해야 하나요?,이력서에 자격증 세부 종목 잘못 적은 거 발견했어 어떻게 해?,이력서 자격증 세부 종목 잘못 씀 어케 대응해요?,이력서 자격증 세부 종목 기재 실수 대응,저는 이력서에 자격증 명칭을 세부 종목까지 정확히 쓰지 못한 걸 알게 됐는데 어떻게 하면 될까요?,이력서 자격증 세부 종목 기재 실수 대처법 좀 알려주세요,자격증 종목 기재 실수,입사 지원 이력서에 자격증 세부 종목을 잘못 기재했다면 어떻게 정정하나요?,이력서에 자격증 세부 종목을 잘못 적어서 합격이 취소되지 않을까요?
274,311,L-C04-006,경험·포트폴리오,영업·마케팅,마케팅 직무에 기업 규모를 가리지 않고 폭넓게 지원하는데도 서류 합격률이 저조하다면 무엇을 보완해야 하나요?,"서포터즈, 공모전 수상, 인턴 경험 등이 이미 있다면 대외활동이나 자격증을 추가로 쌓기보다, 콘텐츠 기획·SNS 운영·광고 집행·데이터 분석 등에서 본인이 직접 담당하고 수치로 남길 수 있는 경험을 우선적으로 지원해보는 것이 추천됩니다. 희망하는 마케팅 분야를 좁히고 기존 경험을 해당 직무에 맞춰 포트폴리오로 다시 정리하는 작업이 중요합니다. 지원동기와 기업·직무 분석이 자소서마다 설득력 있게 다르게 작성되었는지, 본인 역량이 지원 직무에 제대로 맵핑되어 소구되는지도 점검해볼 필요가 있습니다. 대기업 위주로만 지원하기보다 중견·중소기업까지 폭넓게 지원해 실무 경력을 먼저 쌓고 이후 이직하는 경로도 현실적인 대안이 될 수 있습니다.",링커리어 멘토링 커뮤니티 크롤링,링커리어 취업고민(문과) 게시글(post_id=6500961),https://community.linkareer.com/mentoring/6500961 (채택 답변),마케팅 직무 서류 합격률 저조 원인과 보완 방법에 대한 멘토링 채택 답변 종합,2026-10-04,미검토,,중,"링커리어 취업 멘토링 Q&A의 채택 답변 기반, 질문자 개인정보는 일반화하여 제거 | 수집일: 2026-10-04",N,"마케팅 직무에 기업 규모 상관없이 많이 지원하는데 서류 통과가 잘 안 되면 무엇을 채워야 하나요?,마케팅 직무 회사 규모 안 가리고 넣는데 서류가 계속 떨어져 뭘 보완해?,마케팅 직무 대기업 중견 가리지 않고 넣는데 서탈만 함 머 보완해요?,마케팅 직무 폭넓은 지원 서류 합격률 저조 보완,저는 마케팅 직무에 기업 규모를 가리지 않고 지원하는데 서류 합격률이 낮아서 무엇을 보완할지 고민이에요,마케팅 직무 서류 합격률 올리는 보완 방법 좀 알려주세요,마케팅 서류 합격률 저조,마케팅 직무 입사 지원을 폭넓게 해도 서류 전형 합격률이 낮을 때 어떤 점을 보완하나요?,마케팅 직무 서류에서 계속 떨어지는데 이대로 지원해도 괜찮을까요?",마케팅 직무에 기업 규모 상관없이 많이 지원하는데 서류 통과가 잘 안 되면 무엇을 채워야 하나요?,마케팅 직무 회사 규모 안 가리고 넣는데 서류가 계속 떨어져 뭘 보완해?,마케팅 직무 대기업 중견 가리지 않고 넣는데 서탈만 함 머 보완해요?,마케팅 직무 폭넓은 지원 서류 합격률 저조 보완,저는 마케팅 직무에 기업 규모를 가리지 않고 지원하는데 서류 합격률이 낮아서 무엇을 보완할지 고민이에요,마케팅 직무 서류 합격률 올리는 보완 방법 좀 알려주세요,마케팅 서류 합격률 저조,마케팅 직무 입사 지원을 폭넓게 해도 서류 전형 합격률이 낮을 때 어떤 점을 보완하나요?,마케팅 직무 서류에서 계속 떨어지는데 이대로 지원해도 괜찮을까요?
275,312,L-C06-007,역량개발·준비계획,경영·사무·인사,"HR 직무를 목표로 할 때, 현재 스펙에서 자격증을 더 추가해야 할지 아니면 기존 인턴 경험을 활용하는 것이 나을지 어떻게 판단해야 하나요?","HR 직무에 고스펙 지원자가 많이 몰리는 편이지만, 이미 공공기관 등에서 HRD·고충처리 관련 업무를 실제로 경험하고 있다면 이는 직무 관련성이 높은 핵심 강점으로 활용할 수 있습니다. 자격증을 계속 추가하기보다는, 현재 인턴 경험을 HR 관점(교육 운영, 인사제도, 고충처리, 조직관리 등)에서 구체적으로 정리하는 것이 자격증 추가보다 더 효과적이라는 의견이 많습니다. 사기업 HR 신입과 공공기관 인사·경영지원 직무에 동시에 지원하는 것이 현실적인 전략으로 추천되며, 꼭 특정 자격증이 있어야만 HR 직무에 지원 가능한 것은 아닙니다. 현재 스펙으로 사기업 HR을 포기하고 공기업으로 완전히 방향을 돌릴 필요는 없다는 의견이 중심을 이룹니다.",링커리어 멘토링 커뮤니티 크롤링,링커리어 취업고민(문과) 게시글(post_id=6507362),https://community.linkareer.com/mentoring/6507362 (채택 답변),HR 직무 준비 시 자격증 추가와 기존 인턴 경험 활용 전략에 대한 멘토링 채택 답변 종합,2026-10-04,미검토,,중,"링커리어 취업 멘토링 Q&A의 채택 답변 기반, 질문자 개인정보는 일반화하여 제거 | 수집일: 2026-10-04",N,"HR 직무를 준비할 때 자격증을 더 딸지 기존 인턴 경험을 살릴지 어떻게 정해야 하나요?,HR 가려는데 자격증 더 따야 해 아님 인턴 경험 살려야 해?,HR 직무 취준 중인데 자격증 추가 vs 인턴 경험 활용 머가 나아요?,HR 직무 자격증 추가 인턴 경험 활용 판단,저는 HR 직무를 목표로 하는데 지금 스펙에서 자격증을 더 딸지 인턴 경험을 활용할지 고민이에요,HR 직무 준비에서 자격증과 인턴 경험 중 선택하는 법 좀 알려주세요,HR 자격증 vs 인턴,HR 직무 입사 준비에서 자격증 추가 취득과 기존 인턴 경험 활용 중 무엇이 나은가요?,HR 직무에 자격증을 더 안 따고 인턴 경험만 내세워도 괜찮을까요?",HR 직무를 준비할 때 자격증을 더 딸지 기존 인턴 경험을 살릴지 어떻게 정해야 하나요?,HR 가려는데 자격증 더 따야 해 아님 인턴 경험 살려야 해?,HR 직무 취준 중인데 자격증 추가 vs 인턴 경험 활용 머가 나아요?,HR 직무 자격증 추가 인턴 경험 활용 판단,저는 HR 직무를 목표로 하는데 지금 스펙에서 자격증을 더 딸지 인턴 경험을 활용할지 고민이에요,HR 직무 준비에서 자격증과 인턴 경험 중 선택하는 법 좀 알려주세요,HR 자격증 vs 인턴,HR 직무 입사 준비에서 자격증 추가 취득과 기존 인턴 경험 활용 중 무엇이 나은가요?,HR 직무에 자격증을 더 안 따고 인턴 경험만 내세워도 괜찮을까요?
276,313,L-C04-007,경험·포트폴리오,영업·마케팅,멘토링 활동 같은 직무와 직접 관련 없는 경험도 마케팅/해외영업 직무 지원 시 스펙으로 활용할 수 있나요?,"멘토링 활동 자체가 스펙이 되는 것은 아니지만, 대상의 니즈를 파악해 자료를 기획하고 전달한 과정을 타깃 분석, 콘텐츠 기획, 커뮤니케이션 역량으로 연결해 설명할 수 있습니다. 다양한 사람과 소통하며 상대에 맞게 설명하고 설득한 경험은 해외영업에서 필요한 커뮤니케이션 역량의 사례로도 활용 가능합니다. 다만 합격 여부를 결정짓는 핵심적인 직무 경험으로 보기는 어려우므로, 저학년 때 경험으로 두고 고학년 때는 희망 직무와 더 직접적으로 관련된 실무 경험을 함께 쌓는 것이 바람직합니다. 활동 자체보다 그 과정에서 보여준 역량과 성실성, 꾸준함을 구체적으로 풀어내는 것이 중요합니다.",링커리어 멘토링 커뮤니티 크롤링,링커리어 취업고민(문과) 게시글(post_id=6500564),https://community.linkareer.com/mentoring/6500564 (채택 답변),직무와 간접적으로 관련된 경험(멘토링)의 스펙 활용 가능성에 대한 멘토링 채택 답변 종합,2026-10-04,미검토,,중,"링커리어 취업 멘토링 Q&A의 채택 답변 기반, 질문자 개인정보는 일반화하여 제거 | 수집일: 2026-10-04",N,"멘토링처럼 직무와 무관한 활동도 마케팅/해외영업 지원에서 스펙이 될 수 있나요?,멘토링 같은 활동도 마케팅 해외영업 지원할 때 써먹을 수 있어?,멘토링 대외활 마케팅 해외영업 자소서에 스펙으로 써도 됨?,멘토링 활동 마케팅 해외영업 스펙 활용,저는 멘토링 활동 경험이 있는데 마케팅/해외영업 직무 지원에 스펙으로 쓸 수 있을까요?,멘토링 활동을 마케팅 해외영업 지원에 활용하는 법 좀 알려주세요,멘토링 마케팅 해외영업 스펙,멘토링 활동 경험을 마케팅/해외영업 직무 입사 지원 서류에 어떻게 활용할 수 있나요?,멘토링 활동은 직무와 무관해서 마케팅 해외영업 지원에 쓰면 불리할까요?",멘토링처럼 직무와 무관한 활동도 마케팅/해외영업 지원에서 스펙이 될 수 있나요?,멘토링 같은 활동도 마케팅 해외영업 지원할 때 써먹을 수 있어?,멘토링 대외활 마케팅 해외영업 자소서에 스펙으로 써도 됨?,멘토링 활동 마케팅 해외영업 스펙 활용,저는 멘토링 활동 경험이 있는데 마케팅/해외영업 직무 지원에 스펙으로 쓸 수 있을까요?,멘토링 활동을 마케팅 해외영업 지원에 활용하는 법 좀 알려주세요,멘토링 마케팅 해외영업 스펙,멘토링 활동 경험을 마케팅/해외영업 직무 입사 지원 서류에 어떻게 활용할 수 있나요?,멘토링 활동은 직무와 무관해서 마케팅 해외영업 지원에 쓰면 불리할까요?
277,314,L-C06-008,역량개발·준비계획,영업·마케팅,"해외영업 직무를 목표로 하지만 관련 직무 경험이 부족할 때, 자격증과 인턴/일경험 중 어디에 우선순위를 두고 준비해야 하나요?","해외영업 직무 준비 시에는 추가 자격증보다 직무 관련 실무 경험을 우선적으로 쌓는 것이 중요합니다. 이미 영어 성적이 충분한 수준이라면 국제무역사나 무역영어 같은 자격증 취득에 지나치게 많은 시간을 쓰지 않아도 됩니다. 시장조사, 해외 바이어 발굴, 거래처 응대, 수출입 서류 작성 등을 직접 경험할 수 있는 해외영업 관련 인턴이나 일경험을 찾아 지원하는 것이 좋습니다. 영어학원이나 과외처럼 직무와 무관해 보이는 경험도 고객 요구 파악 및 관계 유지 경험으로 재해석해 활용할 수 있습니다. 제2외국어는 지원하려는 시장과 관련이 있을 때만 우선순위를 높이면 됩니다.",링커리어 멘토링 커뮤니티 크롤링,링커리어 취업고민(문과) 게시글(post_id=6487540),https://community.linkareer.com/mentoring/6487540 (채택 답변),해외영업 지원자의 직무 경험 준비 순서에 대한 멘토링 채택 답변 요약.,2026-10-04,미검토,,중,"링커리어 취업 멘토링 Q&A의 채택 답변 기반, 질문자 개인정보는 일반화하여 제거 | 수집일: 2026-10-04",N,"해외영업 직무를 원하는데 관련 경험이 적을 때 자격증과 인턴/일경험 중 무엇을 먼저 준비해야 하나요?,해외영업 하고 싶은데 경험 없어 자격증이랑 인턴 중 뭐 먼저 해?,해외영업 직무 경험 부족한데 자격증 vs 인턴 머가 우선이에요?,해외영업 직무 경험 부족 자격증 인턴 우선순위,저는 해외영업 직무를 목표로 하는데 경험이 부족해서 자격증과 인턴 중 무엇을 먼저 할지 고민이에요,해외영업 직무 준비 우선순위 좀 알려주세요,해외영업 자격증 vs 인턴,해외영업 직무 취업 준비에서 자격증 취득과 인턴/일경험 중 어떤 것을 우선하나요?,해외영업 직무 준비에서 자격증을 안 따고 인턴만 해도 괜찮을까요?",해외영업 직무를 원하는데 관련 경험이 적을 때 자격증과 인턴/일경험 중 무엇을 먼저 준비해야 하나요?,해외영업 하고 싶은데 경험 없어 자격증이랑 인턴 중 뭐 먼저 해?,해외영업 직무 경험 부족한데 자격증 vs 인턴 머가 우선이에요?,해외영업 직무 경험 부족 자격증 인턴 우선순위,저는 해외영업 직무를 목표로 하는데 경험이 부족해서 자격증과 인턴 중 무엇을 먼저 할지 고민이에요,해외영업 직무 준비 우선순위 좀 알려주세요,해외영업 자격증 vs 인턴,해외영업 직무 취업 준비에서 자격증 취득과 인턴/일경험 중 어떤 것을 우선하나요?,해외영업 직무 준비에서 자격증을 안 따고 인턴만 해도 괜찮을까요?
278,315,L-C02-006,채용공고·지원전략,영업·마케팅,"해외영업 직무에 지원할 때, 특정 산업군에 지원을 한정해야 하는지와 재입사(중고신입) 지원 시점을 언제로 잡아야 하는지 궁금합니다.","해외영업은 채용 공고 자체가 많지 않은 직무이므로 산업군을 미리 좁히기보다는 본인이 꺼리지 않는 범위 내에서 최대한 많은 공고에 지원하는 것이 유리합니다. 다만 소비재 외에 에너지, 반도체, 석유화학 등 기술 중심 산업은 어학 역량이 뛰어난 지원자가 많이 몰리는 경향이 있으므로, 이런 산업에 지원할 경우 시장 상황 이해, 경쟁사 분석, 공급망 관리 등 직무 관련 역량을 추가로 보완하는 것이 필요합니다. 실무 경험을 쌓은 뒤 중고신입으로 재지원하는 시점은 몇 개월 뒤로 못박기보다, 실제로 의미 있는 성과와 경험을 축적한 후 지원하는 것이 더 중요합니다. 첫 직장이 중견 이상이 아니더라도 이후 경력을 쌓아 이직하는 경로도 충분히 가능합니다.",링커리어 멘토링 커뮤니티 크롤링,링커리어 취업고민(문과) 게시글(post_id=6487066),https://community.linkareer.com/mentoring/6487066 (채택 답변),해외영업 지원 산업군 선택과 재지원 시점에 대한 멘토링 채택 답변 요약.,2026-10-04,미검토,,상,"링커리어 취업 멘토링 Q&A의 채택 답변 기반, 질문자 개인정보는 일반화하여 제거 | 수집일: 2026-10-04",N,"해외영업 지원 시 산업군을 좁혀야 하는지와 중고신입 재입사 지원 시기를 언제로 해야 하는지 궁금해요,해외영업 지원할 때 산업군 좁혀야 해? 중고신입 재입사는 언제 넣어?,해외영업 산업군 한정해야 함? 중고신입 지원 타이밍은 언제예요?,해외영업 산업군 한정 중고신입 재입사 시점,저는 해외영업 직무를 준비하는데 산업군을 한정할지와 중고신입 재입사 시점을 언제로 할지 고민이에요,해외영업 산업군 선택과 중고신입 재입사 시점 좀 알려주세요,해외영업 산업군 중고신입,해외영업 직무 입사 지원에서 산업군 범위와 중고신입 재입사 지원 시기는 어떻게 정하나요?,해외영업 산업군을 넓게 지원하고 중고신입으로 늦게 가도 괜찮을까요?",해외영업 지원 시 산업군을 좁혀야 하는지와 중고신입 재입사 지원 시기를 언제로 해야 하는지 궁금해요,해외영업 지원할 때 산업군 좁혀야 해? 중고신입 재입사는 언제 넣어?,해외영업 산업군 한정해야 함? 중고신입 지원 타이밍은 언제예요?,해외영업 산업군 한정 중고신입 재입사 시점,저는 해외영업 직무를 준비하는데 산업군을 한정할지와 중고신입 재입사 시점을 언제로 할지 고민이에요,해외영업 산업군 선택과 중고신입 재입사 시점 좀 알려주세요,해외영업 산업군 중고신입,해외영업 직무 입사 지원에서 산업군 범위와 중고신입 재입사 지원 시기는 어떻게 정하나요?,해외영업 산업군을 넓게 지원하고 중고신입으로 늦게 가도 괜찮을까요?
279,316,L-C06-009,역량개발·준비계획,영업·마케팅,"콘텐츠 마케팅 인턴 입사를 앞두고, 입사 전에는 무엇을 준비하고 입사 후에는 어떤 역량을 보완해야 할까요?","입사 전에는 특별한 스킬을 새로 배우기보다, 입사할 회사와 경쟁사의 SNS·홈페이지 채널을 살펴보며 콘텐츠 스타일, 타깃, 상품군, 톤앤매너를 미리 파악하는 것이 효과적입니다. 콘텐츠 마케팅은 개인의 감과 연출력보다 타깃이 왜 그 콘텐츠를 봐야 하는지, 어떤 행동을 유도할지를 먼저 고민하는 방식으로 접근해야 합니다. 인턴 기간에는 제작물 개수를 늘리는 것보다 기획 의도와 가설 설정, 제작, 결과 분석, 개선까지 이어지는 한 사이클을 경험하는 것이 중요하며, 조회수뿐 아니라 도달, 저장, 공유, 클릭, 전환 등 실제 업무에서 쓰이는 지표를 익혀두는 것이 좋습니다. 수행한 업무와 성과, 에피소드는 틈틈이 기록해 두는 습관을 들이는 것도 추천됩니다.",링커리어 멘토링 커뮤니티 크롤링,링커리어 취업고민(문과) 게시글(post_id=6539061),https://community.linkareer.com/mentoring/6539061 (채택 답변),콘텐츠 마케팅 인턴 입사 전후 준비 사항에 대한 멘토링 채택 답변 종합.,2026-10-04,미검토,,중,"링커리어 취업 멘토링 Q&A의 채택 답변 기반, 질문자 개인정보는 일반화하여 제거 | 수집일: 2026-10-04",N,"콘텐츠 마케팅 인턴 입사 전에는 무엇을 준비하고 입사 후에는 어떤 역량을 키워야 하나요?,콘텐츠 마케팅 인턴 붙었는데 들어가기 전에 뭐 하고 들어가서 뭘 키워야 돼?,콘텐츠 마케팅 인턴 합했는데 입사 전후로 머 준비해요?,콘텐츠 마케팅 인턴 입사 전 준비 입사 후 역량,저는 콘텐츠 마케팅 인턴 입사를 앞두고 있는데 입사 전후로 무엇을 준비할까요?,콘텐츠 마케팅 인턴 입사 전후 준비할 것 좀 알려주세요,콘텐츠 마케팅 인턴 준비,콘텐츠 마케팅 인턴으로 입사하기 전과 입사 후 각각 무엇을 준비하고 보완하나요?,콘텐츠 마케팅 인턴 입사 전에 아무것도 안 배우면 불리할까요?",콘텐츠 마케팅 인턴 입사 전에는 무엇을 준비하고 입사 후에는 어떤 역량을 키워야 하나요?,콘텐츠 마케팅 인턴 붙었는데 들어가기 전에 뭐 하고 들어가서 뭘 키워야 돼?,콘텐츠 마케팅 인턴 합했는데 입사 전후로 머 준비해요?,콘텐츠 마케팅 인턴 입사 전 준비 입사 후 역량,저는 콘텐츠 마케팅 인턴 입사를 앞두고 있는데 입사 전후로 무엇을 준비할까요?,콘텐츠 마케팅 인턴 입사 전후 준비할 것 좀 알려주세요,콘텐츠 마케팅 인턴 준비,콘텐츠 마케팅 인턴으로 입사하기 전과 입사 후 각각 무엇을 준비하고 보완하나요?,콘텐츠 마케팅 인턴 입사 전에 아무것도 안 배우면 불리할까요?
280,317,L-C04-008,경험·포트폴리오,영업·마케팅,"포트폴리오 제출이 필수가 아니고 서류 평가 항목에도 포함되지 않는다고 안내된 기업에, 그래도 포트폴리오를 제출하는 것이 좋을까요?","기업이 포트폴리오 제출이 필수가 아니며 서류 검토에도 반영하지 않는다고 명확히 안내했다면, 포트폴리오를 첨부하지 않고 이력서와 자기소개서 완성도에 집중하는 것이 좋습니다. 안내된 평가 기준과 다르게 포트폴리오를 제출하면 오히려 감점 요인이 될 수 있고, 평가되지 않는 자료를 다듬는 데 시간을 쓰느라 자기소개서의 기업·직무 맞춤도가 떨어질 수 있습니다. 다만 마케팅이나 디자인처럼 포트폴리오가 일반적으로 선호되는 직군이라면, 포트폴리오 제출을 요구하거나 실제로 검토하는 다른 기업을 위해 별도로 준비해 두는 것은 유용합니다.",링커리어 멘토링 커뮤니티 크롤링,링커리어 취업고민(문과) 게시글(post_id=6529750),https://community.linkareer.com/mentoring/6529750 (채택 답변),포트폴리오 제출 필수 여부에 따른 제출 전략에 대한 멘토링 채택 답변 종합.,2026-10-04,미검토,,중,"링커리어 취업 멘토링 Q&A의 채택 답변 기반, 질문자 개인정보는 일반화하여 제거 | 수집일: 2026-10-04",N,"포트폴리오가 필수도 아니고 서류 평가에도 안 들어간다는 기업에 그래도 포트폴리오를 내는 게 좋을까요?,포트폴리오 필수 아니고 평가도 안 한다는데 그래도 내는 게 나아?,포폴 필수 아니고 서류 평가에도 안 들어간다는데 내야 됨?,포트폴리오 필수 아님 서류 평가 미포함 제출 여부,저는 포트폴리오가 필수가 아니고 평가에도 안 들어간다고 안내된 기업에 지원하는데 그래도 낼까요?,포트폴리오 평가 미반영 기업에 제출할지 판단법 좀 알려주세요,포트폴리오 미반영 제출,포트폴리오 제출이 필수가 아닌 기업 입사 지원에서 포트폴리오를 추가로 내야 하나요?,평가에 안 들어간다는데 포트폴리오를 내면 오히려 불리할까요?",포트폴리오가 필수도 아니고 서류 평가에도 안 들어간다는 기업에 그래도 포트폴리오를 내는 게 좋을까요?,포트폴리오 필수 아니고 평가도 안 한다는데 그래도 내는 게 나아?,포폴 필수 아니고 서류 평가에도 안 들어간다는데 내야 됨?,포트폴리오 필수 아님 서류 평가 미포함 제출 여부,저는 포트폴리오가 필수가 아니고 평가에도 안 들어간다고 안내된 기업에 지원하는데 그래도 낼까요?,포트폴리오 평가 미반영 기업에 제출할지 판단법 좀 알려주세요,포트폴리오 미반영 제출,포트폴리오 제출이 필수가 아닌 기업 입사 지원에서 포트폴리오를 추가로 내야 하나요?,평가에 안 들어간다는데 포트폴리오를 내면 오히려 불리할까요?
281,318,L-C06-010,역량개발·준비계획,금융·회계,"학벌이 아쉬운 상황에서 회계·재무 직무로 대기업/중견기업 취업을 준비할 때, AICPA 취득과 인턴 경험 중 어느 쪽이 더 유리한가요?","국내 대기업이나 중견기업의 회계·재무팀 취업을 목표로 한다면 AICPA보다 직무 관련 인턴 등 실무 경험을 우선적으로 쌓는 것이 더 유리합니다. 국내 채용에서는 자격증 자체보다 실무 이해도와 직무 경험을 중요하게 평가하는 경우가 많고, 인턴을 통해 실제 업무 경험과 추천서 성격의 레퍼런스까지 확보할 수 있습니다. 다만 외국계 기업이나 해외 취업을 함께 고려하고 있다면 AICPA는 투자한 시간 대비 효과가 큰 자격증이 될 수 있습니다. 두 방향을 동시에 준비하기 어렵다면 먼저 인턴으로 실무 경험을 쌓으며 국내·해외 중 본인에게 맞는 방향을 좁힌 뒤 AICPA 취득 여부를 결정하는 것도 방법입니다. 자격증을 생각한다면 재경관리사, 전산회계, 전산세무 등도 함께 참고할 만합니다.",링커리어 멘토링 커뮤니티 크롤링,링커리어 취업고민(문과) 게시글(post_id=6495299),https://community.linkareer.com/mentoring/6495299 (채택 답변),회계·재무 직무 준비 시 AICPA와 인턴 경험의 우선순위에 대한 멘토링 채택 답변 종합.,2026-10-04,미검토,,중,"링커리어 취업 멘토링 Q&A의 채택 답변 기반, 질문자 개인정보는 일반화하여 제거 | 수집일: 2026-10-04",N,"학벌이 부족할 때 회계·재무 직무로 대기업/중견기업을 준비한다면 AICPA와 인턴 중 무엇이 더 낫나요?,학벌 아쉬운데 회계 재무로 대기업 중견 가려면 AICPA랑 인턴 중 뭐가 나아?,학벌 별로인데 회계 재무 대기업 중견 취준 AICPA vs 인턴 머가 유리해요?,학벌 부족 회계 재무 대기업 중견기업 AICPA 인턴 비교,저는 학벌이 아쉬운 편인데 회계·재무 직무로 대기업이나 중견기업에 가려면 AICPA와 인턴 중 무엇이 유리할까요?,회계 재무 대기업 중견기업 준비에서 AICPA와 인턴 중 선택법 좀 알려주세요,AICPA vs 인턴 회계 재무,학벌이 약한 지원자가 회계·재무 직무로 대기업/중견기업 입사를 준비할 때 AICPA와 인턴 경험 중 무엇이 유리한가요?,학벌이 아쉬운데 AICPA 없이 인턴만 해도 회계 재무 대기업 중견에 괜찮을까요?",학벌이 부족할 때 회계·재무 직무로 대기업/중견기업을 준비한다면 AICPA와 인턴 중 무엇이 더 낫나요?,학벌 아쉬운데 회계 재무로 대기업 중견 가려면 AICPA랑 인턴 중 뭐가 나아?,학벌 별로인데 회계 재무 대기업 중견 취준 AICPA vs 인턴 머가 유리해요?,학벌 부족 회계 재무 대기업 중견기업 AICPA 인턴 비교,저는 학벌이 아쉬운 편인데 회계·재무 직무로 대기업이나 중견기업에 가려면 AICPA와 인턴 중 무엇이 유리할까요?,회계 재무 대기업 중견기업 준비에서 AICPA와 인턴 중 선택법 좀 알려주세요,AICPA vs 인턴 회계 재무,학벌이 약한 지원자가 회계·재무 직무로 대기업/중견기업 입사를 준비할 때 AICPA와 인턴 경험 중 무엇이 유리한가요?,학벌이 아쉬운데 AICPA 없이 인턴만 해도 회계 재무 대기업 중견에 괜찮을까요?
282,319,L-C03-009,이력서·자소서,공통,출근일이 공채 서류 마감 이후인 인턴 합격 사실을 이력서 경력사항에 기재해도 되나요?,"출근이 확정된 인턴이라면 공채 이력서의 경력사항에 기재해도 괜찮습니다. 다만 아직 실제 근무를 시작하기 전이므로 현재 근무 중인 것처럼 작성하지 말고, 회사명과 직무를 적은 뒤 입사 예정임을 명확히 표시해야 합니다. 지원서 시스템상 미래 날짜나 입사 예정 표기가 불가능하다면 경력사항에 넣지 않는 것이 안전합니다. 자기소개서에도 아직 수행하지 않은 업무나 성과를 경험처럼 작성해서는 안 됩니다. 이후 면접 시점에 실제로 근무 중이라면 지원서 제출 이후 새로 시작한 인턴 경험으로 자연스럽게 설명하면 되고, 핵심은 지원 당시와 면접 당시의 시점 차이를 정확히 구분해 전달하는 것입니다.",링커리어 멘토링 커뮤니티 크롤링,링커리어 취업고민(문과) 게시글(post_id=6504657),https://community.linkareer.com/mentoring/6504657 (채택 답변),출근 예정 인턴의 이력서 경력사항 기재 방법에 대한 멘토링 채택 답변.,2026-10-04,미검토,,상,"링커리어 취업 멘토링 Q&A의 채택 답변 기반, 질문자 개인정보는 일반화하여 제거 | 수집일: 2026-10-04",N,"출근일이 공채 서류 마감 뒤인 인턴 합격도 이력서 경력란에 써도 되나요?,인턴 붙었는데 출근이 공채 서류 마감 뒤야 이력서 경력에 써도 돼?,공채 서류 마감 후 출근하는 인턴 합 이력서에 적어도 됨?,공채 서류 마감 이후 출근 인턴 합격 이력서 기재,저는 인턴에 합격했는데 출근일이 공채 서류 마감 이후라서 이력서 경력사항에 써도 될지 궁금해요,공채 서류 마감 뒤 출근하는 인턴 합격을 이력서에 쓰는 법 좀 알려주세요,출근 전 인턴 이력서 기재,공채 서류 마감 이후 출근 예정인 인턴 합격을 이력서 경력사항에 기재할 수 있나요?,아직 출근 전인 인턴 합격을 공채 이력서에 적으면 문제 될까요?",출근일이 공채 서류 마감 뒤인 인턴 합격도 이력서 경력란에 써도 되나요?,인턴 붙었는데 출근이 공채 서류 마감 뒤야 이력서 경력에 써도 돼?,공채 서류 마감 후 출근하는 인턴 합 이력서에 적어도 됨?,공채 서류 마감 이후 출근 인턴 합격 이력서 기재,저는 인턴에 합격했는데 출근일이 공채 서류 마감 이후라서 이력서 경력사항에 써도 될지 궁금해요,공채 서류 마감 뒤 출근하는 인턴 합격을 이력서에 쓰는 법 좀 알려주세요,출근 전 인턴 이력서 기재,공채 서류 마감 이후 출근 예정인 인턴 합격을 이력서 경력사항에 기재할 수 있나요?,아직 출근 전인 인턴 합격을 공채 이력서에 적으면 문제 될까요?
283,320,L-C04-009,경험·포트폴리오,영업·마케팅,"콘텐츠·브랜드·퍼포먼스 마케팅 직무를 목표로 많은 대외활동·근로 경험을 쌓았을 때, 이 경험들을 포트폴리오와 이력서에서 어떻게 선별하고 정리해야 하나요?","희망 직무가 사기업 마케팅이라면 공공기관보다 사기업에서의 실무 경험을 우선적으로 쌓는 것이 유리하며, 이미 비슷한 유형의 경험이 여러 번 있다면 똑같은 성격의 경험을 추가하기보다 목표 직무에 부족한 역량(광고 집행, 매체별 성과 분석, 전환 데이터 확인 등)을 채우는 경험을 추가하는 것이 효과적입니다. 경험이 많고 다양할 때는 양보다 질과 깊이가 중요하므로, 전체 경험을 먼저 정리한 뒤 목표 직무와 연관성이 높고 임팩트가 큰 경험 몇 가지만 추려 포트폴리오로 구성해야 합니다. 많은 기업의 지원서가 기재 가능한 활동 개수를 제한하므로, 목표 직무와 관련성이 낮은 경험은 이력서에서 제외하는 것이 좋습니다. 성과를 기술할 때는 가설 설정, 실행, 결과, 개선까지의 과정과 수치를 함께 담는 것이 설득력을 높입니다.",링커리어 멘토링 커뮤니티 크롤링,링커리어 취업고민(문과) 게시글(post_id=6501818),https://community.linkareer.com/mentoring/6501818 (채택 답변),다양한 대외활동·근로 경험을 마케팅 직무 포트폴리오로 선별·정리하는 방법에 대한 멘토링 채택 답변 종합.,2026-10-04,미검토,,중,"링커리어 취업 멘토링 Q&A의 채택 답변 기반, 질문자 개인정보는 일반화하여 제거 | 수집일: 2026-10-04",N,"콘텐츠·브랜드·퍼포먼스 마케팅을 목표로 대외활동과 근로 경험이 많을 때 포트폴리오와 이력서에 무엇을 골라 담아야 하나요?,콘텐츠 브랜드 퍼포먼스 마케팅 하려고 대외활동 근로 많이 했는데 포트폴리오 이력서에 뭘 골라 넣어?,콘텐츠 브랜드 퍼포먼스 마케팅 목표로 대외활 많이 했는데 포폴 이력서 어케 추려요?,콘텐츠 브랜드 퍼포먼스 마케팅 대외활동 경험 선별 정리,저는 콘텐츠·브랜드·퍼포먼스 마케팅을 목표로 대외활동과 근로 경험이 많은데 포트폴리오와 이력서에 어떻게 정리할까요?,콘텐츠 브랜드 퍼포먼스 마케팅 경험을 포트폴리오 이력서에 정리하는 법 좀 알려주세요,마케팅 대외활동 경험 선별,콘텐츠·브랜드·퍼포먼스 마케팅 직무 입사 지원용 포트폴리오와 이력서에 많은 대외활동 경험을 어떻게 골라 넣나요?,콘텐츠 브랜드 퍼포먼스 마케팅 대외활동이 너무 많으면 이력서에서 오히려 불리할까요?",콘텐츠·브랜드·퍼포먼스 마케팅을 목표로 대외활동과 근로 경험이 많을 때 포트폴리오와 이력서에 무엇을 골라 담아야 하나요?,콘텐츠 브랜드 퍼포먼스 마케팅 하려고 대외활동 근로 많이 했는데 포트폴리오 이력서에 뭘 골라 넣어?,콘텐츠 브랜드 퍼포먼스 마케팅 목표로 대외활 많이 했는데 포폴 이력서 어케 추려요?,콘텐츠 브랜드 퍼포먼스 마케팅 대외활동 경험 선별 정리,저는 콘텐츠·브랜드·퍼포먼스 마케팅을 목표로 대외활동과 근로 경험이 많은데 포트폴리오와 이력서에 어떻게 정리할까요?,콘텐츠 브랜드 퍼포먼스 마케팅 경험을 포트폴리오 이력서에 정리하는 법 좀 알려주세요,마케팅 대외활동 경험 선별,콘텐츠·브랜드·퍼포먼스 마케팅 직무 입사 지원용 포트폴리오와 이력서에 많은 대외활동 경험을 어떻게 골라 넣나요?,콘텐츠 브랜드 퍼포먼스 마케팅 대외활동이 너무 많으면 이력서에서 오히려 불리할까요?
284,321,L-C03-010,이력서·자소서,영업·마케팅,마케팅 직무 공채 지원 시 오픽 IM3 정도의 점수를 이력서에 기재하는 것이 좋을까요?,"오픽 IM3는 지원 자격 충족을 위한 요건으로는 기재할 수 있지만, 이력서에서 강점으로 내세울 정도의 점수는 아닙니다. 지원 공고에 특정 등급 이상을 요구하는 필수 조건이 있다면 기재하는 것이 좋고, 그렇지 않다면 짧은 기간이라도 추가로 공부해 더 높은 등급을 받은 뒤 기재하는 방법도 고려할 수 있습니다. 글로벌 마케팅이나 브랜드 마케팅 직무는 지원자들이 상대적으로 높은 어학 등급을 보유한 경우가 많아, 아예 기재하지 않는 것보다는 현재 점수라도 적어두는 것이 낫습니다. 다만 마케팅 직무는 어학 점수보다 인턴 등에서 직접 기획하고 실행한 실무 경험이 더 중요한 평가 요소이므로, 어학 점수에 과도한 시간을 쏟기보다 실무 경험을 활용하는 데 집중하는 것이 좋습니다.",링커리어 멘토링 커뮤니티 크롤링,링커리어 취업고민(문과) 게시글(post_id=6551224),https://community.linkareer.com/mentoring/6551224 (채택 답변),마케팅 직무 지원 시 오픽 점수 기재 여부에 대한 멘토링 채택 답변 종합.,2026-10-04,미검토,,상,"링커리어 취업 멘토링 Q&A의 채택 답변 기반, 질문자 개인정보는 일반화하여 제거 | 수집일: 2026-10-04",N,"마케팅 직무 공채에 지원할 때 오픽 IM3 점수를 이력서에 적는 게 나을까요?,마케팅 공채 넣는데 오픽 IM3 이력서에 써도 돼?,마케팅 공채 이력서에 오픽 IM3 적는 게 이득임?,마케팅 직무 공채 오픽 IM3 이력서 기재,저는 마케팅 직무 공채에 지원하는데 오픽 IM3 점수를 이력서에 쓸지 고민이에요,마케팅 공채 이력서에 오픽 IM3 기재할지 알려주세요,오픽 IM3 기재,마케팅 직무 공채 입사 지원서 이력서에 오픽 IM3 성적을 적어야 하나요?,마케팅 공채 이력서에 오픽 IM3를 쓰면 오히려 불리할까요?",마케팅 직무 공채에 지원할 때 오픽 IM3 점수를 이력서에 적는 게 나을까요?,마케팅 공채 넣는데 오픽 IM3 이력서에 써도 돼?,마케팅 공채 이력서에 오픽 IM3 적는 게 이득임?,마케팅 직무 공채 오픽 IM3 이력서 기재,저는 마케팅 직무 공채에 지원하는데 오픽 IM3 점수를 이력서에 쓸지 고민이에요,마케팅 공채 이력서에 오픽 IM3 기재할지 알려주세요,오픽 IM3 기재,마케팅 직무 공채 입사 지원서 이력서에 오픽 IM3 성적을 적어야 하나요?,마케팅 공채 이력서에 오픽 IM3를 쓰면 오히려 불리할까요?
285,322,L-C06-011,역량개발·준비계획,영업·마케팅,"BM(브랜드 매니저) 직무를 목표로 한다면 대학 저학년 때부터 전공, 자격증, 대외활동을 어떻게 준비해야 하나요?","BM은 하나의 브랜드나 상품을 맡아 시장과 소비자를 분석하고 전략을 세워 출시·마케팅·매출까지 관리하는 역할에 가까워, 마케팅 역량과 함께 상품·숫자를 함께 보는 역량이 중요합니다. 상경계열 복수전공은 비즈니스 기본기를 쌓는 데 도움이 되지만 필수는 아니며, 다른 전공의 강점을 유지하면서 상경 지식을 보완하는 조합도 충분히 가능합니다. 저학년 때는 자격증이나 공모전 개수를 서둘러 채우기보다 관심 있는 브랜드를 정해 타깃, 경쟁사, 가격, 프로모션을 직접 분석해보는 연습을 하고, 학년이 올라가면서 관련 학회·대외활동과 실제 기업 프로젝트·인턴으로 경험의 깊이를 높여가는 흐름이 추천됩니다. 채용에서는 활동 개수보다 소비자 문제를 어떻게 발견하고 어떤 전략을 제안·실행했으며 결과가 어땠는지 설명할 수 있는 경험이 더 중요합니다.",링커리어 멘토링 커뮤니티 크롤링,링커리어 취업고민(문과) 게시글(post_id=6521082),https://community.linkareer.com/mentoring/6521082 (채택 답변),BM 직무를 목표로 하는 저학년 학생의 준비 계획에 대한 멘토링 채택 답변 종합.,2026-10-04,미검토,,중,"링커리어 취업 멘토링 Q&A의 채택 답변 기반, 질문자 개인정보는 일반화하여 제거 | 수집일: 2026-10-04",N,"BM(브랜드 매니저)을 목표로 할 때 저학년 때부터 전공과 자격증과 대외활동을 어떻게 준비하나요?,BM 하고 싶은데 저학년 때부터 전공 자격증 대외활동 뭐 준비해?,브랜드 매니저 BM 목표인 저학년인데 전공 자격증 대외활 어케 준비해요?,BM 브랜드 매니저 저학년 전공 자격증 대외활동 준비,저는 대학 저학년인데 BM(브랜드 매니저) 직무를 목표로 전공과 자격증과 대외활동을 어떻게 준비할까요?,BM 브랜드 매니저 목표 저학년 준비 방법 좀 알려주세요,BM 저학년 준비,BM(브랜드 매니저) 직무 취업을 위해 대학 저학년 때부터 할 준비는 무엇인가요?,저학년부터 BM 브랜드 매니저만 보고 준비해도 괜찮을까요?",BM(브랜드 매니저)을 목표로 할 때 저학년 때부터 전공과 자격증과 대외활동을 어떻게 준비하나요?,BM 하고 싶은데 저학년 때부터 전공 자격증 대외활동 뭐 준비해?,브랜드 매니저 BM 목표인 저학년인데 전공 자격증 대외활 어케 준비해요?,BM 브랜드 매니저 저학년 전공 자격증 대외활동 준비,저는 대학 저학년인데 BM(브랜드 매니저) 직무를 목표로 전공과 자격증과 대외활동을 어떻게 준비할까요?,BM 브랜드 매니저 목표 저학년 준비 방법 좀 알려주세요,BM 저학년 준비,BM(브랜드 매니저) 직무 취업을 위해 대학 저학년 때부터 할 준비는 무엇인가요?,저학년부터 BM 브랜드 매니저만 보고 준비해도 괜찮을까요?
286,323,L-C06-012,역량개발·준비계획,금융·회계,"회계·세무를 공부해온 상황에서 회계 직무와 자금(투자운용·신탁 등) 직무 중 어느 쪽을 준비해야 하며, 단기 근로 경력이 취업에 도움이 되는지 궁금합니다.","지금까지 회계·세법을 중심으로 공부했다면 투자자산운용사나 신탁 관련 자격증까지 새로 준비하기보다는 기존에 쌓은 역량과 연결되는 회계 직무를 중심으로 준비하는 방향이 더 효율적입니다. 사기업 회계·재무 직무 준비에는 재경관리사, 전산세무, 어학 스피킹 점수 정도가 핵심이며, 컴활이나 한국사, 투자 관련 자격증은 상대적으로 우선순위가 낮습니다. 국세청 단기 근로와 같은 짧은 공공기관 근무 경험도 실전 업무 역량을 보여줄 수 있는 경력으로 이력서에 활용할 수 있으며, 중고신입과 일경험을 중시하는 채용 환경에서 완전한 무경력보다는 도움이 됩니다. 처음에는 중소기업에서 경력을 쌓고 이후 중견기업으로 이직하는 경로도 현실적인 방법으로 제시됩니다.",링커리어 멘토링 커뮤니티 크롤링,링커리어 취업고민(문과) 게시글(post_id=6522907),https://community.linkareer.com/mentoring/6522907 (채택 답변),회계·재무 직무 준비 방향과 단기 근로 경력의 가치에 대한 멘토링 채택 답변 종합.,2026-10-04,미검토,,중,"링커리어 취업 멘토링 Q&A의 채택 답변 기반, 질문자 개인정보는 일반화하여 제거 | 수집일: 2026-10-04",N,"회계·세무를 공부했을 때 회계 직무와 자금(투자운용·신탁) 직무 중 무엇을 준비하고 단기 근로 경력은 도움이 되나요?,회계 세무 공부했는데 회계랑 자금 직무 중 뭐 해야 돼? 단기 근로도 도움 돼?,회계 세무 공부한 취준생인데 회계 vs 자금 직무 머 준비하고 단기 알바 경력 쓸모 있어요?,회계 세무 공부 회계 직무 자금 직무 선택 단기 근로 경력,저는 회계·세무를 공부해왔는데 회계 직무와 자금 직무 중 무엇을 준비할지와 단기 근로 경력이 도움이 되는지 궁금해요,회계 세무 공부한 사람의 회계 자금 직무 선택과 단기 근로 경력 활용 좀 알려주세요,회계 vs 자금 직무,회계·세무 공부 이력으로 회계 직무와 자금 직무 중 어느 쪽 입사를 준비하고 단기 근로 경력은 어떻게 보나요?,회계 세무 공부했는데 자금 직무를 준비하면 불리할까요?",회계·세무를 공부했을 때 회계 직무와 자금(투자운용·신탁) 직무 중 무엇을 준비하고 단기 근로 경력은 도움이 되나요?,회계 세무 공부했는데 회계랑 자금 직무 중 뭐 해야 돼? 단기 근로도 도움 돼?,회계 세무 공부한 취준생인데 회계 vs 자금 직무 머 준비하고 단기 알바 경력 쓸모 있어요?,회계 세무 공부 회계 직무 자금 직무 선택 단기 근로 경력,저는 회계·세무를 공부해왔는데 회계 직무와 자금 직무 중 무엇을 준비할지와 단기 근로 경력이 도움이 되는지 궁금해요,회계 세무 공부한 사람의 회계 자금 직무 선택과 단기 근로 경력 활용 좀 알려주세요,회계 vs 자금 직무,회계·세무 공부 이력으로 회계 직무와 자금 직무 중 어느 쪽 입사를 준비하고 단기 근로 경력은 어떻게 보나요?,회계 세무 공부했는데 자금 직무를 준비하면 불리할까요?
287,324,L-C03-011,이력서·자소서,공통,"자기소개서 문항 중 두 문항의 답변 내용을 서로 바꿔서 제출했을 때, 서류 통과에 어떤 영향이 있나요?","자기소개서 문항과 답변 내용이 서로 맞지 않게 제출된 경우, 평가자가 질문에 맞지 않는 답변으로 인식해 서류 통과 가능성이 낮아질 수 있는 명확한 실수로 간주됩니다. 단순 오타 수준이 아니라 문항과 내용이 아예 어긋난 경우이므로 영향이 작다고 보기는 어렵습니다. 지원서 수정이나 재제출이 아직 가능한 상태라면 즉시 수정하는 것이 최선이며, 이미 마감되어 수정이 불가능하다면 해당 지원 건에 대한 기대는 접고 이후 지원서 작성 시 제출 전 문항과 답변이 정확히 일치하는지 다시 확인하는 습관을 들이는 것이 중요합니다.",링커리어 멘토링 커뮤니티 크롤링,링커리어 취업고민(문과) 게시글(post_id=6550684),https://community.linkareer.com/mentoring/6550684 (채택 답변),자소서 문항과 답변이 뒤바뀌어 제출된 경우에 대한 멘토링 채택 답변 종합.,2026-10-04,미검토,,상,"링커리어 취업 멘토링 Q&A의 채택 답변 기반, 질문자 개인정보는 일반화하여 제거 | 수집일: 2026-10-04",N,"자기소개서 두 문항의 답을 서로 바꿔 냈다면 서류 통과에 어떤 영향이 있나요?,자기소개서 두 문항 답변 바꿔서 냈어 서류 어떻게 돼?,자소서 문항 두 개 답 바꿔 제출함 서탈임?,자기소개서 문항 답변 바꿔 제출 서류 영향,저는 자기소개서 두 문항의 답변을 서로 바꿔서 제출했는데 서류 통과에 영향이 있을까요?,자기소개서 문항 답변을 바꿔 냈을 때 영향 좀 알려주세요,자소서 문항 답변 뒤바뀜,입사 지원 자기소개서 두 문항의 답변 내용이 뒤바뀐 채 제출되면 서류 전형에 어떤 영향이 있나요?,자기소개서 두 문항 답변을 바꿔 냈는데 바로 떨어질까요?",자기소개서 두 문항의 답을 서로 바꿔 냈다면 서류 통과에 어떤 영향이 있나요?,자기소개서 두 문항 답변 바꿔서 냈어 서류 어떻게 돼?,자소서 문항 두 개 답 바꿔 제출함 서탈임?,자기소개서 문항 답변 바꿔 제출 서류 영향,저는 자기소개서 두 문항의 답변을 서로 바꿔서 제출했는데 서류 통과에 영향이 있을까요?,자기소개서 문항 답변을 바꿔 냈을 때 영향 좀 알려주세요,자소서 문항 답변 뒤바뀜,입사 지원 자기소개서 두 문항의 답변 내용이 뒤바뀐 채 제출되면 서류 전형에 어떤 영향이 있나요?,자기소개서 두 문항 답변을 바꿔 냈는데 바로 떨어질까요?
288,325,L-C03-012,이력서·자소서,공통,"해외대학을 졸업했고 영어 성적이 높지 않을 때, 자기소개서나 이력서에 영어 성적을 기재해야 하나요?","채용공고에 해외대학 졸업자는 공인 영어성적 제출이 불필요하다고 명시되어 있다면, 점수가 높지 않은 경우 굳이 기재하지 않아도 됩니다. 다만 공고에서 필수 제출 항목으로 요구하거나 일정 점수 이상을 지원 자격으로 명시했다면 해당 기준에 맞춰 제출해야 합니다. 명시된 기준이 없다면 오픽 IH 수준 이상인 경우에는 기재하는 것이 무난하고, 그보다 낮은 점수라면 점수를 올린 뒤 기재하거나 생략하는 것이 좋습니다. 자기소개서에는 점수 자체를 언급하기보다 해외대학에서 영어로 수업을 듣고 발표·팀프로젝트를 수행한 경험 중 직무와 관련된 내용을 풀어서 작성하는 것이 효과적입니다.",링커리어 멘토링 커뮤니티 크롤링,링커리어 취업고민(문과) 게시글(post_id=6488097),https://community.linkareer.com/mentoring/6488097 (채택 답변),해외대학 졸업자의 영어 성적 기재 여부에 대한 멘토링 채택 답변 종합.,2026-10-04,미검토,,상,"링커리어 취업 멘토링 Q&A의 채택 답변 기반, 질문자 개인정보는 일반화하여 제거 | 수집일: 2026-10-04",N,"해외대학 졸업에 영어 점수가 높지 않으면 자기소개서나 이력서에 영어 성적을 꼭 적어야 하나요?,해외대 나왔는데 영어 점수 별로야 이력서에 꼭 써야 돼?,해외대 졸업인데 영어 성적 낮음 자소서 이력서에 적어야 함?,해외대학 졸업 낮은 영어 성적 이력서 기재,저는 해외대학을 졸업했는데 영어 성적이 높지 않아서 이력서에 적을지 고민이에요,해외대학 졸업자의 영어 성적 기재 여부 좀 알려주세요,해외대 영어 성적 기재,해외대학 졸업자가 입사 지원 이력서에 높지 않은 영어 성적을 기재해야 하나요?,해외대학 졸업인데 영어 성적을 안 적으면 불리할까요?",해외대학 졸업에 영어 점수가 높지 않으면 자기소개서나 이력서에 영어 성적을 꼭 적어야 하나요?,해외대 나왔는데 영어 점수 별로야 이력서에 꼭 써야 돼?,해외대 졸업인데 영어 성적 낮음 자소서 이력서에 적어야 함?,해외대학 졸업 낮은 영어 성적 이력서 기재,저는 해외대학을 졸업했는데 영어 성적이 높지 않아서 이력서에 적을지 고민이에요,해외대학 졸업자의 영어 성적 기재 여부 좀 알려주세요,해외대 영어 성적 기재,해외대학 졸업자가 입사 지원 이력서에 높지 않은 영어 성적을 기재해야 하나요?,해외대학 졸업인데 영어 성적을 안 적으면 불리할까요?
289,326,L-C03-013,이력서·자소서,공통,"지원하는 기업의 경력사항 입력란에 '인턴' 항목이 없고 계약직·정규직만 있을 때, 인턴 경력을 어떻게 기재해야 하나요?","별도의 인턴 항목이 없는 경우, 인턴도 근로 기간이 정해진 계약의 일종이므로 계약직 범주로 선택해 기재해도 무방합니다. 다만 추후 경력증명서 등 서류와 비교했을 때 오해가 생기지 않도록 직위나 업무 내용을 적는 칸에 인턴이었다는 점을 명확히 언급하는 것이 좋습니다. 업무 내용은 맡았던 업무와 성과를 중심으로 간결하고 구체적으로 작성하는 것이 권장됩니다.",링커리어 멘토링 커뮤니티 크롤링,링커리어 취업고민(문과) 게시글(post_id=6518665),https://community.linkareer.com/mentoring/6518665 (채택 답변),경력사항 입력란에 인턴 항목이 없을 때의 기재 방법에 대한 멘토링 채택 답변 종합.,2026-10-04,미검토,,상,"링커리어 취업 멘토링 Q&A의 채택 답변 기반, 질문자 개인정보는 일반화하여 제거 | 수집일: 2026-10-04",N,"경력사항 입력란에 인턴 항목 없이 계약직과 정규직만 있으면 인턴 경력은 어떻게 적나요?,경력란에 인턴은 없고 계약직 정규직만 있어 인턴은 어떻게 써?,지원서 경력란에 인턴 칸이 없음 계약직 정규직 중 머로 적어요?,경력사항 인턴 항목 없음 계약직 정규직 기재,저는 지원하는 기업 경력사항에 인턴 항목이 없고 계약직·정규직만 있는데 인턴 경력을 어떻게 적을까요?,경력란에 인턴 항목이 없을 때 인턴 경력 기재법 좀 알려주세요,인턴 항목 없을 때 기재,입사 지원서 경력사항에 인턴 선택지가 없을 때 인턴 경력은 어떤 고용형태로 기재하나요?,인턴 경력을 계약직으로 적어도 괜찮을까요?",경력사항 입력란에 인턴 항목 없이 계약직과 정규직만 있으면 인턴 경력은 어떻게 적나요?,경력란에 인턴은 없고 계약직 정규직만 있어 인턴은 어떻게 써?,지원서 경력란에 인턴 칸이 없음 계약직 정규직 중 머로 적어요?,경력사항 인턴 항목 없음 계약직 정규직 기재,저는 지원하는 기업 경력사항에 인턴 항목이 없고 계약직·정규직만 있는데 인턴 경력을 어떻게 적을까요?,경력란에 인턴 항목이 없을 때 인턴 경력 기재법 좀 알려주세요,인턴 항목 없을 때 기재,입사 지원서 경력사항에 인턴 선택지가 없을 때 인턴 경력은 어떤 고용형태로 기재하나요?,인턴 경력을 계약직으로 적어도 괜찮을까요?
290,327,L-C06-013,역량개발·준비계획,영업·마케팅,"마케팅 직무 취업을 목표로 할 때, 해외 대학의 마케팅 석사(MiM) 과정에 진학하는 것이 취업 준비에 도움이 되나요?","국내 사기업 마케팅 직무는 대부분 석사 학위를 요구하지 않으며, 인턴이나 포트폴리오 경험을 쌓은 학사 지원자가 많습니다. 글로벌 역량은 해외 석사가 아니더라도 어학 성적이나 교환학생, 글로벌 마케팅 인턴 경험으로도 충분히 어필할 수 있습니다. 반면 해외 석사를 위해 취업 시점을 1~2년 이상 늦추는 것은 신입 채용 시장에서 적지 않은 디메릿으로 작용할 수 있습니다. 연구가 목적이 아니라 취업이 목적이라면, 해외 마케팅 석사보다는 지금 바로 인턴 경험과 포트폴리오를 쌓아 신입 지원을 준비하는 것이 더 현실적인 선택으로 권장됩니다.",링커리어 멘토링 커뮤니티 크롤링,링커리어 취업고민(문과) 게시글(post_id=6517951),https://community.linkareer.com/mentoring/6517951 (채택 답변),마케팅 취업 준비 과정에서 해외 마케팅 석사 진학의 효용에 대한 멘토링 채택 답변 종합.,2026-10-04,미검토,,중,"링커리어 취업 멘토링 Q&A의 채택 답변 기반, 질문자 개인정보는 일반화하여 제거 | 수집일: 2026-10-04",N,"마케팅 직무 취업을 위해 해외 대학 마케팅 석사(MiM)에 가는 것이 도움이 되나요?,마케팅 취업하려고 해외 MiM 석사 가는 거 도움 돼?,마케팅 취준 대신 해외 MiM 석사 가면 스펙 됨?,마케팅 직무 해외 마케팅 석사 MiM 진학,저는 마케팅 직무 취업을 목표로 하는데 해외 대학 마케팅 석사(MiM)에 진학하는 게 도움이 될까요?,마케팅 직무 취업에 해외 MiM 석사가 도움 되는지 알려주세요,해외 MiM 석사 마케팅,마케팅 직무 입사 준비 과정으로 해외 대학 MiM 석사 진학이 효과가 있나요?,마케팅 직무 취업 전에 해외 MiM 석사를 가도 괜찮을까요?",마케팅 직무 취업을 위해 해외 대학 마케팅 석사(MiM)에 가는 것이 도움이 되나요?,마케팅 취업하려고 해외 MiM 석사 가는 거 도움 돼?,마케팅 취준 대신 해외 MiM 석사 가면 스펙 됨?,마케팅 직무 해외 마케팅 석사 MiM 진학,저는 마케팅 직무 취업을 목표로 하는데 해외 대학 마케팅 석사(MiM)에 진학하는 게 도움이 될까요?,마케팅 직무 취업에 해외 MiM 석사가 도움 되는지 알려주세요,해외 MiM 석사 마케팅,마케팅 직무 입사 준비 과정으로 해외 대학 MiM 석사 진학이 효과가 있나요?,마케팅 직무 취업 전에 해외 MiM 석사를 가도 괜찮을까요?
291,328,L-C03-014,이력서·자소서,경영·사무·인사,"직무를 전환해 신입으로 지원할 때, 과거의 정규직 경력과 함께 중간에 정규직 전환이 되지 않은 계약직 경력도 이력서에 모두 기재해야 하나요?","직무를 전환해 지원하더라도 과거의 정규직 경력과 계약직 경력 모두 실제 직장 경험이므로 이력서에 함께 기재하는 것이 좋습니다. 계약직이었다는 사실 자체가 감점 요인은 아니며, 각 경력에서 실제로 수행한 업무를 개조식으로 구체적으로 작성하면 됩니다. 계약직이 정규직으로 전환되지 않은 경우에도 숨길 필요는 없고, 면접에서 이유를 질문받으면 회사 내부 사정으로 전환이 이루어지지 않았다고 사실대로 설명하면 됩니다. 직무를 전환하는 이유만 자기소개서나 면접에서 명확하게 전달하면 기존 경력을 숨기지 않아도 무방합니다.",링커리어 멘토링 커뮤니티 크롤링,링커리어 취업고민(문과) 게시글(post_id=6558751),https://community.linkareer.com/mentoring/6558751 (채택 답변),직무 전환 지원 시 이전 정규직·계약직 경력의 이력서 기재 방법에 대한 멘토링 채택 답변 종합.,2026-10-04,미검토,,상,"링커리어 취업 멘토링 Q&A의 채택 답변 기반, 질문자 개인정보는 일반화하여 제거 | 수집일: 2026-10-04",N,"직무를 바꿔 신입으로 지원할 때 이전 정규직 경력과 정규직 전환 안 된 계약직 경력도 모두 이력서에 적어야 하나요?,직무 바꿔서 신입 지원하는데 예전 정규직이랑 전환 안 된 계약직도 다 써야 돼?,직무 전환 신입 지원 중인데 정규직 경력이랑 계약직 경력 이력서에 다 적어요?,직무 전환 신입 지원 정규직 계약직 경력 이력서 기재,저는 직무를 바꿔 신입으로 지원하는데 과거 정규직 경력과 전환 안 된 계약직 경력을 모두 써야 할까요?,직무 전환 신입 지원 시 정규직 계약직 경력 기재법 좀 알려주세요,직무 전환 계약직 경력 기재,직무 전환 후 신입 입사 지원 이력서에 이전 정규직 경력과 계약직 경력을 모두 기재하나요?,직무 전환 신입 지원에서 정규직 전환 안 된 계약직 경력을 적으면 불리할까요?",직무를 바꿔 신입으로 지원할 때 이전 정규직 경력과 정규직 전환 안 된 계약직 경력도 모두 이력서에 적어야 하나요?,직무 바꿔서 신입 지원하는데 예전 정규직이랑 전환 안 된 계약직도 다 써야 돼?,직무 전환 신입 지원 중인데 정규직 경력이랑 계약직 경력 이력서에 다 적어요?,직무 전환 신입 지원 정규직 계약직 경력 이력서 기재,저는 직무를 바꿔 신입으로 지원하는데 과거 정규직 경력과 전환 안 된 계약직 경력을 모두 써야 할까요?,직무 전환 신입 지원 시 정규직 계약직 경력 기재법 좀 알려주세요,직무 전환 계약직 경력 기재,직무 전환 후 신입 입사 지원 이력서에 이전 정규직 경력과 계약직 경력을 모두 기재하나요?,직무 전환 신입 지원에서 정규직 전환 안 된 계약직 경력을 적으면 불리할까요?
292,329,L-C06-014,역량개발·준비계획,영업·마케팅,"식품업계 제품마케팅 직무를 목표로 관련 인턴 경험이 없을 때, 어떤 자격증·어학·활동을 준비하는 것이 좋을까요?","마케팅 직무는 전공이나 자격증이 결정적인 약점으로 작용하지는 않으며, 지금은 자격증 개수를 늘리기보다 식품과 제품마케팅에 대한 관심을 실제 경험으로 보여주는 것이 더 중요합니다. 관심 있는 식품 카테고리를 하나 정해 소비자 리뷰, 경쟁 제품, 가격, 트렌드를 분석하고 신제품 콘셉트와 타깃, 포지셔닝, 프로모션까지 제안해보는 개인 프로젝트를 만들어보는 것이 추천됩니다. 동시에 식품기업의 마케팅·상품기획 인턴과 관련 대외활동에 적극적으로 지원하고, 어학은 기본 지원 요건을 충족하는 수준이면 충분합니다. 데이터 분석 역량을 보여줄 수 있는 GA, SQLD, ADsP 등의 자격증과 실무 엑셀 활용 능력을 갖추는 것은 장기적으로 도움이 됩니다.",링커리어 멘토링 커뮤니티 크롤링,링커리어 취업고민(문과) 게시글(post_id=6539485),https://community.linkareer.com/mentoring/6539485 (채택 답변),식품업계 제품마케팅 준비를 위한 자격증·경험 전략에 대한 멘토링 채택 답변 종합.,2026-10-04,미검토,,중,"링커리어 취업 멘토링 Q&A의 채택 답변 기반, 질문자 개인정보는 일반화하여 제거 | 수집일: 2026-10-04",N,"식품업계 제품마케팅을 목표로 하는데 관련 인턴이 없으면 어떤 자격증과 어학과 활동을 준비해야 하나요?,식품 제품마케팅 하고 싶은데 인턴 경험 없어 뭐 준비해?,식품업계 제품마케팅 인턴 없음 자격증 어학 대외활 머 해요?,식품업계 제품마케팅 인턴 없음 자격증 어학 활동 준비,저는 식품업계 제품마케팅 직무를 목표로 하는데 관련 인턴 경험이 없어서 무엇을 준비할지 고민이에요,식품업계 제품마케팅 준비 방법 좀 알려주세요,식품 제품마케팅 준비,식품업계 제품마케팅 직무 입사 준비에서 인턴 경험 없이 어떤 자격증과 활동을 쌓나요?,식품업계 제품마케팅 인턴 경험이 없으면 불리할까요?",식품업계 제품마케팅을 목표로 하는데 관련 인턴이 없으면 어떤 자격증과 어학과 활동을 준비해야 하나요?,식품 제품마케팅 하고 싶은데 인턴 경험 없어 뭐 준비해?,식품업계 제품마케팅 인턴 없음 자격증 어학 대외활 머 해요?,식품업계 제품마케팅 인턴 없음 자격증 어학 활동 준비,저는 식품업계 제품마케팅 직무를 목표로 하는데 관련 인턴 경험이 없어서 무엇을 준비할지 고민이에요,식품업계 제품마케팅 준비 방법 좀 알려주세요,식품 제품마케팅 준비,식품업계 제품마케팅 직무 입사 준비에서 인턴 경험 없이 어떤 자격증과 활동을 쌓나요?,식품업계 제품마케팅 인턴 경험이 없으면 불리할까요?
293,330,L-C04-010,경험·포트폴리오,영업·마케팅,"MD·상품기획 직무 취업이 어렵게 느껴질 때, 기존 경험(마케팅 인턴, 유통관리사 등)을 살려 보완해야 할 역량이나 경험은 무엇인가요?","마케팅 프로젝트 경험과 유통관리사 자격은 MD 직무에서 소비자·시장 분석, 상품·프로모션 기획 역량으로 충분히 연결할 수 있는 소재입니다. 다만 실제 상품 소싱, 매출 분석, 재고관리 같은 경험이 부족하다면 이를 보완하는 것이 중요하며, 자격증을 추가하기보다 직접 상품 하나를 선정해 경쟁사·가격·고객·판매데이터를 분석하고 상품 및 프로모션안을 만드는 개인 프로젝트를 진행하는 방법이 추천됩니다. 지원 직무를 넓힐 경우에는 기존 경험과 결이 다른 물류보다, 마케팅·유통 경험과 자연스럽게 연결되는 영업관리 쪽으로 넓히는 것이 더 효과적입니다.",링커리어 멘토링 커뮤니티 크롤링,링커리어 취업고민(문과) 게시글(post_id=6528784),https://community.linkareer.com/mentoring/6528784 (채택 답변),MD·상품기획 준비생의 경험 보완 전략에 대한 멘토링 채택 답변 종합.,2026-10-04,미검토,,중,"링커리어 취업 멘토링 Q&A의 채택 답변 기반, 질문자 개인정보는 일반화하여 제거 | 수집일: 2026-10-04",N,"MD·상품기획 취업이 어려울 때 마케팅 인턴과 유통관리사 같은 경험을 살려 무엇을 더 채워야 하나요?,MD 상품기획 취업 어려운데 마케팅 인턴이랑 유통관리사로 뭘 더 보완해?,MD 상품기획 취준 중인데 마케팅 인턴 유통관리사 있음 머 보완해요?,MD 상품기획 마케팅 인턴 유통관리사 보완 역량,저는 마케팅 인턴과 유통관리사 경험이 있는데 MD·상품기획 직무 취업을 위해 무엇을 보완할까요?,MD 상품기획 직무 보완할 역량과 경험 좀 알려주세요,MD 상품기획 보완,MD·상품기획 직무 입사 준비에서 마케팅 인턴과 유통관리사 경험을 살려 무엇을 더 쌓나요?,마케팅 인턴과 유통관리사만으로 MD 상품기획 지원하면 부족할까요?",MD·상품기획 취업이 어려울 때 마케팅 인턴과 유통관리사 같은 경험을 살려 무엇을 더 채워야 하나요?,MD 상품기획 취업 어려운데 마케팅 인턴이랑 유통관리사로 뭘 더 보완해?,MD 상품기획 취준 중인데 마케팅 인턴 유통관리사 있음 머 보완해요?,MD 상품기획 마케팅 인턴 유통관리사 보완 역량,저는 마케팅 인턴과 유통관리사 경험이 있는데 MD·상품기획 직무 취업을 위해 무엇을 보완할까요?,MD 상품기획 직무 보완할 역량과 경험 좀 알려주세요,MD 상품기획 보완,MD·상품기획 직무 입사 준비에서 마케팅 인턴과 유통관리사 경험을 살려 무엇을 더 쌓나요?,마케팅 인턴과 유통관리사만으로 MD 상품기획 지원하면 부족할까요?
294,331,L-C02-007,채용공고·지원전략,영업·마케팅,"해외영업/무역 직무에 지원할 때 특이한 학력 배경이나 평이한 스펙이 걱정될 경우, 서류에서 무엇을 중심으로 어필하고 어떤 범위까지 지원을 넓혀야 하나요?","해외영업 직무는 중견 이상 지원자들도 상당수 오픽 AL 수준의 어학 점수를 보유하고 있어, 어학 점수보다 직무 경험으로 차별화하는 것이 중요합니다. B2B·B2C 중 지원 분야를 정한 뒤 해당 산업의 시장 이해, 경쟁사 및 제품 분석, 거래처 관리, 공급망 관리 관련 역량을 쌓거나 자기소개서에 구체적으로 녹여내는 것이 권장됩니다. 특이한 학력 배경 자체보다 산업에 대한 이해도와 실제로 새로운 것을 배워 체화한 경험을 보여주는 것이 더 중요하며, 해외영업뿐 아니라 무역·영업관리 등으로 지원 범위를 넓히는 것도 추천됩니다.",링커리어 멘토링 커뮤니티 크롤링,링커리어 취업고민(문과) 게시글(post_id=6537439),https://community.linkareer.com/mentoring/6537439 (채택 답변),해외영업/무역 직무 지원 시 어필 포인트와 지원 범위 확대에 대한 멘토링 채택 답변 종합.,2026-10-04,미검토,,상,"링커리어 취업 멘토링 Q&A의 채택 답변 기반, 질문자 개인정보는 일반화하여 제거 | 수집일: 2026-10-04",N,"해외영업/무역 지원 시 특이한 학력이나 평범한 스펙이 걱정되면 서류에서 무엇을 강조하고 어디까지 지원해야 하나요?,해외영업 무역 지원하는데 학력 특이하고 스펙 평범해 서류에 뭘 어필하고 어디까지 넣어?,해외영업 무역 스펙 평범한데 서류 머 어필하고 지원 범위 어케 잡아요?,해외영업 무역 특이 학력 평이한 스펙 서류 어필 지원 범위,저는 해외영업/무역 직무를 준비하는데 학력 배경이 특이하고 스펙이 평범해서 서류 어필과 지원 범위가 고민이에요,해외영업 무역 서류 어필 포인트와 지원 범위 좀 알려주세요,해외영업 무역 평범한 스펙,해외영업/무역 직무 입사 지원 서류에서 평이한 스펙을 보완할 어필 포인트와 지원 범위는 무엇인가요?,해외영업 무역 직무에 학력이 특이하고 스펙이 평범하면 불리할까요?",해외영업/무역 지원 시 특이한 학력이나 평범한 스펙이 걱정되면 서류에서 무엇을 강조하고 어디까지 지원해야 하나요?,해외영업 무역 지원하는데 학력 특이하고 스펙 평범해 서류에 뭘 어필하고 어디까지 넣어?,해외영업 무역 스펙 평범한데 서류 머 어필하고 지원 범위 어케 잡아요?,해외영업 무역 특이 학력 평이한 스펙 서류 어필 지원 범위,저는 해외영업/무역 직무를 준비하는데 학력 배경이 특이하고 스펙이 평범해서 서류 어필과 지원 범위가 고민이에요,해외영업 무역 서류 어필 포인트와 지원 범위 좀 알려주세요,해외영업 무역 평범한 스펙,해외영업/무역 직무 입사 지원 서류에서 평이한 스펙을 보완할 어필 포인트와 지원 범위는 무엇인가요?,해외영업 무역 직무에 학력이 특이하고 스펙이 평범하면 불리할까요?
295,332,L-C06-015,역량개발·준비계획,경영·사무·인사,"HR 직무로 취업을 준비할 때, 어학 성적 외에 직무 경험을 어떤 방식으로, 어떤 규모의 회사에서부터 쌓아가야 하나요?","HR 직무는 전공과 무관하게 다양한 배경의 사람들이 배치되는 경우가 많아 전공보다 직무 경험을 쌓는 것이 중요합니다. 중견기업으로의 중고신입 이직을 염두에 둔다면 중소기업 정규직보다 어느 정도 규모가 있는 기업의 인턴 경험이 더 유리할 수 있습니다. 어학은 토익보다 토스나 오픽처럼 실무형 어학 점수를 목표로 준비하는 것이 도움이 되며, 데이터 분석과 실무 엑셀 활용 능력을 함께 갖추는 것도 추천됩니다. 직무 경험이 부족한 것이 가장 큰 약점이므로 인턴과 계약직을 가리지 않고 폭넓게 지원해 하루빨리 실무 경험을 쌓는 전략이 권장되며, 반드시 한 가지 경로만 고집하지 않고 인턴과 정규직 지원을 병행하며 먼저 합격하는 쪽을 선택하는 것도 효율적인 방법입니다.",링커리어 멘토링 커뮤니티 크롤링,링커리어 취업고민(문과) 게시글(post_id=6533339),https://community.linkareer.com/mentoring/6533339 (채택 답변),HR 직무 준비를 위한 경험 축적 전략에 대한 멘토링 채택 답변 종합.,2026-10-04,미검토,,중,"링커리어 취업 멘토링 Q&A의 채택 답변 기반, 질문자 개인정보는 일반화하여 제거 | 수집일: 2026-10-04",N,"HR 직무 취업 준비에서 어학 외에 직무 경험은 어떤 방식으로 어느 규모 회사부터 쌓아야 하나요?,HR 가려는데 어학 말고 직무 경험은 어떤 회사부터 쌓아?,HR 취준 중인데 어학 말고 직무 경험 중소 중견 어디서부터 쌓아요?,HR 직무 어학 외 직무 경험 회사 규모,저는 HR 직무 취업을 준비하는데 어학 외에 직무 경험을 어떤 규모의 회사에서부터 쌓을지 고민이에요,HR 직무 경험 쌓는 방식과 회사 규모 선택 좀 알려주세요,HR 직무 경험 회사 규모,HR 직무 입사 준비에서 어학 성적 외 직무 경험은 어떤 규모의 기업에서 시작하나요?,HR 직무 경험을 작은 회사에서 시작하면 불리할까요?",HR 직무 취업 준비에서 어학 외에 직무 경험은 어떤 방식으로 어느 규모 회사부터 쌓아야 하나요?,HR 가려는데 어학 말고 직무 경험은 어떤 회사부터 쌓아?,HR 취준 중인데 어학 말고 직무 경험 중소 중견 어디서부터 쌓아요?,HR 직무 어학 외 직무 경험 회사 규모,저는 HR 직무 취업을 준비하는데 어학 외에 직무 경험을 어떤 규모의 회사에서부터 쌓을지 고민이에요,HR 직무 경험 쌓는 방식과 회사 규모 선택 좀 알려주세요,HR 직무 경험 회사 규모,HR 직무 입사 준비에서 어학 성적 외 직무 경험은 어떤 규모의 기업에서 시작하나요?,HR 직무 경험을 작은 회사에서 시작하면 불리할까요?
296,333,L-C04-011,경험·포트폴리오,공통,"실무 경험이 전혀 없는 상태에서 중소기업 인턴을 구했을 때, 회사 규모보다 실무 경험을 쌓는 것을 우선해도 될까요? 또 중소기업 인턴 이후 대기업 입사가 현실적으로 가능한가요?","실무 경험이 전혀 없는 상태라면 첫 인턴이 중소기업이라는 이유만으로 가치를 낮게 볼 필요는 없으며, 회사 규모보다 실제로 어떤 업무를 맡아 어떤 문제를 해결하고 성과를 냈는지가 더 중요합니다. 처음부터 일정 기간 후 퇴사하고 다른 인턴을 하겠다고 미리 정해둘 필요는 없고, 인턴 기간 동안 충분한 경험을 쌓았다면 또 다른 인턴보다 대기업·중견기업 신입이나 채용연계형 인턴에 바로 지원하는 것이 더 효율적일 수 있습니다. 채용연계형 인턴도 정규직 전환이 의무는 아니므로 회사의 실제 전환율을 확인하는 것이 좋고, 전환 제안을 받아도 반드시 수락해야 하는 것은 아닙니다. 중소기업 인턴 경험이 대기업 입사를 보장하지는 않지만, 그 경험에서 얻은 직무 전문성과 성과를 자기소개서와 면접에서 설득력 있게 보여줄 수 있다면 충분히 가능합니다.",링커리어 멘토링 커뮤니티 크롤링,링커리어 취업고민(문과) 게시글(post_id=6513292),https://community.linkareer.com/mentoring/6513292 (채택 답변),중소기업 인턴 경험의 가치와 대기업 지원 가능성에 대한 멘토링 채택 답변 종합.,2026-10-04,미검토,,중,"링커리어 취업 멘토링 Q&A의 채택 답변 기반, 질문자 개인정보는 일반화하여 제거 | 수집일: 2026-10-04",N,"실무 경험 없이 중소기업 인턴을 구했다면 규모보다 실무를 우선해도 되고 이후 대기업 입사도 가능한가요?,실무 경험 없는데 중소기업 인턴 붙었어 그냥 가도 돼? 나중에 대기업도 갈 수 있어?,경험 0인데 중소 인턴 가도 됨? 중소 인턴 후 대기업 가능해요?,실무 경험 없음 중소기업 인턴 대기업 입사 가능성,저는 실무 경험이 전혀 없는데 중소기업 인턴을 구했어요 회사 규모보다 실무를 우선해도 되고 나중에 대기업도 갈 수 있을까요?,중소기업 인턴 선택과 이후 대기업 입사 가능성 좀 알려주세요,중소기업 인턴 후 대기업,실무 경험 없이 중소기업 인턴으로 시작해도 이후 대기업 입사 지원이 현실적으로 가능한가요?,첫 인턴이 중소기업이면 대기업 취업에 불리할까요?",실무 경험 없이 중소기업 인턴을 구했다면 규모보다 실무를 우선해도 되고 이후 대기업 입사도 가능한가요?,실무 경험 없는데 중소기업 인턴 붙었어 그냥 가도 돼? 나중에 대기업도 갈 수 있어?,경험 0인데 중소 인턴 가도 됨? 중소 인턴 후 대기업 가능해요?,실무 경험 없음 중소기업 인턴 대기업 입사 가능성,저는 실무 경험이 전혀 없는데 중소기업 인턴을 구했어요 회사 규모보다 실무를 우선해도 되고 나중에 대기업도 갈 수 있을까요?,중소기업 인턴 선택과 이후 대기업 입사 가능성 좀 알려주세요,중소기업 인턴 후 대기업,실무 경험 없이 중소기업 인턴으로 시작해도 이후 대기업 입사 지원이 현실적으로 가능한가요?,첫 인턴이 중소기업이면 대기업 취업에 불리할까요?
297,334,L-C04-012,경험·포트폴리오,금융·회계,"대형 증권사 IB 부서의 파견계약직으로 합격했을 때, 이 경력이 향후 취업에서 정식 인턴보다 낮게 평가되거나 걸림돌이 되나요?","파견계약직은 증권사와의 직접 계약이 아니라는 점에서 정식 인턴보다 다소 낮게 평가될 수 있지만, 실무 경력을 쌓을 기회가 많지 않은 상황에서는 충분히 의미 있는 경험으로 활용할 수 있습니다. 특히 백오피스가 아닌 IB 부서처럼 실무에 가까운 부서라면 더 많은 것을 배울 수 있는 경험이 됩니다. 계약직이라는 이유로 무조건 평가가 절하되는 것은 아니며, 그 기간 동안 얼마나 주도적으로 업무를 수행했는지가 더 중요하게 평가됩니다. 다만 경력증명서에는 소속이 파견 회사로 표기될 수 있으므로 이를 사전에 확인하고, 이력서에는 실제 근무지와 직무를 명확히 구분해 기재하는 것이 좋습니다.",링커리어 멘토링 커뮤니티 크롤링,링커리어 취업고민(문과) 게시글(post_id=6540643),https://community.linkareer.com/mentoring/6540643 (채택 답변),증권사 파견계약직 경력의 취업 시 평가에 대한 멘토링 채택 답변 종합.,2026-10-04,미검토,,중,"링커리어 취업 멘토링 Q&A의 채택 답변 기반, 질문자 개인정보는 일반화하여 제거 | 수집일: 2026-10-04",N,"대형 증권사 IB 부서 파견계약직에 합격했는데 이 경력이 정식 인턴보다 낮게 보이거나 방해가 되나요?,증권사 IB 파견계약직 붙었는데 정식 인턴보다 별로로 보여?,대형 증권사 IB 파견직 합했는데 인턴보다 스펙 약함?,대형 증권사 IB 파견계약직 경력 평가,저는 대형 증권사 IB 부서 파견계약직에 합격했는데 정식 인턴보다 낮게 평가될까 걱정이에요,증권사 IB 파견계약직 경력이 어떻게 평가되는지 알려주세요,증권사 IB 파견계약직,대형 증권사 IB 부서 파견계약직 근무 경력은 향후 입사 지원에서 어떻게 평가되나요?,증권사 IB 파견계약직으로 일하면 나중에 취업에 걸림돌이 될까요?",대형 증권사 IB 부서 파견계약직에 합격했는데 이 경력이 정식 인턴보다 낮게 보이거나 방해가 되나요?,증권사 IB 파견계약직 붙었는데 정식 인턴보다 별로로 보여?,대형 증권사 IB 파견직 합했는데 인턴보다 스펙 약함?,대형 증권사 IB 파견계약직 경력 평가,저는 대형 증권사 IB 부서 파견계약직에 합격했는데 정식 인턴보다 낮게 평가될까 걱정이에요,증권사 IB 파견계약직 경력이 어떻게 평가되는지 알려주세요,증권사 IB 파견계약직,대형 증권사 IB 부서 파견계약직 근무 경력은 향후 입사 지원에서 어떻게 평가되나요?,증권사 IB 파견계약직으로 일하면 나중에 취업에 걸림돌이 될까요?
298,335,L-C05-005,면접·인적성,연구·엔지니어링·제조기술,"면접 경험이 없는 상태에서 답변 스크립트를 준비할 때, 답변 길이는 몇 초 정도가 적당하고 면접에서는 보통 몇 개의 질문을 받게 되나요?","면접 답변은 질문 하나당 30초에서 1분 내외, 3~5문장 정도로 핵심만 짧게 전달하는 것이 적절하며, 자기소개 정도만 1분 안팎으로 준비하면 충분합니다. 모든 내용을 한 번에 말하기보다 면접관이 궁금해서 추가 질문을 할 수 있도록 여지를 남기는 것이 유리합니다. 중소·강소기업 면접은 보통 15~20분 정도 진행되며 인성 질문과 직무·경험 질문을 합쳐 5~8개 정도의 질문을 받는 경우가 많습니다. 모든 질문에 대한 답변을 문장 그대로 외우기보다, 대표적인 경험 2~3가지를 상황-행동-결과 중심의 키워드로 정리해 다양한 질문에 유연하게 답변하는 연습을 하는 것이 추천됩니다. 또한 면접 질문은 자기소개서 내용을 바탕으로 나오는 경우가 많으므로 면접 전 자기소개서를 다시 숙지하는 것이 중요합니다.",링커리어 멘토링 커뮤니티 크롤링,링커리어 취업고민(이과/STEM) 게시글(post_id=6515934),https://community.linkareer.com/STEM_mentoring/6515934 (채택 답변),면접 답변 길이와 질문 구성에 대한 멘토링 채택 답변 종합.,2026-10-04,미검토,,상,"링커리어 취업 멘토링 Q&A의 채택 답변 기반, 질문자 개인정보는 일반화하여 제거 | 수집일: 2026-10-04",N,"면접 경험 없이 답변 스크립트를 준비할 때 답변은 몇 초가 적당하고 질문은 보통 몇 개 받나요?,면접 처음인데 답변 몇 초 정도로 해야 돼? 질문은 몇 개 나와?,면접 경험 없음 답변 스크립트 길이 몇 초고 질문 몇 개 받아요?,면접 답변 스크립트 길이 몇 초 질문 개수,저는 면접 경험이 없어서 답변 스크립트를 준비 중인데 답변 길이와 질문 개수가 궁금해요,면접 답변 적정 길이와 질문 개수 좀 알려주세요,면접 답변 길이 몇 초,채용 면접 답변 스크립트를 준비할 때 적정 답변 시간과 예상 질문 수는 어느 정도인가요?,면접 답변을 1분 넘게 길게 해도 괜찮을까요?",면접 경험 없이 답변 스크립트를 준비할 때 답변은 몇 초가 적당하고 질문은 보통 몇 개 받나요?,면접 처음인데 답변 몇 초 정도로 해야 돼? 질문은 몇 개 나와?,면접 경험 없음 답변 스크립트 길이 몇 초고 질문 몇 개 받아요?,면접 답변 스크립트 길이 몇 초 질문 개수,저는 면접 경험이 없어서 답변 스크립트를 준비 중인데 답변 길이와 질문 개수가 궁금해요,면접 답변 적정 길이와 질문 개수 좀 알려주세요,면접 답변 길이 몇 초,채용 면접 답변 스크립트를 준비할 때 적정 답변 시간과 예상 질문 수는 어느 정도인가요?,면접 답변을 1분 넘게 길게 해도 괜찮을까요?
299,336,L-C04-013,경험·포트폴리오,연구·엔지니어링·제조기술,"학벌·학점이 낮은 상태에서 여러 번의 단기 인턴 경험을 쌓았을 때, 이 경험들이 품질관리 등 제조 직무 지원에 경쟁력이 될 수 있나요? 너무 많은 단기 인턴 경험이 오히려 불리하게 보일 수도 있나요?","여러 차례의 단기 인턴 경험이라도 지원 직무와 관련된 업무 내용과 수행한 역할을 잘 정리해 전달할 수 있다면 충분히 경쟁력 있는 소재가 됩니다. 매출 규모가 큰 기업에서의 인턴 경험일수록 자소서나 면접에서 구체적으로 풀어내면 유리하게 작용할 수 있고, 학점이 다소 아쉬운 수준이라도 서류에서 곧바로 탈락하는 정도는 아닙니다. 짧은 인턴을 여러 번 한 것 자체가 독이 되기보다는, 지원하는 산업·직무와 관련성이 높은 인턴 경험만 선택적으로 활용하고 나머지는 간결하게 정리하는 것이 효과적입니다. 인적성 외에는 보유한 경험과 역량을 채용 기준과 실무 역할에 맞춰 잘 정리해 전달하는 것이 중요합니다.",링커리어 멘토링 커뮤니티 크롤링,링커리어 취업고민(이과/STEM) 게시글(post_id=6452364),https://community.linkareer.com/STEM_mentoring/6452364 (채택 답변),다수의 단기 인턴 경험을 제조·품질관리 직무 지원에 활용하는 방법에 대한 멘토링 채택 답변 종합.,2026-10-04,미검토,,중,"링커리어 취업 멘토링 Q&A의 채택 답변 기반, 질문자 개인정보는 일반화하여 제거 | 수집일: 2026-10-04",N,"학벌과 학점이 낮은데 단기 인턴을 여러 번 했다면 품질관리 같은 제조 직무에 경쟁력이 되고 너무 많아서 불리하진 않나요?,학벌 학점 낮은데 단기 인턴 여러 번 했어 품질관리 지원에 먹혀? 너무 많으면 별로야?,학벌 학점 낮고 단기 인턴만 여러 개임 품질관리 제조 직무 스펙 됨?,학벌 학점 낮음 단기 인턴 다수 품질관리 제조 직무 경쟁력,저는 학벌과 학점이 낮은 대신 단기 인턴을 여러 번 했는데 품질관리 등 제조 직무에 경쟁력이 될까요?,여러 단기 인턴 경험을 품질관리 제조 직무에 활용하는 법 좀 알려주세요,단기 인턴 여러 번 품질관리,여러 번의 단기 인턴 경험은 품질관리 등 제조 직무 입사 지원에서 어떻게 평가되나요?,단기 인턴이 너무 많으면 품질관리 제조 직무 지원에서 불리하게 보일까요?",학벌과 학점이 낮은데 단기 인턴을 여러 번 했다면 품질관리 같은 제조 직무에 경쟁력이 되고 너무 많아서 불리하진 않나요?,학벌 학점 낮은데 단기 인턴 여러 번 했어 품질관리 지원에 먹혀? 너무 많으면 별로야?,학벌 학점 낮고 단기 인턴만 여러 개임 품질관리 제조 직무 스펙 됨?,학벌 학점 낮음 단기 인턴 다수 품질관리 제조 직무 경쟁력,저는 학벌과 학점이 낮은 대신 단기 인턴을 여러 번 했는데 품질관리 등 제조 직무에 경쟁력이 될까요?,여러 단기 인턴 경험을 품질관리 제조 직무에 활용하는 법 좀 알려주세요,단기 인턴 여러 번 품질관리,여러 번의 단기 인턴 경험은 품질관리 등 제조 직무 입사 지원에서 어떻게 평가되나요?,단기 인턴이 너무 많으면 품질관리 제조 직무 지원에서 불리하게 보일까요?
300,337,L-C03-015,이력서·자소서,연구·엔지니어링·제조기술,"자기소개서의 '지원동기 및 입사 후 포부' 문항을 작성할 때, 기업 분석과 산업 분석을 반드시 둘 다 해야 하나요?","지원동기 문항을 작성하기 위해서는 기본적인 기업 분석이 필요하며, 지원 기업을 선택한 이유가 자기소개서에 드러나야 합니다. 산업 분석은 거창하고 깊게 할 필요는 없고, 지원 기업이 해당 산업 생태계 안에서 어떤 역할을 하는지 파악하는 최소한의 배경지식 수준이면 충분합니다. 실제로는 기업 분석에 비중을 더 두고 최소한의 산업 트렌드를 결합해 작성하는 경우가 많으며, 특히 중소·강소기업에 지원할 때는 전체 산업 통계보다 그 기업이 다루는 구체적인 제품이나 기술을 본인의 전공 역량과 연결하는 것이 서류 합격에 더 유리합니다. 기업 분석 자료는 기업 홈페이지, 상장된 경우 DART나 증권사 리포트, IR자료 등을 통해 찾을 수 있고, 비상장 중소기업은 홈페이지의 제품·기술 소개나 관련 기사, 대표 인터뷰를 활용해도 충분합니다.",링커리어 멘토링 커뮤니티 크롤링,링커리어 취업고민(이과/STEM) 게시글(post_id=6519073),https://community.linkareer.com/STEM_mentoring/6519073 (채택 답변),자소서 지원동기 작성 시 기업 분석과 산업 분석의 필요 범위에 대한 멘토링 채택 답변 종합.,2026-10-04,미검토,,상,"링커리어 취업 멘토링 Q&A의 채택 답변 기반, 질문자 개인정보는 일반화하여 제거 | 수집일: 2026-10-04",N,"자기소개서 지원동기 및 입사 후 포부 문항에 기업 분석과 산업 분석을 꼭 모두 해야 하나요?,자기소개서 지원동기랑 입사 후 포부 쓸 때 기업 분석 산업 분석 둘 다 해야 돼?,자소서 지원동기 포부 문항 기업 분석 산업 분석 다 필요함?,자기소개서 지원동기 입사 후 포부 기업 분석 산업 분석,저는 자기소개서 지원동기 및 입사 후 포부 문항을 쓰는데 기업 분석과 산업 분석을 다 해야 할지 고민이에요,지원동기 및 입사 후 포부 문항 작성 시 분석 범위 좀 알려주세요,지원동기 기업 산업 분석,자기소개서 지원동기 및 입사 후 포부 문항 작성에 기업 분석과 산업 분석이 모두 필요한가요?,지원동기 및 입사 후 포부에 산업 분석을 빼면 불리할까요?",자기소개서 지원동기 및 입사 후 포부 문항에 기업 분석과 산업 분석을 꼭 모두 해야 하나요?,자기소개서 지원동기랑 입사 후 포부 쓸 때 기업 분석 산업 분석 둘 다 해야 돼?,자소서 지원동기 포부 문항 기업 분석 산업 분석 다 필요함?,자기소개서 지원동기 입사 후 포부 기업 분석 산업 분석,저는 자기소개서 지원동기 및 입사 후 포부 문항을 쓰는데 기업 분석과 산업 분석을 다 해야 할지 고민이에요,지원동기 및 입사 후 포부 문항 작성 시 분석 범위 좀 알려주세요,지원동기 기업 산업 분석,자기소개서 지원동기 및 입사 후 포부 문항 작성에 기업 분석과 산업 분석이 모두 필요한가요?,지원동기 및 입사 후 포부에 산업 분석을 빼면 불리할까요?
301,338,L-C06-016,역량개발·준비계획,연구·엔지니어링·제조기술,"반도체 공정 직무를 희망할 때, 자격증보다 실습·프로젝트 경험을 우선해서 준비하는 것이 맞나요?","반도체 공정 직무는 자격증보다 실습이나 프로젝트 경험이 훨씬 크게 작용하는 분야이므로, 공정 실습 기회를 최우선으로 확보하고 자격증은 보조적인 수단으로 생각하는 것이 맞습니다. 직무와 직접 관련이 낮은 자격증 준비에 시간을 쏟기보다 실제로 장비를 다루거나 데이터를 분석해본 실습·학회 프로젝트 경험을 쌓는 것이 서류에서 더 설득력을 갖습니다. 지원하려는 세부 분야(공정, 신소재 등)와 관련된 전공 지식을 보여줄 수 있는 자격증은 보완적으로 취득해도 되지만, 그 하나만으로는 충분하지 않으므로 실습 경험과 함께 준비해야 합니다. 학점이 낮은 경우에는 계절학기 등을 통해 학점을 끌어올리는 것도 함께 병행하는 것이 좋습니다.",링커리어 멘토링 커뮤니티 크롤링,링커리어 취업고민(이과/STEM) 게시글(post_id=6513917),https://community.linkareer.com/STEM_mentoring/6513917 (채택 답변),반도체 공정 직무 준비에서 자격증과 실습 경험의 우선순위에 대한 멘토링 채택 답변 종합.,2026-10-04,미검토,,중,"링커리어 취업 멘토링 Q&A의 채택 답변 기반, 질문자 개인정보는 일반화하여 제거 | 수집일: 2026-10-04",N,"반도체 공정 직무를 원할 때 자격증보다 실습과 프로젝트 경험을 먼저 쌓는 게 맞나요?,반도체 공정 가려면 자격증보다 실습 프로젝트가 먼저야?,반도체 공정 직무 취준 자격증 vs 실습 프로젝트 머가 우선임?,반도체 공정 직무 자격증 실습 프로젝트 우선순위,저는 반도체 공정 직무를 희망하는데 자격증보다 실습과 프로젝트 경험을 우선하는 게 맞을까요?,반도체 공정 직무 준비 우선순위 좀 알려주세요,반도체 공정 실습 우선,반도체 공정 직무 입사 준비에서 자격증 취득보다 실습·프로젝트 경험이 더 중요한가요?,반도체 공정 직무 준비에서 자격증 없이 실습만 해도 괜찮을까요?",반도체 공정 직무를 원할 때 자격증보다 실습과 프로젝트 경험을 먼저 쌓는 게 맞나요?,반도체 공정 가려면 자격증보다 실습 프로젝트가 먼저야?,반도체 공정 직무 취준 자격증 vs 실습 프로젝트 머가 우선임?,반도체 공정 직무 자격증 실습 프로젝트 우선순위,저는 반도체 공정 직무를 희망하는데 자격증보다 실습과 프로젝트 경험을 우선하는 게 맞을까요?,반도체 공정 직무 준비 우선순위 좀 알려주세요,반도체 공정 실습 우선,반도체 공정 직무 입사 준비에서 자격증 취득보다 실습·프로젝트 경험이 더 중요한가요?,반도체 공정 직무 준비에서 자격증 없이 실습만 해도 괜찮을까요?
302,339,L-C05-006,면접·인적성,연구·엔지니어링·제조기술,"공공기관 R&D 채용의 최종면접이 10분 정도로 짧게 진행될 경우, 이미 합격자가 정해진 것은 아닌지, 이런 짧은 면접에서는 무엇을 중점적으로 평가하나요?","공공기관 R&D 채용에서 최종면접이 짧게 진행되는 것은 이미 합격자가 정해져 있어서가 아니라 흔히 있는 일반적인 방식입니다. 지원자의 연구 역량과 직무 전문성은 이미 서류전형과 PT면접에서 충분히 검증되었기 때문에, 최종면접에서는 조직 적응력과 인성, 자기소개서 내용의 진실성과 일관성, 실제 입사 의지를 중점적으로 확인하는 경우가 많습니다. 공공기관은 평가의 형평성을 위해 지원자 모두에게 동일한 시간과 질문으로 결격 사유 유무를 확인하는 경향이 있으며, 이전 단계의 평가 점수와 최종면접 점수를 합산해 선발하므로 앞 단계에서 좋은 평가를 받았다면 최종면접에서 치명적인 실수만 피하면 충분히 합격 가능성이 있습니다.",링커리어 멘토링 커뮤니티 크롤링,링커리어 취업고민(이과/STEM) 게시글(post_id=6523256),https://community.linkareer.com/STEM_mentoring/6523256 (채택 답변),공공기관 R&D 짧은 최종면접의 평가 방식에 대한 멘토링 채택 답변 종합.,2026-10-04,미검토,,상,"링커리어 취업 멘토링 Q&A의 채택 답변 기반, 질문자 개인정보는 일반화하여 제거 | 수집일: 2026-10-04",N,"공공기관 R&D 채용 최종면접이 10분 정도로 짧으면 내정자가 있는 건지 그리고 무엇을 평가하나요?,공공기관 R&D 최종면접 10분 만에 끝났는데 이미 정해진 거야? 뭘 본 거야?,공공기관 R&D 최종 면접 10분 컷 내정자 있는 거임? 머 평가해요?,공공기관 R&D 최종면접 10분 짧은 면접 평가 요소,저는 공공기관 R&D 채용 최종면접을 10분 만에 봤는데 이미 합격자가 정해진 건지 무엇을 평가한 건지 궁금해요,공공기관 R&D 짧은 최종면접의 평가 포인트 좀 알려주세요,공공기관 R&D 짧은 최종면접,공공기관 R&D 채용 전형의 10분 최종면접에서는 지원자의 무엇을 중점적으로 평가하나요?,공공기관 R&D 최종면접이 10분으로 짧게 끝나면 불합격 신호일까요?",공공기관 R&D 채용 최종면접이 10분 정도로 짧으면 내정자가 있는 건지 그리고 무엇을 평가하나요?,공공기관 R&D 최종면접 10분 만에 끝났는데 이미 정해진 거야? 뭘 본 거야?,공공기관 R&D 최종 면접 10분 컷 내정자 있는 거임? 머 평가해요?,공공기관 R&D 최종면접 10분 짧은 면접 평가 요소,저는 공공기관 R&D 채용 최종면접을 10분 만에 봤는데 이미 합격자가 정해진 건지 무엇을 평가한 건지 궁금해요,공공기관 R&D 짧은 최종면접의 평가 포인트 좀 알려주세요,공공기관 R&D 짧은 최종면접,공공기관 R&D 채용 전형의 10분 최종면접에서는 지원자의 무엇을 중점적으로 평가하나요?,공공기관 R&D 최종면접이 10분으로 짧게 끝나면 불합격 신호일까요?
303,340,L-C04-014,경험·포트폴리오,생산·물류·서비스,"품질관리 인턴 경험이 있는 상태에서 구매·자재 부서의 일경험 인턴을 하게 되었을 때, 이 경험이 생산관리 직무와 어떻게 연결되고 어떤 식으로 스토리를 구성하면 좋을까요?","구매·자재 업무는 BOM, 발주, PSI, 재고관리, 입출고 등 생산 계획과 자재 수급을 이해하는 데 직접적으로 연결되는 경험으로, 생산관리 직무와 연관성이 높다고 볼 수 있습니다. 기존 품질관리 업무에서 쌓은 측정, ERP 불량 등록, NCR 발행 등의 경험은 품질 이슈가 생산과 자재 흐름에 어떤 영향을 미치는지 이해한 경험으로 연결해 설명할 수 있습니다. 전체적으로는 품질-재고-생산으로 이어지는 흐름 속에서, 생산에 필요한 자재를 적시에 확보하고 재고를 관리하는 관점을 강조하는 방식으로 스토리를 구성하면 생산관리 직무 지원 시 활용하기 좋습니다. 다만 인턴 업무 자체의 범위가 한정적일 수 있으므로, 인턴 기간 동안 적극적으로 질문하며 프로세스와 시스템에 대한 이해를 넓히는 것이 중요합니다.",링커리어 멘토링 커뮤니티 크롤링,링커리어 취업고민(이과/STEM) 게시글(post_id=6481203),https://community.linkareer.com/STEM_mentoring/6481203 (채택 답변),품질관리·구매자재 인턴 경험을 생산관리 직무 지원 스토리로 연결하는 방법에 대한 멘토링 채택 답변 종합.,2026-10-04,미검토,,중,"링커리어 취업 멘토링 Q&A의 채택 답변 기반, 질문자 개인정보는 일반화하여 제거 | 수집일: 2026-10-04",N,"품질관리 인턴 후 구매·자재 일경험 인턴을 하게 됐는데 생산관리 직무와 어떻게 이어서 스토리를 짜나요?,품질관리 인턴 했고 이번엔 구매 자재 일경험 인턴 해 생산관리랑 어떻게 엮어?,품질관리 인턴에 구매 자재 일경험 인턴까지 생산관리 자소서 스토리 어케 짜요?,품질관리 인턴 구매 자재 일경험 생산관리 스토리 구성,저는 품질관리 인턴을 했고 구매·자재 부서 일경험 인턴을 앞두고 있는데 생산관리 직무와 어떻게 연결할까요?,품질관리와 구매 자재 경험을 생산관리 직무로 연결하는 법 좀 알려주세요,구매 자재 경험 생산관리 연결,품질관리 인턴과 구매·자재 일경험 인턴 경력을 생산관리 직무 입사 지원 스토리로 어떻게 구성하나요?,품질관리와 구매 자재 경험이 섞여 있으면 생산관리 지원에 불리할까요?",품질관리 인턴 후 구매·자재 일경험 인턴을 하게 됐는데 생산관리 직무와 어떻게 이어서 스토리를 짜나요?,품질관리 인턴 했고 이번엔 구매 자재 일경험 인턴 해 생산관리랑 어떻게 엮어?,품질관리 인턴에 구매 자재 일경험 인턴까지 생산관리 자소서 스토리 어케 짜요?,품질관리 인턴 구매 자재 일경험 생산관리 스토리 구성,저는 품질관리 인턴을 했고 구매·자재 부서 일경험 인턴을 앞두고 있는데 생산관리 직무와 어떻게 연결할까요?,품질관리와 구매 자재 경험을 생산관리 직무로 연결하는 법 좀 알려주세요,구매 자재 경험 생산관리 연결,품질관리 인턴과 구매·자재 일경험 인턴 경력을 생산관리 직무 입사 지원 스토리로 어떻게 구성하나요?,품질관리와 구매 자재 경험이 섞여 있으면 생산관리 지원에 불리할까요?
304,341,L-C02-008,채용공고·지원전략,연구·엔지니어링·제조기술,"반도체 공정기술처럼 선호도가 낮은 후순위 기업에 최종 합격한 뒤 입사를 포기하면, 다음 시즌 동일 기업 재지원 시 불이익이 있나요?","대기업·외국계·중견기업 다수는 최종 합격자의 인적 정보를 전산으로 관리하기 때문에, 최종 합격 후 입사를 포기하면 이후 동일 기업 재지원 시 서류 필터링이나 면접에서 불이익을 받을 가능성이 높습니다. 반면 전형 중간 단계에서 지원을 철회하는 것은 상대적으로 문제가 적습니다. 실제로 입사할 의향이 전혀 없다면 최종 합격 발표 전, 즉 면접 단계에서 지원을 철회하는 것이 안전합니다. 가장 현실적인 방법은 1순위 기업이 아니더라도 합격한 후순위 기업에 일단 입사해 실무 경력을 쌓으면서 이후 이직이나 재지원을 준비하는 것이며, 이 경력은 추후 1순위 기업 지원 시 중고신입 경쟁력으로 활용될 수 있습니다.",링커리어 멘토링 커뮤니티 크롤링,링커리어 취업고민(이과/STEM) 게시글(post_id=6478265),https://community.linkareer.com/STEM_mentoring/6478265 (채택 답변),입사 포기 후 재지원 시 불이익 여부에 대한 멘토링 채택 답변 종합,2026-10-04,미검토,,상,"링커리어 취업 멘토링 Q&A의 채택 답변 기반, 질문자 개인정보는 일반화하여 제거 | 수집일: 2026-10-04",N,"반도체 공정기술처럼 후순위 기업에 최종 합격하고 입사를 포기하면 다음 시즌 같은 기업 재지원에 불이익이 있나요?,반도체 공정기술 후순위 회사 최종 붙고 안 가면 다음에 다시 넣을 때 불이익 있어?,반도체 공정기술 최종 합 후 입사 포기하면 재지원 때 서탈임?,반도체 공정기술 최종 합격 입사 포기 재지원 불이익,저는 반도체 공정기술 직무로 후순위 기업에 최종 합격했는데 입사를 포기하면 다음 시즌 재지원에 불이익이 있을까요?,반도체 공정기술 최종 합격 후 입사 포기 시 재지원 영향 좀 알려주세요,최종 합격 후 포기 재지원,반도체 공정기술 직무 최종 합격 후 입사를 포기하면 같은 기업 재입사 지원에 영향이 있나요?,반도체 공정기술 최종 합격을 포기해도 다음 시즌 지원에 괜찮을까요?",반도체 공정기술처럼 후순위 기업에 최종 합격하고 입사를 포기하면 다음 시즌 같은 기업 재지원에 불이익이 있나요?,반도체 공정기술 후순위 회사 최종 붙고 안 가면 다음에 다시 넣을 때 불이익 있어?,반도체 공정기술 최종 합 후 입사 포기하면 재지원 때 서탈임?,반도체 공정기술 최종 합격 입사 포기 재지원 불이익,저는 반도체 공정기술 직무로 후순위 기업에 최종 합격했는데 입사를 포기하면 다음 시즌 재지원에 불이익이 있을까요?,반도체 공정기술 최종 합격 후 입사 포기 시 재지원 영향 좀 알려주세요,최종 합격 후 포기 재지원,반도체 공정기술 직무 최종 합격 후 입사를 포기하면 같은 기업 재입사 지원에 영향이 있나요?,반도체 공정기술 최종 합격을 포기해도 다음 시즌 지원에 괜찮을까요?
305,342,L-C05-007,면접·인적성,연구·엔지니어링·제조기술,"자기소개서의 직무 경험(전공 실습) 문항을 바탕으로 면접을 준비할 때, AI가 뽑아준 예상 질문의 답변만 외우면 되는지, 관련 전공 지식을 전체적으로 공부해야 하는지 궁금합니다.","AI가 생성한 예상 질문의 답변만 암기하기보다는, 관련 전공 개념(소자 동작 원리, 특성 곡선, 공정 변수의 영향 등)을 깊이 있게 복습한 뒤 실습 내용과 이론을 연결 짓고, 마지막 단계에서 AI 모의면접 등을 보조적으로 활용하는 순서가 바람직합니다. 면접관은 툴 사용 경험 자체보다 기본 개념과 원리를 제대로 이해하고 있는지를 검증하려는 경향이 있어, 조건 변경 시의 특성 변화나 실제 현장 적용 시의 차이 같은 심화 질문에도 대비해야 합니다. 자소서에 적은 경험은 그 내용을 다시 설명해달라는 질문에서 시작해 꼬리질문으로 이어지는 경우가 많으므로, 본인이 실제로 수행한 역할과 과정을 상세히 정리해두는 것이 중요합니다. 서류 합격 발표 후 면접까지의 기간은 보통 1~2주 내외로 짧으므로, 서류 제출 직후부터 전공 핵심 개념과 자소서 기반 질문 대비를 미리 시작하는 것이 좋습니다.",링커리어 멘토링 커뮤니티 크롤링,링커리어 취업고민(이과/STEM) 게시글(post_id=6471254),https://community.linkareer.com/STEM_mentoring/6471254 (채택 답변),자소서 직무 경험 문항 기반 면접 준비 방법에 대한 멘토링 채택 답변 종합,2026-10-04,미검토,,상,"링커리어 취업 멘토링 Q&A의 채택 답변 기반, 질문자 개인정보는 일반화하여 제거 | 수집일: 2026-10-04",N,"자기소개서 전공 실습 문항으로 면접 준비할 때 AI 예상 질문 답만 외워도 되나요 전공 지식을 다 공부해야 하나요?,자기소개서 전공 실습 문항으로 면접 준비하는데 AI 예상 질문만 외우면 돼?,자소서 전공 실습 기반 면접 준비 AI 예상 질문 암기만 해도 됨?,자기소개서 전공 실습 면접 AI 예상 질문 전공 지식,저는 자기소개서 전공 실습 문항을 바탕으로 면접을 준비하는데 AI 예상 질문 답만 외울지 전공을 다 공부할지 고민이에요,전공 실습 문항 기반 면접 준비 방법 좀 알려주세요,전공 실습 면접 AI 질문,자기소개서 전공 실습 경험 기반 채용 면접 준비에서 AI 예상 질문 암기와 전공 공부 중 무엇이 필요한가요?,AI 예상 질문 답변만 외우고 전공 실습 면접에 가도 괜찮을까요?",자기소개서 전공 실습 문항으로 면접 준비할 때 AI 예상 질문 답만 외워도 되나요 전공 지식을 다 공부해야 하나요?,자기소개서 전공 실습 문항으로 면접 준비하는데 AI 예상 질문만 외우면 돼?,자소서 전공 실습 기반 면접 준비 AI 예상 질문 암기만 해도 됨?,자기소개서 전공 실습 면접 AI 예상 질문 전공 지식,저는 자기소개서 전공 실습 문항을 바탕으로 면접을 준비하는데 AI 예상 질문 답만 외울지 전공을 다 공부할지 고민이에요,전공 실습 문항 기반 면접 준비 방법 좀 알려주세요,전공 실습 면접 AI 질문,자기소개서 전공 실습 경험 기반 채용 면접 준비에서 AI 예상 질문 암기와 전공 공부 중 무엇이 필요한가요?,AI 예상 질문 답변만 외우고 전공 실습 면접에 가도 괜찮을까요?
306,343,L-C03-016,이력서·자소서,연구·엔지니어링·제조기술,자유양식 자기소개서에서 '성장과정' 항목 대신 '팀워크 경험' 항목을 넣는 구성이 인사담당자 입장에서 불리하게 평가될 수 있나요?,"자유양식 자기소개서는 정해진 틀이 없으므로 본인이 가장 자신 있게 어필할 수 있는 경험을 항목으로 구성하면 되고, 성장과정 대신 팀워크 경험을 넣는 것 자체가 불리한 선택은 아닙니다. 오히려 공정기술이나 품질관리처럼 여러 부서와의 협업이 중요한 직무라면 팀·조직 단위의 경험을 담은 항목이 더 효과적일 수 있습니다. 지원동기 및 입사 후 포부, 직무 경험처럼 실무 역량과 기업 이해도를 보여주는 항목에 가장 많은 비중을 두고, 각 항목에 소제목을 달아 가독성을 높이면 실무진에게 더 좋은 인상을 줄 수 있습니다.",링커리어 멘토링 커뮤니티 크롤링,링커리어 취업고민(이과/STEM) 게시글(post_id=6531519),https://community.linkareer.com/STEM_mentoring/6531519 (채택 답변),자유양식 자기소개서 항목 구성에 대한 멘토링 채택 답변 종합,2026-10-04,미검토,,상,"링커리어 취업 멘토링 Q&A의 채택 답변 기반, 질문자 개인정보는 일반화하여 제거 | 수집일: 2026-10-04",N,"자유양식 자기소개서에서 성장과정 대신 팀워크 경험을 넣으면 인사담당자가 나쁘게 볼까요?,자유양식 자기소개서에 성장과정 빼고 팀워크 경험 넣어도 돼?,자유양식 자소서 성장과정 대신 팀워크 경험 넣으면 감점임?,자유양식 자기소개서 성장과정 대신 팀워크 경험,저는 자유양식 자기소개서를 쓰는데 성장과정 대신 팀워크 경험 항목을 넣으려고 해요 불리할까요?,자유양식 자기소개서 항목 구성법 좀 알려주세요,자유양식 자소서 팀워크,자유양식 자기소개서 항목을 성장과정 대신 팀워크 경험으로 구성하면 서류 평가에 어떤가요?,자유양식 자기소개서에 성장과정을 안 넣어도 괜찮을까요?",자유양식 자기소개서에서 성장과정 대신 팀워크 경험을 넣으면 인사담당자가 나쁘게 볼까요?,자유양식 자기소개서에 성장과정 빼고 팀워크 경험 넣어도 돼?,자유양식 자소서 성장과정 대신 팀워크 경험 넣으면 감점임?,자유양식 자기소개서 성장과정 대신 팀워크 경험,저는 자유양식 자기소개서를 쓰는데 성장과정 대신 팀워크 경험 항목을 넣으려고 해요 불리할까요?,자유양식 자기소개서 항목 구성법 좀 알려주세요,자유양식 자소서 팀워크,자유양식 자기소개서 항목을 성장과정 대신 팀워크 경험으로 구성하면 서류 평가에 어떤가요?,자유양식 자기소개서에 성장과정을 안 넣어도 괜찮을까요?
307,344,L-C06-017,역량개발·준비계획,연구·엔지니어링·제조기술,"생산기술·제조기술 직무를 목표로 할 때, 학년 후반부에 학부연구생을 시작하는 것이 너무 늦은 선택은 아닐까요?","학부연구생을 시작하는 시점이 다소 늦었다고 느껴지더라도, 목표 직무와 관련된 연구실이라면 아예 하지 않는 것보다는 참여하는 편이 경쟁력에 도움이 됩니다. 다만 연구실의 실제 성과(아웃풋)와 다루는 연구 분야가 목표 직무와 얼마나 맞는지를 먼저 확인하는 것이 중요합니다. 학점 등 정량적 스펙이 이미 갖춰진 상태라면 학부연구생 경험을 병행해 연구·실무 역량을 보여줄 수 있는 정성적 스펙을 함께 쌓는 것이 추천됩니다. 짧은 기간이라도 분야가 크게 동떨어지지 않다면 학부연구생을 통해 배울 점이 충분하다고 볼 수 있습니다.",링커리어 멘토링 커뮤니티 크롤링,링커리어 취업고민(이과/STEM) 게시글(post_id=6510016),https://community.linkareer.com/STEM_mentoring/6510016 (채택 답변),늦은 시점의 학부연구생 참여 적절성에 대한 멘토링 채택 답변 종합,2026-10-04,미검토,,중,"링커리어 취업 멘토링 Q&A의 채택 답변 기반, 질문자 개인정보는 일반화하여 제거 | 수집일: 2026-10-04",N,"생산기술·제조기술 직무를 목표로 고학년에 학부연구생을 시작하면 늦은 건가요?,생산기술 제조기술 가려는데 고학년에 학부연구생 시작하면 늦어?,생산기술 제조기술 취준 고학년 학연생 시작 늦음?,생산기술 제조기술 직무 고학년 학부연구생 시작 시점,저는 생산기술·제조기술 직무를 목표로 하는데 학년 후반에 학부연구생을 시작해도 될까요?,생산기술 제조기술 직무 준비에서 늦은 학부연구생 시작 괜찮은지 알려주세요,늦은 학부연구생 생산기술,생산기술·제조기술 직무 입사 준비에서 고학년 때 학부연구생을 시작하는 건 늦은 선택인가요?,생산기술 제조기술 직무를 위해 학부연구생을 늦게 시작해도 괜찮을까요?",생산기술·제조기술 직무를 목표로 고학년에 학부연구생을 시작하면 늦은 건가요?,생산기술 제조기술 가려는데 고학년에 학부연구생 시작하면 늦어?,생산기술 제조기술 취준 고학년 학연생 시작 늦음?,생산기술 제조기술 직무 고학년 학부연구생 시작 시점,저는 생산기술·제조기술 직무를 목표로 하는데 학년 후반에 학부연구생을 시작해도 될까요?,생산기술 제조기술 직무 준비에서 늦은 학부연구생 시작 괜찮은지 알려주세요,늦은 학부연구생 생산기술,생산기술·제조기술 직무 입사 준비에서 고학년 때 학부연구생을 시작하는 건 늦은 선택인가요?,생산기술 제조기술 직무를 위해 학부연구생을 늦게 시작해도 괜찮을까요?
308,345,L-C05-008,면접·인적성,연구·엔지니어링·제조기술,"자동차 플랜트 운영(품질관리·생산관리) 직무 면접을 준비할 때, 회사/산업 분석, 제품·공정 지식, 직무 세부 지식, 경험에 대한 꼬리질문을 각각 어느 수준까지 준비해야 하나요?","회사·산업 분석은 재무 상태나 사회적 책임 활동 같은 세부 항목보다는, 지원 분야의 최근 동향과 회사가 중점을 두는 미래 사업 방향을 파악하고 본인이 기여하고 싶은 부분을 연결 짓는 데 집중하는 것이 효과적입니다. 제품·공정 지식은 전체 공정 흐름과 협업 부서의 역할 정도를 파악해두면 충분하며, 지원하는 세부 직무에 대해서는 더 깊은 수준의 이해가 필요합니다. 자소서에 적은 경험에 대해서는 상황을 더 구체적으로 설명해달라거나 실제 담당 역할을 솔직하게 말해달라는 식의 꼬리질문이 이어지므로, 본인이 직접 수행한 부분을 중심으로 경험을 정리해두는 것이 중요합니다. 답변할 때는 질문에 대한 결론을 먼저 한 문장으로 말하고, 관련 경험을 짧고 간결하게 덧붙이는 방식이 면접관에게 잘 전달됩니다.",링커리어 멘토링 커뮤니티 크롤링,링커리어 취업고민(이과/STEM) 게시글(post_id=6489945),https://community.linkareer.com/STEM_mentoring/6489945 (채택 답변),제조업 플랜트 운영 직무 면접 준비 범위와 꼬리질문 대응에 대한 멘토링 채택 답변 종합,2026-10-04,미검토,,상,"링커리어 취업 멘토링 Q&A의 채택 답변 기반, 질문자 개인정보는 일반화하여 제거 | 수집일: 2026-10-04",N,"자동차 플랜트 운영(품질관리·생산관리) 면접에서 회사 산업 분석과 제품 공정 지식과 직무 지식과 꼬리질문을 어디까지 준비하나요?,자동차 플랜트 운영 면접 준비하는데 회사 분석이랑 공정 지식이랑 꼬리질문 어디까지 해?,자동차 플랜트 운영 품질관리 생산관리 면접 준비 범위 어케 잡아요?,자동차 플랜트 운영 품질관리 생산관리 면접 준비 범위,저는 자동차 플랜트 운영 품질관리·생산관리 직무 면접을 앞두고 있는데 각 항목을 어느 수준까지 준비할까요?,자동차 플랜트 운영 직무 면접 준비 수준 좀 알려주세요,자동차 플랜트 운영 면접,자동차 플랜트 운영 품질관리·생산관리 직무 채용 면접에서 산업 분석과 공정 지식은 어느 정도 준비하나요?,자동차 플랜트 운영 면접에서 회사 재무까지 다 준비 안 해도 괜찮을까요?",자동차 플랜트 운영(품질관리·생산관리) 면접에서 회사 산업 분석과 제품 공정 지식과 직무 지식과 꼬리질문을 어디까지 준비하나요?,자동차 플랜트 운영 면접 준비하는데 회사 분석이랑 공정 지식이랑 꼬리질문 어디까지 해?,자동차 플랜트 운영 품질관리 생산관리 면접 준비 범위 어케 잡아요?,자동차 플랜트 운영 품질관리 생산관리 면접 준비 범위,저는 자동차 플랜트 운영 품질관리·생산관리 직무 면접을 앞두고 있는데 각 항목을 어느 수준까지 준비할까요?,자동차 플랜트 운영 직무 면접 준비 수준 좀 알려주세요,자동차 플랜트 운영 면접,자동차 플랜트 운영 품질관리·생산관리 직무 채용 면접에서 산업 분석과 공정 지식은 어느 정도 준비하나요?,자동차 플랜트 운영 면접에서 회사 재무까지 다 준비 안 해도 괜찮을까요?
309,346,L-C05-009,면접·인적성,IT·개발·데이터,"자료구조·알고리즘 기초가 부족한 상태에서 금융권·대기업 코딩테스트를 준비하려면 어떤 순서로 공부하고, 스터디는 어떻게 구하는 것이 좋을까요?","자료구조와 알고리즘 기본 개념을 강의 등으로 먼저 익히고, 배운 알고리즘 유형과 관련된 문제를 바로 풀어보며 이론과 실습을 병행하는 방식이 추천됩니다. 모르는 문제를 해설만 보고 넘기지 말고 스스로 풀어낼 수 있을 때까지 반복 학습하는 것이 실력 향상에 중요하며, 프로그래머스 기준으로 레벨 2~3 문제를 무리 없이 풀 수 있는 수준이 되면 대부분의 코딩테스트에 대응할 수 있다고 봅니다. 해당 플랫폼의 문제를 거의 모두 학습한 뒤에는 다른 문제 플랫폼으로 범위를 넓히는 것도 도움이 됩니다. 스터디는 취업 플랫폼이나 개발자 커뮤니티를 통해 구할 수 있습니다.",링커리어 멘토링 커뮤니티 크롤링,링커리어 취업고민(이과/STEM) 게시글(post_id=6557980),https://community.linkareer.com/STEM_mentoring/6557980 (채택 답변),코딩테스트 준비 방법과 스터디 구하는 법에 대한 멘토링 채택 답변 종합,2026-10-04,미검토,,상,"링커리어 취업 멘토링 Q&A의 채택 답변 기반, 질문자 개인정보는 일반화하여 제거 | 수집일: 2026-10-04",N,"자료구조·알고리즘 기초가 약할 때 금융권·대기업 코딩테스트는 어떤 순서로 공부하고 스터디는 어떻게 찾나요?,자료구조 알고리즘 기초 없는데 금융권 대기업 코테 뭐부터 해? 스터디는 어디서 구해?,자료구조 알고리즘 약한데 금융권 대기업 코테 공부 순서랑 스터디 어케 구해요?,자료구조 알고리즘 기초 부족 금융권 대기업 코딩테스트 공부 순서,저는 자료구조·알고리즘 기초가 부족한데 금융권과 대기업 코딩테스트를 어떤 순서로 공부하고 스터디는 어떻게 구할까요?,금융권 대기업 코딩테스트 공부 순서와 스터디 구하는 법 좀 알려주세요,코딩테스트 기초 공부 순서,금융권·대기업 채용 코딩테스트를 자료구조·알고리즘 기초부터 준비하려면 어떤 순서가 좋나요?,자료구조 알고리즘 기초가 없는데 금융권 대기업 코딩테스트 준비가 늦지 않을까요?",자료구조·알고리즘 기초가 약할 때 금융권·대기업 코딩테스트는 어떤 순서로 공부하고 스터디는 어떻게 찾나요?,자료구조 알고리즘 기초 없는데 금융권 대기업 코테 뭐부터 해? 스터디는 어디서 구해?,자료구조 알고리즘 약한데 금융권 대기업 코테 공부 순서랑 스터디 어케 구해요?,자료구조 알고리즘 기초 부족 금융권 대기업 코딩테스트 공부 순서,저는 자료구조·알고리즘 기초가 부족한데 금융권과 대기업 코딩테스트를 어떤 순서로 공부하고 스터디는 어떻게 구할까요?,금융권 대기업 코딩테스트 공부 순서와 스터디 구하는 법 좀 알려주세요,코딩테스트 기초 공부 순서,금융권·대기업 채용 코딩테스트를 자료구조·알고리즘 기초부터 준비하려면 어떤 순서가 좋나요?,자료구조 알고리즘 기초가 없는데 금융권 대기업 코딩테스트 준비가 늦지 않을까요?
310,347,L-C04-015,경험·포트폴리오,IT·개발·데이터,"개발자 선임 없이 자동화 업무를 맡게 되는 회계법인 인턴 경험이, IT 개발자로의 커리어에 유의미한 경험이 될 수 있을까요?","회계법인 인턴 자체는 충분히 의미 있는 경험이 될 수 있으며, 실제 업무 자동화 개발을 맡는다면 이후 금융권 IT 지원에도 연결할 수 있습니다. 다만 선임 개발자가 없다는 점에서 성장 속도가 둔화될 가능성이 있으므로, 인턴 기간 중 어떤 언어와 기술을 사용하는지, 개발부터 운영까지 직접 맡는지, 결과물을 포트폴리오로 설명할 수 있는지를 확인하는 것이 중요합니다. 단순 반복업무 지원 위주라면 핵심 개발 경력으로 어필하기는 어렵지만, 프로그래밍 언어나 DB, API 등을 활용해 실제 업무 프로세스를 자동화하고 성과를 수치로 보여줄 수 있다면 좋은 경험이 됩니다. 자격증을 추가로 늘리기보다는 코딩테스트와 백엔드 프로젝트 준비에 시간을 쓰는 것이 더 효율적이라는 의견도 있습니다.",링커리어 멘토링 커뮤니티 크롤링,링커리어 취업고민(이과/STEM) 게시글(post_id=6506461),https://community.linkareer.com/STEM_mentoring/6506461 (채택 답변),개발 직무 지향자의 인턴 경험 가치 판단에 대한 멘토링 채택 답변 종합,2026-10-04,미검토,,중,"링커리어 취업 멘토링 Q&A의 채택 답변 기반, 질문자 개인정보는 일반화하여 제거 | 수집일: 2026-10-04",N,"개발자 선임 없이 자동화 업무를 하는 회계법인 인턴이 IT 개발자 커리어에 의미가 있나요?,선임 개발자 없이 자동화 맡는 회계법인 인턴 개발자 커리어에 도움 돼?,사수 없는 회계법인 인턴 자동화 업무 IT 개발자 스펙 됨?,회계법인 인턴 자동화 업무 IT 개발자 커리어,저는 개발자 선임 없이 자동화 업무를 맡는 회계법인 인턴을 하게 됐는데 IT 개발자 커리어에 도움이 될까요?,회계법인 자동화 인턴이 IT 개발자 커리어에 어떤지 알려주세요,회계법인 자동화 인턴,선임 개발자가 없는 회계법인 자동화 인턴 경험이 IT 개발자 취업 경력으로 의미 있나요?,선임 없이 회계법인 자동화 인턴을 하면 IT 개발자 성장에 불리할까요?",개발자 선임 없이 자동화 업무를 하는 회계법인 인턴이 IT 개발자 커리어에 의미가 있나요?,선임 개발자 없이 자동화 맡는 회계법인 인턴 개발자 커리어에 도움 돼?,사수 없는 회계법인 인턴 자동화 업무 IT 개발자 스펙 됨?,회계법인 인턴 자동화 업무 IT 개발자 커리어,저는 개발자 선임 없이 자동화 업무를 맡는 회계법인 인턴을 하게 됐는데 IT 개발자 커리어에 도움이 될까요?,회계법인 자동화 인턴이 IT 개발자 커리어에 어떤지 알려주세요,회계법인 자동화 인턴,선임 개발자가 없는 회계법인 자동화 인턴 경험이 IT 개발자 취업 경력으로 의미 있나요?,선임 없이 회계법인 자동화 인턴을 하면 IT 개발자 성장에 불리할까요?
311,348,L-C04-016,경험·포트폴리오,공통,"졸업까지 다소 늦어진 상태에서 해외 교환학생을 다녀오는 경험이, 추후 국내 취업 시에도 긍정적으로 평가될 수 있을까요?","교환학생 경험 자체는 해외 생활과 언어를 직접 겪어본다는 점에서 사회 경험으로 도움이 되고, 국내 취업으로 방향이 바뀌더라도 크게 해가 되는 선택은 아니라는 의견이 많습니다. 다만 교환학생 기간 자체가 정량적 스펙으로 크게 작용하지는 않으므로, 국내 취업까지 고려한다면 귀국 후 전공 관련 직무 경험을 별도로 보완하는 것이 필요합니다. 결국 중요한 것은 교환학생이라는 형식보다 그 기간 동안 직무 관련 역량을 쌓을 수 있는지이며, 목표로 하는 분야의 역량을 기를 수 있는 환경이라면 적극적으로 활용하는 것이 좋습니다.",링커리어 멘토링 커뮤니티 크롤링,링커리어 취업고민(이과/STEM) 게시글(post_id=6504756),https://community.linkareer.com/STEM_mentoring/6504756 (채택 답변),교환학생 경험의 취업 평가 영향에 대한 멘토링 채택 답변 종합,2026-10-04,미검토,,중,"링커리어 취업 멘토링 Q&A의 채택 답변 기반, 질문자 개인정보는 일반화하여 제거 | 수집일: 2026-10-04",N,"졸업이 좀 늦어진 상황에서 해외 교환학생을 가면 국내 취업 때 좋게 평가받을 수 있나요?,졸업 늦어졌는데 교환학생 가도 국내 취업에 도움 돼?,졸업 늦었는데 해외 교환학생 다녀오면 국내 취준에 플러스임?,졸업 지연 해외 교환학생 국내 취업 평가,저는 졸업이 다소 늦어졌는데 해외 교환학생을 다녀오면 국내 취업에서 긍정적으로 평가될까요?,졸업이 늦은 상황에서 해외 교환학생의 국내 취업 영향 좀 알려주세요,늦은 졸업 교환학생,졸업이 늦어진 상태에서의 해외 교환학생 경험이 국내 기업 입사 지원에서 어떻게 평가되나요?,졸업이 늦어졌는데 해외 교환학생까지 가면 국내 취업에 불리할까요?",졸업이 좀 늦어진 상황에서 해외 교환학생을 가면 국내 취업 때 좋게 평가받을 수 있나요?,졸업 늦어졌는데 교환학생 가도 국내 취업에 도움 돼?,졸업 늦었는데 해외 교환학생 다녀오면 국내 취준에 플러스임?,졸업 지연 해외 교환학생 국내 취업 평가,저는 졸업이 다소 늦어졌는데 해외 교환학생을 다녀오면 국내 취업에서 긍정적으로 평가될까요?,졸업이 늦은 상황에서 해외 교환학생의 국내 취업 영향 좀 알려주세요,늦은 졸업 교환학생,졸업이 늦어진 상태에서의 해외 교환학생 경험이 국내 기업 입사 지원에서 어떻게 평가되나요?,졸업이 늦어졌는데 해외 교환학생까지 가면 국내 취업에 불리할까요?
312,349,L-C05-010,면접·인적성,연구·엔지니어링·제조기술,"자동차 생산 라인의 품질관리·생산관리 직무 면접에서 필요한 구체적 역량과, 공정상 발생하는 문제 및 해결 사례에 대해 어떤 식으로 답변을 준비해야 하나요?","플랜트 운영 직무는 여러 부서 및 현장 인력과 긴밀하게 연결되어 있어 대인관계·협업·의사소통 역량이 중요하며, 이를 바탕으로 공정과 제품에 대한 이해도가 요구됩니다. 생산관리는 공정 흐름에서 병목 원인을 찾아내는 능력이, 품질관리는 불량 원인을 데이터와 현상으로 좁혀가는 능력이 핵심으로 꼽힙니다. 면접에서는 해결책 자체보다 왜 그 방법을 선택했는지, 다른 대안은 왜 제외했는지, 개선 전후 수치를 어떻게 계산했는지, 본인이 실제로 맡은 역할이 무엇인지를 깊이 확인하는 질문이 이어지므로, 자소서에 작성한 경험은 이런 꼬리질문까지 미리 준비해두는 것이 좋습니다. 공정별 품질 이슈의 유형과 대응 방식을 미리 파악해두면 답변의 구체성을 높일 수 있습니다.",링커리어 멘토링 커뮤니티 크롤링,링커리어 취업고민(이과/STEM) 게시글(post_id=6504242),https://community.linkareer.com/STEM_mentoring/6504242 (채택 답변),자동차 생산 품질관리·생산관리 직무 면접 대비에 대한 멘토링 채택 답변 종합,2026-10-04,미검토,,상,"링커리어 취업 멘토링 Q&A의 채택 답변 기반, 질문자 개인정보는 일반화하여 제거 | 수집일: 2026-10-04",N,"자동차 생산 라인 품질관리·생산관리 면접에서 필요한 역량과 공정 문제 해결 사례 답변은 어떻게 준비하나요?,자동차 생산 라인 품질관리 생산관리 면접 어떤 역량 보고 공정 문제 해결 답변 어떻게 준비해?,자동차 생산 라인 품질관리 생산관리 면접 공정 문제 해결 사례 답변 어케 준비해요?,자동차 생산 라인 품질관리 생산관리 면접 역량 공정 문제 해결,저는 자동차 생산 라인 품질관리·생산관리 직무 면접을 준비하는데 필요한 역량과 공정 문제 해결 답변이 고민이에요,자동차 생산 라인 품질관리 생산관리 면접 답변 준비법 좀 알려주세요,자동차 품질 생산관리 면접,자동차 생산 라인 품질관리·생산관리 채용 면접에서 요구 역량과 공정 문제 해결 사례는 어떻게 답하나요?,자동차 생산 라인 품질관리 생산관리 면접에서 공정 문제 해결 사례가 약하면 불리할까요?",자동차 생산 라인 품질관리·생산관리 면접에서 필요한 역량과 공정 문제 해결 사례 답변은 어떻게 준비하나요?,자동차 생산 라인 품질관리 생산관리 면접 어떤 역량 보고 공정 문제 해결 답변 어떻게 준비해?,자동차 생산 라인 품질관리 생산관리 면접 공정 문제 해결 사례 답변 어케 준비해요?,자동차 생산 라인 품질관리 생산관리 면접 역량 공정 문제 해결,저는 자동차 생산 라인 품질관리·생산관리 직무 면접을 준비하는데 필요한 역량과 공정 문제 해결 답변이 고민이에요,자동차 생산 라인 품질관리 생산관리 면접 답변 준비법 좀 알려주세요,자동차 품질 생산관리 면접,자동차 생산 라인 품질관리·생산관리 채용 면접에서 요구 역량과 공정 문제 해결 사례는 어떻게 답하나요?,자동차 생산 라인 품질관리 생산관리 면접에서 공정 문제 해결 사례가 약하면 불리할까요?
313,350,L-C02-009,채용공고·지원전략,연구·엔지니어링·제조기술,"계열사 간 중복 지원이 허용되는 그룹 공채에서, 여러 계열사·직무에 일관성 없이 지원하면 인사팀 평가에서 불리하게 작용할 수 있나요?","중복 지원이 허용된다는 것 자체가 계열사별로 모집과 데이터 관리가 분리되어 있다는 의미이며, 다른 계열사에 어떻게 지원했는지를 서로 비교·공유하는 경우는 현실적으로 거의 없다고 보는 의견이 많습니다. 대규모 공채에서는 자사에 지원한 지원자를 검토하는 것도 쉽지 않은 상황이라, 타 계열사 지원 내역까지 대조하며 일관성을 따지기는 현실적으로 어렵습니다. 따라서 여러 계열사·산업군에 지원하는 것 자체를 지나치게 걱정할 필요는 없으며, 중요한 것은 각 지원서에서 해당 산업군·직무에 맞게 본인의 역량을 설득력 있게 어필하는 것입니다.",링커리어 멘토링 커뮤니티 크롤링,링커리어 취업고민(이과/STEM) 게시글(post_id=6461247),https://community.linkareer.com/STEM_mentoring/6461247 (채택 답변),계열사 간 중복 지원 시 평가 불이익 여부에 대한 멘토링 채택 답변 종합,2026-10-04,미검토,,상,"링커리어 취업 멘토링 Q&A의 채택 답변 기반, 질문자 개인정보는 일반화하여 제거 | 수집일: 2026-10-04",N,"계열사 중복 지원이 되는 그룹 공채에서 계열사와 직무를 일관성 없이 넣으면 인사팀이 안 좋게 보나요?,그룹 공채 중복 지원 되는데 계열사 직무 막 넣으면 인사팀이 싫어해?,그룹 공채 계열사 중복 지원 일관성 없이 하면 서탈 사유임?,그룹 공채 계열사 중복 지원 직무 일관성 평가,저는 계열사 중복 지원이 허용되는 그룹 공채에 여러 계열사와 직무로 지원하는데 일관성이 없으면 불리할까요?,그룹 공채 계열사 중복 지원 시 주의점 좀 알려주세요,그룹 공채 중복 지원,계열사 간 중복 지원 가능한 그룹 공채에서 여러 직무 입사 지원이 인사 평가에 영향을 주나요?,그룹 공채에서 계열사마다 다른 직무로 지원해도 괜찮을까요?",계열사 중복 지원이 되는 그룹 공채에서 계열사와 직무를 일관성 없이 넣으면 인사팀이 안 좋게 보나요?,그룹 공채 중복 지원 되는데 계열사 직무 막 넣으면 인사팀이 싫어해?,그룹 공채 계열사 중복 지원 일관성 없이 하면 서탈 사유임?,그룹 공채 계열사 중복 지원 직무 일관성 평가,저는 계열사 중복 지원이 허용되는 그룹 공채에 여러 계열사와 직무로 지원하는데 일관성이 없으면 불리할까요?,그룹 공채 계열사 중복 지원 시 주의점 좀 알려주세요,그룹 공채 중복 지원,계열사 간 중복 지원 가능한 그룹 공채에서 여러 직무 입사 지원이 인사 평가에 영향을 주나요?,그룹 공채에서 계열사마다 다른 직무로 지원해도 괜찮을까요?
314,351,L-C06-018,역량개발·준비계획,의료·보건,"제약회사 QC 직무를 목표로 할 때, 1년간 학부연구생을 하는 것과 그 시간에 학점 관리에 집중하는 것 중 어느 쪽이 더 도움이 될까요?","제약 QC 직무에서도 관련 산업군의 학부연구생 경험은 채용에 도움이 되며, 특히 정밀분석 기기를 다뤄볼 수 있는 연구실이라면 데이터 오차 없이 시험을 수행하는 역량을 보여주는 데 유리합니다. 다만 QC 취업에 학부연구생이 필수 조건은 아니므로, 다양한 장비와 연구주제를 다루지 못하는 연구실이라면 1년이라는 긴 시간을 투자하는 것이 꼭 유리하지 않다는 의견도 있습니다. 현재 학점이 이미 양호한 수준이라면 학점 관리보다는 학부연구생이나 직무 관련 교육 등 정성적 경험을 쌓는 쪽이 채용에서 더 중요하게 작용할 수 있습니다. 어학은 토익보다 말하기 중심 성적이 더 중요하게 반영되는 경향도 함께 고려하는 것이 좋습니다.",링커리어 멘토링 커뮤니티 크롤링,링커리어 취업고민(이과/STEM) 게시글(post_id=6505345),https://community.linkareer.com/STEM_mentoring/6505345 (채택 답변),제약 QC 직무 준비 시 학부연구생과 학점 관리의 우선순위에 대한 멘토링 채택 답변 종합,2026-10-04,미검토,,중,"링커리어 취업 멘토링 Q&A의 채택 답변 기반, 질문자 개인정보는 일반화하여 제거 | 수집일: 2026-10-04",N,"제약회사 QC 직무를 목표로 할 때 1년 학부연구생과 학점 관리 중 무엇이 더 도움 되나요?,제약 QC 가려는데 학부연구생 1년 하는 게 나아 학점 챙기는 게 나아?,제약 QC 취준 학연생 1년 vs 학점 관리 머가 나아요?,제약회사 QC 직무 학부연구생 학점 관리 비교,저는 제약회사 QC 직무를 목표로 하는데 1년간 학부연구생을 할지 학점 관리에 집중할지 고민이에요,제약회사 QC 직무 준비에서 학부연구생과 학점 관리 선택법 좀 알려주세요,제약 QC 학부연구생 학점,제약회사 QC 직무 입사 준비에서 학부연구생 1년과 학점 관리 중 어떤 것이 유리한가요?,제약회사 QC 준비하면서 학부연구생 때문에 학점이 떨어지면 불리할까요?",제약회사 QC 직무를 목표로 할 때 1년 학부연구생과 학점 관리 중 무엇이 더 도움 되나요?,제약 QC 가려는데 학부연구생 1년 하는 게 나아 학점 챙기는 게 나아?,제약 QC 취준 학연생 1년 vs 학점 관리 머가 나아요?,제약회사 QC 직무 학부연구생 학점 관리 비교,저는 제약회사 QC 직무를 목표로 하는데 1년간 학부연구생을 할지 학점 관리에 집중할지 고민이에요,제약회사 QC 직무 준비에서 학부연구생과 학점 관리 선택법 좀 알려주세요,제약 QC 학부연구생 학점,제약회사 QC 직무 입사 준비에서 학부연구생 1년과 학점 관리 중 어떤 것이 유리한가요?,제약회사 QC 준비하면서 학부연구생 때문에 학점이 떨어지면 불리할까요?
315,352,L-C05-011,면접·인적성,공통,인적성검사를 준비할 때 서적 외에 PC 기반으로 문제를 푸는 방법이나 추천 교재·사이트가 있나요?,"기본서로 유형을 먼저 익힌 뒤, 실제 시험과 유사한 온라인 환경에서 연습하는 것이 효과적입니다. 취업 포털이나 인강 사이트에서 제공하는 웹 기반 모의고사, 기업별 모바일 앱 등을 활용해 타이머를 맞추고 실전처럼 풀어보는 연습을 반복하는 것이 권장됩니다. 최근 기업 인적성검사는 대부분 온라인으로 진행되므로, 서적으로만 연습하면 실전에서 익숙하지 않아 제 실력이 나오지 않는 경우가 많아, 지원 기업의 응시 방식에 맞춘 사전 연습이 중요합니다. 취업 플랫폼에서 제공하는 기업별 기출·모의고사도 활용할 수 있습니다.",링커리어 멘토링 커뮤니티 크롤링,링커리어 취업고민(이과/STEM) 게시글(post_id=6532786),https://community.linkareer.com/STEM_mentoring/6532786 (채택 답변),인적성검사 온라인 준비 방법에 대한 멘토링 채택 답변 종합,2026-10-04,미검토,,상,"링커리어 취업 멘토링 Q&A의 채택 답변 기반, 질문자 개인정보는 일반화하여 제거 | 수집일: 2026-10-04",N,"인적성검사 준비할 때 책 말고 PC로 풀어볼 수 있는 방법이나 교재와 사이트를 추천받을 수 있나요?,인적성 책 말고 PC로 풀 수 있는 거 있어? 교재나 사이트 추천해줘,인적성 온라인으로 PC 연습할 수 있는 사이트 머 있어요?,인적성검사 PC 기반 문제 풀이 교재 사이트 추천,저는 인적성검사를 준비 중인데 서적 외에 PC로 풀어볼 방법이나 교재와 사이트가 궁금해요,인적성검사 PC 연습 방법과 추천 사이트 좀 알려주세요,인적성 PC 연습,채용 인적성검사 대비용 온라인 PC 문제 풀이 서비스나 교재가 있나요?,인적성검사를 책으로만 준비하면 PC 시험에서 불리할까요?",인적성검사 준비할 때 책 말고 PC로 풀어볼 수 있는 방법이나 교재와 사이트를 추천받을 수 있나요?,인적성 책 말고 PC로 풀 수 있는 거 있어? 교재나 사이트 추천해줘,인적성 온라인으로 PC 연습할 수 있는 사이트 머 있어요?,인적성검사 PC 기반 문제 풀이 교재 사이트 추천,저는 인적성검사를 준비 중인데 서적 외에 PC로 풀어볼 방법이나 교재와 사이트가 궁금해요,인적성검사 PC 연습 방법과 추천 사이트 좀 알려주세요,인적성 PC 연습,채용 인적성검사 대비용 온라인 PC 문제 풀이 서비스나 교재가 있나요?,인적성검사를 책으로만 준비하면 PC 시험에서 불리할까요?
316,353,L-C02-010,채용공고·지원전략,연구·엔지니어링·제조기술,채용 사이트를 통해 자기소개서를 제출했는데 직무명을 잘못 기재한 것을 발견했습니다. 인사과가 이미 열람한 뒤에도 마감 전이라면 수정해서 다시 제출해도 괜찮을까요?,"채용 공고 마감 전이라면 기존 지원서를 취소하거나 수정하여 올바른 직무명으로 다시 제출하는 것이 좋습니다. 채용 담당자가 지원 직후 서류를 열람했다는 알림이 왔다고 해서 바로 탈락을 의미하지는 않으며, 접수 기간 내 들어오는 지원서들을 정리·비교하는 절차 중 하나일 가능성이 높습니다. 서로 밀접하게 연관된 직무명의 단순 오기재는 전체 역량이 잘 갖춰져 있다면 합불을 가를 만큼 결정적이지 않다고 보는 의견이 많습니다. 마감 전이라면 수정된 최신 지원서를 기준으로 검토가 이뤄지므로, 빠르게 수정해 재제출하고 필요하면 채용 담당자에게 변경 사실을 알리는 것을 추천합니다.",링커리어 멘토링 커뮤니티 크롤링,링커리어 취업고민(이과/STEM) 게시글(post_id=6524224),https://community.linkareer.com/STEM_mentoring/6524224 (채택 답변),자소서 직무명 오기재 후 재제출 가능 여부에 대한 멘토링 채택 답변 종합,2026-10-04,미검토,,상,"링커리어 취업 멘토링 Q&A의 채택 답변 기반, 질문자 개인정보는 일반화하여 제거 | 수집일: 2026-10-04",N,"채용 사이트로 자기소개서를 낸 뒤 직무명을 잘못 쓴 걸 알았는데 인사과가 열람했어도 마감 전이면 고쳐서 다시 내도 되나요?,자기소개서 냈는데 직무명 잘못 썼어 인사과가 이미 열람했는데 마감 전이면 다시 내도 돼?,자소서 직무명 오기 발견 인사과 열람함 마감 전 재제출 가능해요?,자기소개서 직무명 오기 인사과 열람 후 마감 전 재제출,저는 채용 사이트로 자기소개서를 제출했는데 직무명을 잘못 적었고 인사과가 이미 열람했어요 마감 전이라 다시 내도 될까요?,자기소개서 직무명 잘못 기재 시 수정 재제출 방법 좀 알려주세요,자소서 직무명 오기 재제출,입사 지원 자기소개서 직무명 오기를 인사과 열람 후에도 접수 마감 전에 수정해 다시 제출할 수 있나요?,인사과가 열람한 뒤 자기소개서를 다시 내면 불리하게 보일까요?",채용 사이트로 자기소개서를 낸 뒤 직무명을 잘못 쓴 걸 알았는데 인사과가 열람했어도 마감 전이면 고쳐서 다시 내도 되나요?,자기소개서 냈는데 직무명 잘못 썼어 인사과가 이미 열람했는데 마감 전이면 다시 내도 돼?,자소서 직무명 오기 발견 인사과 열람함 마감 전 재제출 가능해요?,자기소개서 직무명 오기 인사과 열람 후 마감 전 재제출,저는 채용 사이트로 자기소개서를 제출했는데 직무명을 잘못 적었고 인사과가 이미 열람했어요 마감 전이라 다시 내도 될까요?,자기소개서 직무명 잘못 기재 시 수정 재제출 방법 좀 알려주세요,자소서 직무명 오기 재제출,입사 지원 자기소개서 직무명 오기를 인사과 열람 후에도 접수 마감 전에 수정해 다시 제출할 수 있나요?,인사과가 열람한 뒤 자기소개서를 다시 내면 불리하게 보일까요?
317,354,L-C06-019,역량개발·준비계획,연구·엔지니어링·제조기술,"반도체 공정기술을 1순위로, 이차전지 공정기술을 2순위로 함께 준비하려면 활동과 경험을 어떤 식으로 병행하는 것이 좋을까요?","기본적으로 1순위 산업군에 맞춰 인턴·현장실습 등 직접적인 경험을 우선 확보하는 것이 현실적이며, 두 산업 모두에 딱 맞는 기회를 항상 얻기는 어렵기 때문에 기회가 생길 때마다 참여하는 방향으로 준비하는 것이 권장됩니다. 지원할 때는 해당 기업이 속한 산업군에 맞게 보유한 경험을 선택적으로 기재하면 됩니다. 두 산업 모두 전문화된 산업인 경우, 아직 학부생이라면 두 분야 경험을 함께 준비해볼 수 있지만, 졸업이 임박했다면 한 분야에 집중하는 것이 더 추천됩니다. 공정에 대한 이해와 실습·인턴 경험, 데이터분석 역량 등을 공통 기반으로 쌓아두면 두 산업 모두에 어느 정도 대응할 수 있습니다.",링커리어 멘토링 커뮤니티 크롤링,링커리어 취업고민(이과/STEM) 게시글(post_id=6509172),https://community.linkareer.com/STEM_mentoring/6509172 (채택 답변),반도체·이차전지 공정기술 직무 병행 준비 방법에 대한 멘토링 채택 답변 종합,2026-10-04,미검토,,중,"링커리어 취업 멘토링 Q&A의 채택 답변 기반, 질문자 개인정보는 일반화하여 제거 | 수집일: 2026-10-04",N,"반도체 공정기술을 1순위로 하고 이차전지 공정기술을 2순위로 같이 준비하려면 활동과 경험을 어떻게 나눠야 하나요?,반도체 공정기술 1순위에 이차전지 공정기술 2순위로 준비하는데 경험 어떻게 병행해?,반도체 공정기술 1지망 이차전지 2지망 대외활 인턴 어케 병행해요?,반도체 공정기술 1순위 이차전지 공정기술 2순위 병행 준비,저는 반도체 공정기술을 1순위로 이차전지 공정기술을 2순위로 준비 중인데 활동을 어떻게 병행할까요?,반도체와 이차전지 공정기술 병행 준비법 좀 알려주세요,반도체 이차전지 공정기술 병행,반도체 공정기술과 이차전지 공정기술 직무 입사 준비를 함께 할 때 경험은 어떻게 배분하나요?,반도체와 이차전지 공정기술을 같이 준비하면 둘 다 어중간해질까요?",반도체 공정기술을 1순위로 하고 이차전지 공정기술을 2순위로 같이 준비하려면 활동과 경험을 어떻게 나눠야 하나요?,반도체 공정기술 1순위에 이차전지 공정기술 2순위로 준비하는데 경험 어떻게 병행해?,반도체 공정기술 1지망 이차전지 2지망 대외활 인턴 어케 병행해요?,반도체 공정기술 1순위 이차전지 공정기술 2순위 병행 준비,저는 반도체 공정기술을 1순위로 이차전지 공정기술을 2순위로 준비 중인데 활동을 어떻게 병행할까요?,반도체와 이차전지 공정기술 병행 준비법 좀 알려주세요,반도체 이차전지 공정기술 병행,반도체 공정기술과 이차전지 공정기술 직무 입사 준비를 함께 할 때 경험은 어떻게 배분하나요?,반도체와 이차전지 공정기술을 같이 준비하면 둘 다 어중간해질까요?
318,355,L-C04-017,경험·포트폴리오,연구·엔지니어링·제조기술,"신소재공학과 출신으로 학부연구생과 프로젝트 경험을 보유한 경우, 이 경험을 반도체나 장비사 관련 직무 지원에 어떻게 연결해 어필할 수 있을까요?","반도체 대기업은 관련 직무 경험이 완벽히 일치하지 않아도 정량적 스펙, 프로젝트, 학부연구생, 공모전 경험을 바탕으로 지원해볼 가치가 있고, 중견 기업은 더욱 가능성이 있다고 보는 의견이 많습니다. 세라믹·유리기판 연구나 물성평가 기반 공정개선 프로젝트 경험은 반도체 기판·패키지 분야의 공정기술 직무와 연결해 어필할 수 있습니다. 전공 역량, 다양한 수상 이력, 조직 적응력 등을 종합적으로 고려하는 기업이 많으므로, 공모전·프로젝트를 통해 얻은 인사이트를 구체적인 문구로 정리해 서류에서 눈에 띄게 만드는 것이 중요합니다. 대기업과 중견기업 모두 폭넓게 지원해보는 것이 추천됩니다.",링커리어 멘토링 커뮤니티 크롤링,링커리어 취업고민(이과/STEM) 게시글(post_id=6507149),https://community.linkareer.com/STEM_mentoring/6507149 (채택 답변),신소재공학 전공 연구 경험의 반도체 관련 직무 어필 방안에 대한 멘토링 채택 답변 종합,2026-10-04,미검토,,중,"링커리어 취업 멘토링 Q&A의 채택 답변 기반, 질문자 개인정보는 일반화하여 제거 | 수집일: 2026-10-04",N,"신소재공학과 출신으로 학부연구생과 프로젝트 경험이 있다면 반도체나 장비사 직무 지원에 어떻게 연결하나요?,신소재공학과인데 학부연구생 프로젝트 경험을 반도체 장비사 지원에 어떻게 엮어?,신소재공학과 학연생 프로젝트 경험 반도체 장비사 자소서에 어케 어필해요?,신소재공학과 학부연구생 프로젝트 반도체 장비사 직무 연결,저는 신소재공학과 출신으로 학부연구생과 프로젝트 경험이 있는데 반도체나 장비사 직무에 어떻게 어필할까요?,신소재공학과 경험을 반도체 장비사 직무에 연결하는 법 좀 알려주세요,신소재공학 반도체 장비사,신소재공학과의 학부연구생과 프로젝트 경험을 반도체나 장비사 직무 입사 지원에 어떻게 활용하나요?,신소재공학과 경험이 반도체 장비사 직무와 딱 맞지 않아도 지원해도 괜찮을까요?",신소재공학과 출신으로 학부연구생과 프로젝트 경험이 있다면 반도체나 장비사 직무 지원에 어떻게 연결하나요?,신소재공학과인데 학부연구생 프로젝트 경험을 반도체 장비사 지원에 어떻게 엮어?,신소재공학과 학연생 프로젝트 경험 반도체 장비사 자소서에 어케 어필해요?,신소재공학과 학부연구생 프로젝트 반도체 장비사 직무 연결,저는 신소재공학과 출신으로 학부연구생과 프로젝트 경험이 있는데 반도체나 장비사 직무에 어떻게 어필할까요?,신소재공학과 경험을 반도체 장비사 직무에 연결하는 법 좀 알려주세요,신소재공학 반도체 장비사,신소재공학과의 학부연구생과 프로젝트 경험을 반도체나 장비사 직무 입사 지원에 어떻게 활용하나요?,신소재공학과 경험이 반도체 장비사 직무와 딱 맞지 않아도 지원해도 괜찮을까요?
319,356,L-C04-018,경험·포트폴리오,연구·엔지니어링·제조기술,"바이오 분야 학부연구생으로 AI 기반 단백질 설계 및 데이터 분석 경험을 쌓은 경우, 이 경험을 반도체 공정·품질관리 직무의 데이터 분석 역량으로 연결해 어필할 수 있을까요?","연구 대상 자체는 다르지만 데이터 전처리, 조건 설정, 결과 선별·비교·분석이라는 과정을 경험했다면, 이를 반도체 공정 변수 최적화나 수율 데이터 분석 같은 업무 상황에 대입해 자소서와 면접에서 논리적으로 연결하는 것이 가능합니다. 다만 연구개발처럼 직접적인 관련 경험이 요구되는 직무보다는 품질이나 공정 데이터 분석처럼 데이터 다루는 역량 자체가 중요한 직무에서 더 설득력을 가집니다. 이런 경험 하나만으로 합격을 보장하기는 어려우므로, 지원 직무와 직접 관련된 전문성·경험을 중심에 두고 이 경험을 보조적으로 추가하는 방향이 현실적입니다. 품질 직무는 전수검사가 아닌 선별검사 특성상 공정 대비 다루는 데이터의 양과 성격이 다를 수 있다는 점도 참고할 필요가 있습니다.",링커리어 멘토링 커뮤니티 크롤링,링커리어 취업고민(이과/STEM) 게시글(post_id=6464375),https://community.linkareer.com/STEM_mentoring/6464375 (채택 답변),바이오 연구 데이터 분석 경험의 반도체 직무 어필 가능성에 대한 멘토링 채택 답변 종합,2026-10-04,미검토,,중,"링커리어 취업 멘토링 Q&A의 채택 답변 기반, 질문자 개인정보는 일반화하여 제거 | 수집일: 2026-10-04",N,"바이오 학부연구생으로 AI 단백질 설계와 데이터 분석을 했다면 반도체 공정·품질관리 데이터 분석 역량으로 어필할 수 있나요?,바이오 학부연구생으로 AI 단백질 설계 데이터 분석 했는데 반도체 공정 품질관리에 써먹을 수 있어?,바이오 학연생 AI 단백질 설계 경험 반도체 공정 품질관리 자소서에 어필 됨?,바이오 학부연구생 AI 단백질 설계 데이터 분석 반도체 공정 품질관리,저는 바이오 분야 학부연구생으로 AI 단백질 설계와 데이터 분석을 했는데 반도체 공정·품질관리 직무에 연결할 수 있을까요?,바이오 AI 단백질 설계 경험을 반도체 공정 품질관리에 연결하는 법 좀 알려주세요,바이오 데이터 분석 반도체,바이오 학부연구생 AI 단백질 설계 경험을 반도체 공정·품질관리 직무 입사 지원의 데이터 분석 역량으로 보여줄 수 있나요?,바이오 AI 단백질 설계 경험으로 반도체 공정 품질관리에 지원하면 불리할까요?",바이오 학부연구생으로 AI 단백질 설계와 데이터 분석을 했다면 반도체 공정·품질관리 데이터 분석 역량으로 어필할 수 있나요?,바이오 학부연구생으로 AI 단백질 설계 데이터 분석 했는데 반도체 공정 품질관리에 써먹을 수 있어?,바이오 학연생 AI 단백질 설계 경험 반도체 공정 품질관리 자소서에 어필 됨?,바이오 학부연구생 AI 단백질 설계 데이터 분석 반도체 공정 품질관리,저는 바이오 분야 학부연구생으로 AI 단백질 설계와 데이터 분석을 했는데 반도체 공정·품질관리 직무에 연결할 수 있을까요?,바이오 AI 단백질 설계 경험을 반도체 공정 품질관리에 연결하는 법 좀 알려주세요,바이오 데이터 분석 반도체,바이오 학부연구생 AI 단백질 설계 경험을 반도체 공정·품질관리 직무 입사 지원의 데이터 분석 역량으로 보여줄 수 있나요?,바이오 AI 단백질 설계 경험으로 반도체 공정 품질관리에 지원하면 불리할까요?
320,357,L-C06-020,역량개발·준비계획,IT·개발·데이터,"해외 대학 컴퓨터공학 전공과 배포 경험이 있는 프로젝트, 기본 자격증(SQLD, 정보처리기사 등)을 갖춘 신입 개발자 지원자가 앞으로 무엇을 우선적으로 준비해야 할까요?","현재 보유한 학력, 전공 학점, 자격증 수준이면 신입 개발자로 지원해볼 기반은 충분하다고 보며, 자격증을 더 늘리기보다는 코딩테스트와 프로젝트 완성도에 시간을 쓰는 것이 우선적으로 권장됩니다. 프로젝트는 개수를 늘리기보다 하나를 제대로 파고들어, 단순 구현을 넘어 설계 고민, 성능 개선, 예외 처리 등을 경험하고 왜 그렇게 구현했는지를 스스로 설명할 수 있는 수준까지 만드는 것이 중요합니다. 특히 AI 도구를 활용해 만든 프로젝트라면, AI 사용 자체보다 그 결과물의 구조와 코드를 본인이 이해하고 직접 수정·설명할 수 있는지가 면접에서 핵심적으로 확인된다는 점을 염두에 두어야 합니다. 어학이나 자격증은 현재 수준으로 충분하므로 추가로 쌓기보다 개발 실무 역량을 증명하는 결과물에 집중하는 것이 좋습니다.",링커리어 멘토링 커뮤니티 크롤링,링커리어 취업고민(이과/STEM) 게시글(post_id=6541159),https://community.linkareer.com/STEM_mentoring/6541159 (채택 답변),신입 개발자 취업 준비에서 자격증·프로젝트 우선순위에 대한 멘토링 채택 답변 종합,2026-10-04,미검토,,중,"링커리어 취업 멘토링 Q&A의 채택 답변 기반, 질문자 개인정보는 일반화하여 제거 | 수집일: 2026-10-04",N,"해외 대학 컴퓨터공학 전공에 배포 경험 프로젝트와 SQLD·정보처리기사가 있는 신입 개발자는 무엇부터 준비해야 하나요?,해외대 컴공에 배포 프로젝트랑 SQLD 정처기 있는데 신입 개발자로 뭐 먼저 해?,해외대 컴공 배포 프로젝트 SQLD 정처기 보유 신입 개발자 취준 머부터 해요?,해외 대학 컴퓨터공학 배포 프로젝트 SQLD 정보처리기사 신입 개발자 우선 준비,저는 해외 대학 컴퓨터공학 전공에 배포 프로젝트와 SQLD·정보처리기사가 있는데 신입 개발자로 무엇을 우선 준비할까요?,해외 대학 컴퓨터공학 신입 개발자의 우선 준비 사항 좀 알려주세요,해외대 컴공 신입 개발자 준비,해외 대학 컴퓨터공학 전공과 SQLD·정보처리기사를 갖춘 신입 개발자 입사 지원자는 무엇을 먼저 보완하나요?,해외 대학 컴퓨터공학 전공에 SQLD 정보처리기사 정도면 신입 개발자 지원에 부족할까요?",해외 대학 컴퓨터공학 전공에 배포 경험 프로젝트와 SQLD·정보처리기사가 있는 신입 개발자는 무엇부터 준비해야 하나요?,해외대 컴공에 배포 프로젝트랑 SQLD 정처기 있는데 신입 개발자로 뭐 먼저 해?,해외대 컴공 배포 프로젝트 SQLD 정처기 보유 신입 개발자 취준 머부터 해요?,해외 대학 컴퓨터공학 배포 프로젝트 SQLD 정보처리기사 신입 개발자 우선 준비,저는 해외 대학 컴퓨터공학 전공에 배포 프로젝트와 SQLD·정보처리기사가 있는데 신입 개발자로 무엇을 우선 준비할까요?,해외 대학 컴퓨터공학 신입 개발자의 우선 준비 사항 좀 알려주세요,해외대 컴공 신입 개발자 준비,해외 대학 컴퓨터공학 전공과 SQLD·정보처리기사를 갖춘 신입 개발자 입사 지원자는 무엇을 먼저 보완하나요?,해외 대학 컴퓨터공학 전공에 SQLD 정보처리기사 정도면 신입 개발자 지원에 부족할까요?
321,358,L-C06-021,역량개발·준비계획,의료·보건,제약 QC 직무를 준비하는 화학과 학생이 현재 학점·어학 외에 추가로 어떤 활동이나 스펙을 준비하면 좋을까요?,"사기업 채용에서 컴활이나 토익 점수는 현실적으로 큰 의미가 없는 편이며, 제약 QC 직무를 희망한다면 GMP 교육을 우선으로 갖추고 말하기 중심의 어학 성적을 준비하는 것이 추천됩니다. 가장 중요한 것은 직무 및 산업과 직접 관련된 경험으로, 학부연구생, 현장실습, 인턴, 기업 주관 대외교육 등을 통해 주요 분석 기기를 실제로 다뤄보는 경험을 쌓는 것이 핵심입니다. 단순한 세미나 위주의 학술동아리 활동보다는 기기분석 실습이나 GMP·품질관리 관련 교육 과정을 이수하는 것이 더 직접적인 도움이 되며, 현재 학점이 양호한 수준이라면 학점을 더 끌어올리는 데 시간을 쓰기보다 이런 실무 경험을 쌓는 데 집중하는 것이 좋습니다.",링커리어 멘토링 커뮤니티 크롤링,링커리어 취업고민(이과/STEM) 게시글(post_id=6470676),https://community.linkareer.com/STEM_mentoring/6470676 (채택 답변),제약 QC 직무 준비를 위한 추가 활동·스펙에 대한 멘토링 채택 답변 종합,2026-10-04,미검토,,중,"링커리어 취업 멘토링 Q&A의 채택 답변 기반, 질문자 개인정보는 일반화하여 제거 | 수집일: 2026-10-04",N,"제약 QC 직무를 희망하는 화학과 학생인데 성적과 영어 점수 말고 더 갖추면 좋은 경험이 있을까요?,화학과에서 제약 QC 가려면 학점이랑 어학 말고 뭘 더 준비해야 해?,화학과 제약 QC 취준 중인데 학점 어학 말고 스펙 머 더 쌓아야 함?,제약 QC 화학과 학점 어학 외 추가 스펙,저는 제약 QC 직무를 준비하는 화학과 학생인데 학점이랑 어학 말고 어떤 활동을 더 하면 좋을까요?,화학과 학생이 제약 QC 준비할 때 학점과 어학 외에 쌓을 스펙 좀 알려주세요,제약 QC 추가 스펙,제약 QC 직무 취업 준비 중인 화학과생이 학점과 어학 외에 쌓아야 할 직무 경험은 뭔가요?,화학과인데 제약 QC 지원할 때 학점이랑 어학만 갖춰도 괜찮을까요?",제약 QC 직무를 희망하는 화학과 학생인데 성적과 영어 점수 말고 더 갖추면 좋은 경험이 있을까요?,화학과에서 제약 QC 가려면 학점이랑 어학 말고 뭘 더 준비해야 해?,화학과 제약 QC 취준 중인데 학점 어학 말고 스펙 머 더 쌓아야 함?,제약 QC 화학과 학점 어학 외 추가 스펙,저는 제약 QC 직무를 준비하는 화학과 학생인데 학점이랑 어학 말고 어떤 활동을 더 하면 좋을까요?,화학과 학생이 제약 QC 준비할 때 학점과 어학 외에 쌓을 스펙 좀 알려주세요,제약 QC 추가 스펙,제약 QC 직무 취업 준비 중인 화학과생이 학점과 어학 외에 쌓아야 할 직무 경험은 뭔가요?,화학과인데 제약 QC 지원할 때 학점이랑 어학만 갖춰도 괜찮을까요?
322,359,L-C04-019,경험·포트폴리오,연구·엔지니어링·제조기술,"반도체 회사에서 1년 7개월간 실무 경력을 쌓은 경우, 이 경력을 대기업 반도체 채용에서 어떻게 어필해야 경쟁력이 있을까요?","현장에서 쌓은 실무 경력은 단순 사무 자격증보다 훨씬 큰 강점으로 평가되며, 설비기술처럼 현장 설비를 직접 다루는 직무라면 어떤 장비를 다루고 어떤 업무를 수행했는지를 구체적으로 정리하는 것이 중요합니다. 범용 사무 자격증은 반도체 대기업 채용에서 큰 차별화 요소가 되기 어려우므로, 경력 기간 동안 쌓은 경험을 성과 중심으로 구체화하는 데 더 집중하는 것이 좋습니다. 다만 어떤 전형과 직무로 지원하느냐가 중요한 변수이므로, 보유한 경력과 가장 밀접하게 연결되는 직무·전형을 신중하게 선택할 필요가 있습니다.",링커리어 멘토링 커뮤니티 크롤링,링커리어 취업고민(이과/STEM) 게시글(post_id=6517523),https://community.linkareer.com/STEM_mentoring/6517523 (채택 답변),현장 실무 경력의 반도체 대기업 채용 어필 전략에 대한 멘토링 채택 답변 종합,2026-10-04,미검토,,중,"링커리어 취업 멘토링 Q&A의 채택 답변 기반, 질문자 개인정보는 일반화하여 제거 | 수집일: 2026-10-04",N,"반도체 기업에서 1년 7개월 동안 일한 실무 경험을 대기업 반도체 공채에서 어떻게 강점으로 보여줘야 할까요?,반도체 회사 1년 7개월 다닌 경력 대기업 반도체 지원할 때 어떻게 어필해?,반도체 중소 1년 7개월 경력 대기업 반도체 서류에서 어케 어필함?,반도체 1년 7개월 실무 경력 대기업 어필 방법,저는 반도체 회사에서 1년 7개월 일했는데 이 경력을 대기업 반도체 채용에서 어떻게 내세우면 좋을까요?,반도체 회사 1년 7개월 실무 경력을 대기업 반도체 채용에서 어필하는 방법 좀 알려주세요,반도체 1년 7개월 경력 어필,반도체 회사 실무 경력 1년 7개월을 대기업 반도체 입사 지원 시 경쟁력 있게 쓰려면 어떻게 해야 하나요?,반도체 회사 경력이 1년 7개월밖에 안 되는데 대기업 반도체 지원에서 어필해도 괜찮을까요?",반도체 기업에서 1년 7개월 동안 일한 실무 경험을 대기업 반도체 공채에서 어떻게 강점으로 보여줘야 할까요?,반도체 회사 1년 7개월 다닌 경력 대기업 반도체 지원할 때 어떻게 어필해?,반도체 중소 1년 7개월 경력 대기업 반도체 서류에서 어케 어필함?,반도체 1년 7개월 실무 경력 대기업 어필 방법,저는 반도체 회사에서 1년 7개월 일했는데 이 경력을 대기업 반도체 채용에서 어떻게 내세우면 좋을까요?,반도체 회사 1년 7개월 실무 경력을 대기업 반도체 채용에서 어필하는 방법 좀 알려주세요,반도체 1년 7개월 경력 어필,반도체 회사 실무 경력 1년 7개월을 대기업 반도체 입사 지원 시 경쟁력 있게 쓰려면 어떻게 해야 하나요?,반도체 회사 경력이 1년 7개월밖에 안 되는데 대기업 반도체 지원에서 어필해도 괜찮을까요?
323,360,L-C02-011,채용공고·지원전략,연구·엔지니어링·제조기술,그룹 계열사에서 인턴으로 근무하는 중에 같은 그룹 내 다른 계열사 정규직에 지원하면 필터링될 가능성이 있나요?,"정식 정규직으로 재직 중인 상태에서 같은 그룹 내 다른 계열사로 이직을 지원하는 경우에는 그룹 인사 교류를 통해 확인되어 제한을 받을 수 있지만, 인턴 신분이라면 이런 제한이 적용될 가능성은 낮다고 보는 의견이 많습니다. 특히 체험형 인턴이라면 전혀 문제가 없고, 채용연계형 인턴이라도 전환이 100% 보장되는 것은 아니므로 다른 계열사 유관 직무에 지원하는 것 자체가 불리하게 작용할 이유는 크지 않습니다. 오히려 같은 그룹 계열사 인턴 경험은 해당 그룹의 업무 스타일과 조직문화를 이해하고 있다는 근거로 활용될 수 있어, 그룹에 대한 관심을 보여주는 요소로 긍정적으로 해석될 수 있습니다.",링커리어 멘토링 커뮤니티 크롤링,링커리어 취업고민(이과/STEM) 게시글(post_id=6476471),https://community.linkareer.com/STEM_mentoring/6476471 (채택 답변),그룹 계열사 인턴 중 타 계열사 지원 시 불이익 여부에 대한 멘토링 채택 답변 종합,2026-10-04,미검토,,상,"링커리어 취업 멘토링 Q&A의 채택 답변 기반, 질문자 개인정보는 일반화하여 제거 | 수집일: 2026-10-04",N,"그룹사 계열사에서 인턴을 하면서 같은 그룹의 다른 계열사 정규직 채용에 응시하면 걸러질 수 있나요?,그룹 계열사 인턴 중에 같은 그룹 다른 계열사 정규직 넣으면 필터링 돼?,계열사 인턴 하는 중인데 같은 그룹 타 계열사 정규직 지원하면 서탈 처리됨?,그룹 계열사 인턴 중 타 계열사 정규직 지원 필터링,저는 지금 그룹 계열사에서 인턴 중인데 같은 그룹 다른 계열사 정규직에 지원하면 걸리나요?,그룹 계열사 인턴 중에 같은 그룹 다른 계열사 정규직 지원 가능한지 알려주세요,계열사 인턴 중 타 계열사 지원,그룹 계열사 인턴 재직 중에 같은 그룹 다른 계열사 정규직 입사 지원을 하면 제한이 있나요?,그룹 계열사 인턴인데 같은 그룹 다른 계열사 정규직에 지원해도 불이익 없을까요?",그룹사 계열사에서 인턴을 하면서 같은 그룹의 다른 계열사 정규직 채용에 응시하면 걸러질 수 있나요?,그룹 계열사 인턴 중에 같은 그룹 다른 계열사 정규직 넣으면 필터링 돼?,계열사 인턴 하는 중인데 같은 그룹 타 계열사 정규직 지원하면 서탈 처리됨?,그룹 계열사 인턴 중 타 계열사 정규직 지원 필터링,저는 지금 그룹 계열사에서 인턴 중인데 같은 그룹 다른 계열사 정규직에 지원하면 걸리나요?,그룹 계열사 인턴 중에 같은 그룹 다른 계열사 정규직 지원 가능한지 알려주세요,계열사 인턴 중 타 계열사 지원,그룹 계열사 인턴 재직 중에 같은 그룹 다른 계열사 정규직 입사 지원을 하면 제한이 있나요?,그룹 계열사 인턴인데 같은 그룹 다른 계열사 정규직에 지원해도 불이익 없을까요?
324,361,L-C02-012,채용공고·지원전략,공통,"대기업 공개채용과 수시·상시채용의 차이를 고려할 때, 다음 공채 시즌까지 생기는 공백기를 어떻게 준비하며 채우는 것이 좋을까요?","일부 기업을 제외하면 대부분의 대기업은 수시채용 위주로 운영되며, 채용 시기는 매번 달라지기 때문에 특정 시점을 기다리기보다 평소에 준비된 상태를 유지하는 것이 중요합니다. 공백기 자체가 채용 평가에서 불리하게 작용한다고 단정할 필요는 없으며, 그 기간을 직무 관련 프로젝트 정리, 면접 답변 준비, 어학 성적 갱신, 관련 자격증·실습 등으로 채운다면 충분히 방어할 수 있습니다. 수시채용은 공채보다 채용 인원이 적을 수 있지만 직무 역량이 명확하다면 채용 속도가 빠르고 기회가 꾸준히 열린다는 장점도 있으므로, 공채만 기다리기보다 수시 공고에도 적극적으로 지원하는 전략이 권장됩니다.",링커리어 멘토링 커뮤니티 크롤링,링커리어 취업고민(이과/STEM) 게시글(post_id=6464249),https://community.linkareer.com/STEM_mentoring/6464249 (채택 답변),공채·수시채용 차이와 공백기 관리 전략에 대한 멘토링 채택 답변 종합,2026-10-04,미검토,,상,"링커리어 취업 멘토링 Q&A의 채택 답변 기반, 질문자 개인정보는 일반화하여 제거 | 수집일: 2026-10-04",N,"대기업 공채와 수시채용 차이를 생각했을 때 다음 공채까지의 공백 기간은 어떻게 보내면 좋을까요?,대기업 공채랑 수시채용 차이 생각하면 다음 공채까지 공백기 뭐 하면서 보내?,대기업 공채 수시 차이 감안하면 다음 공채까지 공백기 취준 어케 채워야 함?,대기업 공채 수시채용 공백기 준비 방법,저는 대기업 다음 공채 시즌까지 공백기가 생기는데 수시채용도 있는 상황에서 어떻게 준비해야 할까요?,대기업 공채와 수시채용 차이를 고려해서 다음 공채까지 공백기 채우는 방법 좀 알려주세요,대기업 공채 공백기 준비,대기업 공개채용과 수시채용 구조를 볼 때 다음 공채 전까지 취업 공백기를 어떻게 활용하면 되나요?,대기업 다음 공채까지 공백기가 길어지면 수시채용 지원에도 불리할까요?",대기업 공채와 수시채용 차이를 생각했을 때 다음 공채까지의 공백 기간은 어떻게 보내면 좋을까요?,대기업 공채랑 수시채용 차이 생각하면 다음 공채까지 공백기 뭐 하면서 보내?,대기업 공채 수시 차이 감안하면 다음 공채까지 공백기 취준 어케 채워야 함?,대기업 공채 수시채용 공백기 준비 방법,저는 대기업 다음 공채 시즌까지 공백기가 생기는데 수시채용도 있는 상황에서 어떻게 준비해야 할까요?,대기업 공채와 수시채용 차이를 고려해서 다음 공채까지 공백기 채우는 방법 좀 알려주세요,대기업 공채 공백기 준비,대기업 공개채용과 수시채용 구조를 볼 때 다음 공채 전까지 취업 공백기를 어떻게 활용하면 되나요?,대기업 다음 공채까지 공백기가 길어지면 수시채용 지원에도 불리할까요?
325,362,L-C04-020,경험·포트폴리오,연구·엔지니어링·제조기술,"공정기술·설비기술 쪽 경험(설비 개선, 공정 레시피 최적화)을 품질보증이나 선행품질 직무 지원 시 어떤 역량으로 연결해 어필할 수 있을까요?","설비 개선이나 레시피 최적화 경험 자체를 품질 직무와 직접적으로 연결하기는 어렵지만, 그 과정에서 길러진 산업·공정에 대한 이해도를 어필하는 방향으로 구성할 수 있습니다. 핵심은 개선 활동 자체보다 품질 관점에서 어떤 문제를 발견했고, 원인을 어떻게 분석했으며, 그 결과 불량률·산포·수율·공정 안정성이 어떻게 개선되었는지를 데이터 기반으로 보여주는 것입니다. 선행품질은 양산 전 리스크를 예방하는 역량과 연결하면 좋고, 품질보증은 발생한 문제의 원인 규명과 재발 방지 관점을 강조하는 것이 효과적입니다. 기존 경험을 억지로 품질 경험처럼 포장하기보다는 공정과 설비를 이해하는 품질 엔지니어라는 방향으로 차별화해 설명하는 것이 추천됩니다.",링커리어 멘토링 커뮤니티 크롤링,링커리어 취업고민(이과/STEM) 게시글(post_id=6458864),https://community.linkareer.com/STEM_mentoring/6458864 (채택 답변),공정·설비 경험의 품질 직무 어필 방안에 대한 멘토링 채택 답변 종합,2026-10-04,미검토,,중,"링커리어 취업 멘토링 Q&A의 채택 답변 기반, 질문자 개인정보는 일반화하여 제거 | 수집일: 2026-10-04",N,"공정기술이나 설비기술에서 설비 개선과 레시피 최적화를 한 경험을 품질보증이나 선행품질 직무에서 어떤 역량으로 내세울 수 있나요?,공정기술 설비기술 경험으로 품질보증이나 선행품질 지원하면 어떤 역량으로 연결해?,공정 설비 개선이랑 레시피 최적화 경험 품질보증 선행품질 자소서에 어케 녹임?,공정기술 설비기술 경험 품질보증 선행품질 연결 역량,저는 공정기술과 설비기술 쪽에서 설비 개선과 레시피 최적화를 했는데 품질보증이나 선행품질 지원 때 어떻게 어필하나요?,설비 개선과 공정 레시피 최적화 경험을 품질보증 선행품질 직무 역량으로 연결하는 방법 알려주세요,설비 개선 경험 선행품질 어필,공정기술 설비기술 경험을 품질보증이나 선행품질로 직무 전환 지원할 때 어떤 역량으로 이어야 하나요?,공정기술 설비기술 경험만 있는데 품질보증이나 선행품질에 지원하면 불리할까요?",공정기술이나 설비기술에서 설비 개선과 레시피 최적화를 한 경험을 품질보증이나 선행품질 직무에서 어떤 역량으로 내세울 수 있나요?,공정기술 설비기술 경험으로 품질보증이나 선행품질 지원하면 어떤 역량으로 연결해?,공정 설비 개선이랑 레시피 최적화 경험 품질보증 선행품질 자소서에 어케 녹임?,공정기술 설비기술 경험 품질보증 선행품질 연결 역량,저는 공정기술과 설비기술 쪽에서 설비 개선과 레시피 최적화를 했는데 품질보증이나 선행품질 지원 때 어떻게 어필하나요?,설비 개선과 공정 레시피 최적화 경험을 품질보증 선행품질 직무 역량으로 연결하는 방법 알려주세요,설비 개선 경험 선행품질 어필,공정기술 설비기술 경험을 품질보증이나 선행품질로 직무 전환 지원할 때 어떤 역량으로 이어야 하나요?,공정기술 설비기술 경험만 있는데 품질보증이나 선행품질에 지원하면 불리할까요?
326,363,L-C06-022,역량개발·준비계획,연구·엔지니어링·제조기술,"전체 학점은 높지만 반도체 관련 특정 측정 과목에서 B+를 받은 경우, 학점을 지우고 재수강하는 것이 취업 준비에 도움이 될까요?","전체 평점이 이미 높은 수준이라면 특정 과목의 B+ 하나로 서류 전형에서 불이익을 받을 가능성은 거의 없다고 보는 의견이 많습니다. 반도체 관련 핵심 공정 과목에서 좋은 성적을 이미 확보했다면 직무 역량은 충분히 입증된 것으로 볼 수 있어, 재수강을 위해 남은 학기에 전공 부담을 늘리기보다 그 시간을 어학 성적이나 공정 실습 같은 실질적인 스펙을 쌓는 데 쓰는 것이 더 효율적입니다. 따라서 재수강보다는 다른 취업 준비 활동에 시간을 투자하는 것이 추천됩니다.",링커리어 멘토링 커뮤니티 크롤링,링커리어 취업고민(이과/STEM) 게시글(post_id=6456814),https://community.linkareer.com/STEM_mentoring/6456814 (채택 답변),특정 전공 과목 재수강 여부에 대한 멘토링 채택 답변 종합,2026-10-04,미검토,,중,"링커리어 취업 멘토링 Q&A의 채택 답변 기반, 질문자 개인정보는 일반화하여 제거 | 수집일: 2026-10-04",N,"전체 평점은 높은데 반도체 측정 과목 하나가 B+라면 성적을 삭제하고 다시 수강하는 게 취업에 유리할까요?,학점 높은데 반도체 측정 과목 하나 B+면 재수강하는 게 취업에 도움 돼?,반도체 측정 과목 B+ 하나 있는데 학점 세탁 재수강 취준에 의미 있음?,반도체 측정 과목 B+ 재수강 취업 영향,저는 전체 학점은 높은데 반도체 측정 과목만 B+라서 지우고 재수강할지 고민인데 도움이 될까요?,반도체 측정 과목 B+를 재수강해야 할지 판단 기준 좀 알려주세요,반도체 과목 B+ 재수강,전체 학점이 높은 상태에서 반도체 측정 과목 B+를 재수강하면 서류 전형 준비에 도움이 되나요?,반도체 관련 측정 과목 하나가 B+인데 재수강 안 하면 서류에서 불리할까요?",전체 평점은 높은데 반도체 측정 과목 하나가 B+라면 성적을 삭제하고 다시 수강하는 게 취업에 유리할까요?,학점 높은데 반도체 측정 과목 하나 B+면 재수강하는 게 취업에 도움 돼?,반도체 측정 과목 B+ 하나 있는데 학점 세탁 재수강 취준에 의미 있음?,반도체 측정 과목 B+ 재수강 취업 영향,저는 전체 학점은 높은데 반도체 측정 과목만 B+라서 지우고 재수강할지 고민인데 도움이 될까요?,반도체 측정 과목 B+를 재수강해야 할지 판단 기준 좀 알려주세요,반도체 과목 B+ 재수강,전체 학점이 높은 상태에서 반도체 측정 과목 B+를 재수강하면 서류 전형 준비에 도움이 되나요?,반도체 관련 측정 과목 하나가 B+인데 재수강 안 하면 서류에서 불리할까요?
327,364,L-C04-021,경험·포트폴리오,연구·엔지니어링·제조기술,"AI 활용 해커톤에 참가했지만 수상하지 못한 경험을, 반도체 공정기술 직무 자기소개서나 프로젝트 경험으로 활용해도 괜찮을까요?","수상 등 명확한 성과가 없다면 자기소개서의 메인 소재로 쓰기보다는 면접에서 활용할 수 있는 보조 경험으로 다루는 것이 더 적절하다는 의견이 많습니다. 해커톤 경험 자체를 아예 버릴 필요는 없지만, 직무 역량을 보여주는 메인 소재는 반도체 공정 관련 경험에서 AI나 데이터 분석을 활용한 사례로 잡는 것이 직무 연관성 측면에서 더 유리합니다. 중요한 것은 AI에게 단순히 결과물을 만들어달라고 한 것이 아니라, 본인이 분석 방향을 정하고 AI를 도구로 활용했다는 점을 명확히 드러내는 것이며, 행동이나 태도 측면의 역량을 보여주는 용도로는 해커톤 경험을 활용해도 무방합니다.",링커리어 멘토링 커뮤니티 크롤링,링커리어 취업고민(이과/STEM) 게시글(post_id=6482680),https://community.linkareer.com/STEM_mentoring/6482680 (채택 답변),수상하지 못한 해커톤 경험의 자소서 활용 여부에 대한 멘토링 채택 답변 종합,2026-10-04,미검토,,중,"링커리어 취업 멘토링 Q&A의 채택 답변 기반, 질문자 개인정보는 일반화하여 제거 | 수집일: 2026-10-04",N,"AI 해커톤에 나갔지만 상을 못 받은 경험도 반도체 공정기술 자기소개서 소재로 써도 될까요?,AI 해커톤 수상 못 했는데 반도체 공정기술 자소서에 써도 돼?,AI 해커톤 상 못 탄 경험 반도체 공정기술 자소서 소재로 써도 됨?,AI 해커톤 미수상 반도체 공정기술 자소서 활용,저는 AI 활용 해커톤에 참가했는데 수상은 못 했어요 반도체 공정기술 자소서에 넣어도 될까요?,수상 못 한 AI 해커톤 경험을 반도체 공정기술 자소서에 활용하는 방법 알려주세요,AI 해커톤 공정기술 자소서,반도체 공정기술 직무 지원서의 프로젝트 경험란에 수상 못 한 AI 해커톤을 적어도 괜찮나요?,AI 해커톤에서 수상을 못 했는데 반도체 공정기술 자소서에 쓰면 오히려 마이너스일까요?",AI 해커톤에 나갔지만 상을 못 받은 경험도 반도체 공정기술 자기소개서 소재로 써도 될까요?,AI 해커톤 수상 못 했는데 반도체 공정기술 자소서에 써도 돼?,AI 해커톤 상 못 탄 경험 반도체 공정기술 자소서 소재로 써도 됨?,AI 해커톤 미수상 반도체 공정기술 자소서 활용,저는 AI 활용 해커톤에 참가했는데 수상은 못 했어요 반도체 공정기술 자소서에 넣어도 될까요?,수상 못 한 AI 해커톤 경험을 반도체 공정기술 자소서에 활용하는 방법 알려주세요,AI 해커톤 공정기술 자소서,반도체 공정기술 직무 지원서의 프로젝트 경험란에 수상 못 한 AI 해커톤을 적어도 괜찮나요?,AI 해커톤에서 수상을 못 했는데 반도체 공정기술 자소서에 쓰면 오히려 마이너스일까요?
328,365,L-C06-023,역량개발·준비계획,연구·엔지니어링·제조기술,"화학공학 전공으로 정유사 생산직(오퍼레이터) 취업을 준비할 때, 최근 채용 상황은 어떤 추세이며 토익 같은 어학 성적은 여전히 중요한가요?","최근 화학 산업의 업황이 좋지 않아 정유사 생산직 채용 경쟁률과 합격 기준이 예전보다 높아진 편이며, 전문학사 이하 졸업자는 주로 현장직(설비 모니터링·점검 업무) 중심으로 배치되는 경향이 있습니다. 어학 성적은 영문 매뉴얼 독해와 서류 변별을 위해 여전히 일정 수준 이상의 토익 점수가 반영되는 경우가 많지만, 최근에는 토익보다 말하기 중심 어학 성적을 선호하는 추세도 커지고 있습니다. 따라서 높은 학점과 관련 산업기사 자격증을 기본으로 갖추고, 토익이 부담스럽다면 말하기 성적으로 대체해 준비하는 것도 방법입니다.",링커리어 멘토링 커뮤니티 크롤링,링커리어 취업고민(이과/STEM) 게시글(post_id=6536998),https://community.linkareer.com/STEM_mentoring/6536998 (채택 답변),정유사 생산직 채용 추세와 어학 성적 준비에 대한 멘토링 채택 답변 종합,2026-10-04,미검토,,중,"링커리어 취업 멘토링 Q&A의 채택 답변 기반, 질문자 개인정보는 일반화하여 제거 | 수집일: 2026-10-04",N,"화공 전공자가 정유사 생산직 오퍼레이터를 준비할 때 요즘 채용 동향과 토익 점수의 중요도는 어떤가요?,화공 전공으로 정유사 오퍼레이터 준비하는데 요즘 채용 분위기랑 토익 중요해?,화공과 정유사 생산직 취준 중인데 요즘 채용 추세랑 토익 아직 필요함?,화학공학 정유사 생산직 오퍼레이터 채용 추세 토익,저는 화학공학 전공으로 정유사 생산직을 준비하고 있는데 최근 채용 상황과 어학 성적 중요성이 궁금해요,정유사 생산직 오퍼레이터 최근 채용 추세와 토익 중요도 좀 정리해 주세요,정유사 오퍼레이터 토익,화학공학 전공자의 정유사 생산직 오퍼레이터 채용 시장 동향과 어학 성적 반영 정도가 궁금합니다,화학공학 전공인데 토익 점수 없이 정유사 생산직 오퍼레이터 지원해도 괜찮을까요?",화공 전공자가 정유사 생산직 오퍼레이터를 준비할 때 요즘 채용 동향과 토익 점수의 중요도는 어떤가요?,화공 전공으로 정유사 오퍼레이터 준비하는데 요즘 채용 분위기랑 토익 중요해?,화공과 정유사 생산직 취준 중인데 요즘 채용 추세랑 토익 아직 필요함?,화학공학 정유사 생산직 오퍼레이터 채용 추세 토익,저는 화학공학 전공으로 정유사 생산직을 준비하고 있는데 최근 채용 상황과 어학 성적 중요성이 궁금해요,정유사 생산직 오퍼레이터 최근 채용 추세와 토익 중요도 좀 정리해 주세요,정유사 오퍼레이터 토익,화학공학 전공자의 정유사 생산직 오퍼레이터 채용 시장 동향과 어학 성적 반영 정도가 궁금합니다,화학공학 전공인데 토익 점수 없이 정유사 생산직 오퍼레이터 지원해도 괜찮을까요?
329,366,L-C06-024,역량개발·준비계획,연구·엔지니어링·제조기술,"공기업 품질공학 직렬 필기시험과 산업안전기사 실기 시험이 비슷한 시기에 겹칠 때, 한 달간 어느 쪽 준비에 우선순위를 두어야 할까요?","이미 관련 자격증과 어학 성적을 어느 정도 갖춘 상태라면, 공기업에 실제로 입사할 의향이 크다는 전제하에 남은 기간을 필기·전공시험 준비에 집중하는 것이 추천됩니다. 공기업 채용은 필기를 통과하지 못하면 이후 전형 자체가 사라지기 때문에 기회비용이 더 크고, 전공시험은 단기간에 감을 잡기 쉽지 않아 두 시험을 동시에 완벽히 준비하기는 어렵습니다. 다만 가산점 항목에 해당하는 자격증이 있다면 가능한 선에서 취득해두는 것이 유리하고, 공기업 지원이 단순히 한 번 넣어보는 수준이고 사기업 취업이 확실한 목표라면 자격증 실기를 우선하는 것이 낫습니다. 결국 본인이 공기업과 사기업 중 어느 쪽을 실제 진로로 생각하는지에 따라 그 시기의 준비 우선순위를 정하는 것이 바람직합니다.",링커리어 멘토링 커뮤니티 크롤링,링커리어 취업고민(이과/STEM) 게시글(post_id=6529048),https://community.linkareer.com/STEM_mentoring/6529048 (채택 답변),공기업 필기시험과 자격증 실기 준비 시간 배분에 대한 멘토링 채택 답변 종합,2026-10-04,미검토,,중,"링커리어 취업 멘토링 Q&A의 채택 답변 기반, 질문자 개인정보는 일반화하여 제거 | 수집일: 2026-10-04",N,"공기업 품질공학 직렬 필기와 산업안전기사 실기 일정이 겹치면 한 달 동안 무엇을 먼저 준비해야 할까요?,공기업 품질공학 필기랑 산업안전기사 실기 겹치는데 한 달 동안 뭐부터 해?,공기업 품질공학 필기 vs 산안기 실기 한 달 남았는데 머에 올인해야 함?,공기업 품질공학 필기 산업안전기사 실기 우선순위,저는 공기업 품질공학 직렬 필기와 산업안전기사 실기가 비슷한 시기라 한 달간 어디에 집중할지 고민이에요,공기업 품질공학 필기와 산업안전기사 실기 겹칠 때 우선순위 정하는 법 알려주세요,품질공학 필기 산안기 실기,공기업 품질공학 직렬 필기시험 준비와 산업안전기사 실기 준비 중 한 달 동안 어디에 시간을 써야 하나요?,공기업 품질공학 필기에 집중하느라 산업안전기사 실기를 미뤄도 괜찮을까요?",공기업 품질공학 직렬 필기와 산업안전기사 실기 일정이 겹치면 한 달 동안 무엇을 먼저 준비해야 할까요?,공기업 품질공학 필기랑 산업안전기사 실기 겹치는데 한 달 동안 뭐부터 해?,공기업 품질공학 필기 vs 산안기 실기 한 달 남았는데 머에 올인해야 함?,공기업 품질공학 필기 산업안전기사 실기 우선순위,저는 공기업 품질공학 직렬 필기와 산업안전기사 실기가 비슷한 시기라 한 달간 어디에 집중할지 고민이에요,공기업 품질공학 필기와 산업안전기사 실기 겹칠 때 우선순위 정하는 법 알려주세요,품질공학 필기 산안기 실기,공기업 품질공학 직렬 필기시험 준비와 산업안전기사 실기 준비 중 한 달 동안 어디에 시간을 써야 하나요?,공기업 품질공학 필기에 집중하느라 산업안전기사 실기를 미뤄도 괜찮을까요?
330,367,L-C05-012,면접·인적성,금융·회계,"금융권 IT 직무 PT 면접을 준비할 때 최신 기술 이슈(AI, 보안, 클라우드 등)와 금융 산업 이해 중 어느 쪽에 더 중점을 두고, 어떻게 준비하는 것이 좋을까요?","최신 기술을 무작정 많이 공부하기보다는 생성형 AI, AI Agent, 클라우드, 정보보안, 마이데이터처럼 금융권에서 실제 활용도가 높은 주제를 중심으로, 기술 개념과 금융권 활용 사례, 기대 효과, 리스크와 대응 방안까지 본인의 언어로 설명할 수 있는 수준으로 정리하는 것이 중요합니다. 금융권은 새로운 기술 도입 시 보안·개인정보 보호·규제·안정성을 함께 고려하기 때문에 기술의 장점만 나열하면 답변이 평면적으로 들릴 수 있습니다. 직무가 IT인 만큼 금융 자체에 대한 이해보다는 IT 기술 트렌드에 더 중점을 두어 준비하되, 특정 기술을 금융 서비스에 도입한다는 주제를 잡아 현황-문제점-해결방안-기대효과 순서로 제한 시간 내에 말하는 PT 연습을 반복하는 것이 추천됩니다.",링커리어 멘토링 커뮤니티 크롤링,링커리어 취업고민(이과/STEM) 게시글(post_id=6526590),https://community.linkareer.com/STEM_mentoring/6526590 (채택 답변),금융권 IT 직무 PT 면접 준비 방향에 대한 멘토링 채택 답변 종합,2026-10-04,미검토,,상,"링커리어 취업 멘토링 Q&A의 채택 답변 기반, 질문자 개인정보는 일반화하여 제거 | 수집일: 2026-10-04",N,"금융권 IT 직무 PT 면접에서 AI나 보안 같은 기술 트렌드와 금융업 이해 중 무엇을 더 공부해야 할까요?,금융권 IT PT 면접 준비하는데 최신 기술 이슈랑 금융 이해 중에 뭐가 더 중요해?,금융권 IT 직무 PT 면접 기술 트렌드 vs 금융 지식 머에 집중해야 함?,금융권 IT PT 면접 기술 이슈 금융 이해 비중,저는 금융권 IT 직무 PT 면접을 앞두고 있는데 기술 이슈와 금융 산업 중 어디에 비중을 둬야 할까요?,금융권 IT 직무 PT 면접 준비 방향과 공부 방법 좀 알려주세요,금융 IT PT 면접 준비,금융권 IT 직무 채용의 PT 면접에서 기술 이슈와 금융 산업 이해 중 무엇을 더 중점으로 준비하나요?,금융권 IT PT 면접에서 금융 산업 이해 없이 기술 이슈만 준비해도 괜찮을까요?",금융권 IT 직무 PT 면접에서 AI나 보안 같은 기술 트렌드와 금융업 이해 중 무엇을 더 공부해야 할까요?,금융권 IT PT 면접 준비하는데 최신 기술 이슈랑 금융 이해 중에 뭐가 더 중요해?,금융권 IT 직무 PT 면접 기술 트렌드 vs 금융 지식 머에 집중해야 함?,금융권 IT PT 면접 기술 이슈 금융 이해 비중,저는 금융권 IT 직무 PT 면접을 앞두고 있는데 기술 이슈와 금융 산업 중 어디에 비중을 둬야 할까요?,금융권 IT 직무 PT 면접 준비 방향과 공부 방법 좀 알려주세요,금융 IT PT 면접 준비,금융권 IT 직무 채용의 PT 면접에서 기술 이슈와 금융 산업 이해 중 무엇을 더 중점으로 준비하나요?,금융권 IT PT 면접에서 금융 산업 이해 없이 기술 이슈만 준비해도 괜찮을까요?
331,368,L-C03-017,이력서·자소서,연구·엔지니어링·제조기술,"석사 과정에서 익숙해진 영어 전문 용어 표현(공정, 전압 등)을 반도체 관련 자기소개서에 그대로 사용하면 감점 요소가 될까요?","반도체처럼 전문성이 요구되는 분야의 자소서에서 업계 표준 기술 용어나 약어를 영문 그대로 쓰는 것은 일반적으로 감점 요소가 아니며, 오히려 직무 전문성과 현장감을 보여주는 자연스러운 표현으로 받아들여질 수 있습니다. 핵심 기술 명사를 한글로 번역하면 의미가 모호해질 수 있어 영문 표기를 유지하는 것이 좋지만, 한국어로 충분히 대체 가능한 일반 동사나 서술어까지 영어로 섞어 쓰는 것은 가독성을 해칠 수 있어 지양하는 것이 좋습니다. 결국 서술어와 연결어는 한글로 다듬고, 핵심 전문 용어만 영문으로 명확히 표기하는 균형을 맞추는 것이 전문성과 가독성을 함께 살리는 방법입니다.",링커리어 멘토링 커뮤니티 크롤링,링커리어 취업고민(이과/STEM) 게시글(post_id=6491502),https://community.linkareer.com/STEM_mentoring/6491502 (채택 답변),자기소개서 내 영어 전문 용어 사용 적절성에 대한 멘토링 채택 답변 종합,2026-10-04,미검토,,상,"링커리어 취업 멘토링 Q&A의 채택 답변 기반, 질문자 개인정보는 일반화하여 제거 | 수집일: 2026-10-04",N,"석사 때 쓰던 영어 전공 용어를 반도체 자기소개서에 그대로 적으면 마이너스가 될까요?,석사 때 익숙한 영어 용어 반도체 자소서에 그대로 써도 돼?,석사 출신인데 반도체 자소서에 영어 전문용어 그대로 쓰면 감점임?,반도체 자소서 영어 전문 용어 사용 감점,저는 석사 과정에서 공정이나 전압 같은 표현을 영어로 써왔는데 반도체 자소서에도 그렇게 써도 될까요?,반도체 자소서에서 영어 전문 용어 써도 되는지 알려주세요,반도체 자소서 영어 용어,반도체 직무 입사 지원 자기소개서에 영문 기술 용어를 그대로 쓰면 평가에 영향이 있나요?,반도체 자소서에 영어 전문 용어를 많이 쓰면 감점될까 봐 걱정되는데 괜찮을까요?",석사 때 쓰던 영어 전공 용어를 반도체 자기소개서에 그대로 적으면 마이너스가 될까요?,석사 때 익숙한 영어 용어 반도체 자소서에 그대로 써도 돼?,석사 출신인데 반도체 자소서에 영어 전문용어 그대로 쓰면 감점임?,반도체 자소서 영어 전문 용어 사용 감점,저는 석사 과정에서 공정이나 전압 같은 표현을 영어로 써왔는데 반도체 자소서에도 그렇게 써도 될까요?,반도체 자소서에서 영어 전문 용어 써도 되는지 알려주세요,반도체 자소서 영어 용어,반도체 직무 입사 지원 자기소개서에 영문 기술 용어를 그대로 쓰면 평가에 영향이 있나요?,반도체 자소서에 영어 전문 용어를 많이 쓰면 감점될까 봐 걱정되는데 괜찮을까요?
332,369,L-C03-018,이력서·자소서,생산·물류·서비스,"실무 경력과 아르바이트 경험이 없는 상태에서 생산 현장직(금속 조업) 공채에 지원할 때, 나이가 많고 경력이 없는 점을 자기소개서와 면접에서 어떻게 풀어내야 할까요?","나이가 많거나 사회 경험이 적다는 점을 그대로 약점으로 언급하기보다는, 그 시간 동안 어떤 과정을 거쳐 현재의 방향(자격증 취득 등)을 좁혀왔는지를 중심으로 서술하는 것이 효과적입니다. 즉 나이가 많아 걱정이지만 열심히 하겠다는 식의 변명성 답변보다는, 목표를 재설정하며 순차적으로 자격을 갖춰온 과정을 구체적으로 설명하는 답변이 더 설득력이 있습니다. 실무 경력이 없는 점도 보유한 자격증을 통해 익힌 현장 안전·품질 관리의 기본 원리를 바탕으로 빠르게 적응하겠다는 식으로 풀어내는 것이 권장되며, 지원동기 역시 단순히 안정적인 대기업이라서가 아니라 자격증 취득 과정에서 느낀 관심과 직무를 구체적으로 연결해 서술하는 것이 좋습니다. 보유한 자격증들이 하나의 방향으로 연결되어 있다는 점을 보여주는 것이 전체 서류·면접 전략의 핵심입니다.",링커리어 멘토링 커뮤니티 크롤링,링커리어 취업고민(이과/STEM) 게시글(post_id=6457180),https://community.linkareer.com/STEM_mentoring/6457180 (채택 답변),무경력·고연령 지원자의 생산직 자기소개서·면접 답변 전략에 대한 멘토링 채택 답변 종합,2026-10-04,미검토,,상,"링커리어 취업 멘토링 Q&A의 채택 답변 기반, 질문자 개인정보는 일반화하여 제거 | 수집일: 2026-10-04",N,"직장 경력도 알바 경험도 없이 금속 조업 생산직 공채에 지원할 때 늦은 나이와 무경력을 자소서와 면접에서 어떻게 설명해야 할까요?,경력도 알바도 없고 나이도 많은데 금속 조업 생산직 공채 자소서랑 면접 어떻게 풀어?,금속 조업 생산직 공채 지원하는데 나이 많고 경력 0이면 자소서 면접 어케 써야 함?,금속 조업 생산직 공채 나이 무경력 자소서 면접,저는 나이가 많고 실무 경력이나 알바 경험이 없는데 금속 조업 현장직 공채에서 이걸 어떻게 풀어야 할까요?,금속 조업 생산 현장직 공채에서 나이와 무경력을 자소서와 면접에서 풀어내는 방법 알려주세요,금속 조업 공채 무경력,금속 조업 생산 현장직 공채 지원 시 사회 경력 공백과 나이를 면접에서 어떻게 말해야 하나요?,나이 많고 경력도 없이 금속 조업 생산직 공채에 지원하면 많이 불리할까요?",직장 경력도 알바 경험도 없이 금속 조업 생산직 공채에 지원할 때 늦은 나이와 무경력을 자소서와 면접에서 어떻게 설명해야 할까요?,경력도 알바도 없고 나이도 많은데 금속 조업 생산직 공채 자소서랑 면접 어떻게 풀어?,금속 조업 생산직 공채 지원하는데 나이 많고 경력 0이면 자소서 면접 어케 써야 함?,금속 조업 생산직 공채 나이 무경력 자소서 면접,저는 나이가 많고 실무 경력이나 알바 경험이 없는데 금속 조업 현장직 공채에서 이걸 어떻게 풀어야 할까요?,금속 조업 생산 현장직 공채에서 나이와 무경력을 자소서와 면접에서 풀어내는 방법 알려주세요,금속 조업 공채 무경력,금속 조업 생산 현장직 공채 지원 시 사회 경력 공백과 나이를 면접에서 어떻게 말해야 하나요?,나이 많고 경력도 없이 금속 조업 생산직 공채에 지원하면 많이 불리할까요?
333,370,L-C02-013,채용공고·지원전략,생산·물류·서비스,"품질관리·생산관리·SCM 직무 중 어디를 중심으로 준비할지, 어떤 규모의 기업을 지원 범위로 잡을지, 마감이 가까운 공고부터 지원할지 서류를 먼저 정리할지 등 지원 전략을 어떻게 세워야 할까요?","보유한 자격증, 어학 성적, 인턴 경험을 고려하면 중소기업에만 한정하기보다 우량 중견기업과 대기업까지 폭넓게 지원해볼 만하다는 의견과, 품질 직무 실무 경험이 없어 중견 이상은 쉽지 않을 수 있다는 의견이 함께 제시되었습니다. 직무 면에서는 실제 인턴 경험과 직접적으로 관련된 생산관리나 물류·SCM을 중심으로 삼고, 보유한 자격증을 활용해 품질관리 직무까지 함께 지원하는 전략이 추천되며, 전공 특성상 일반 물류보다는 제조업 SCM 쪽이 경쟁 측면에서 유리하다는 의견도 있습니다. 진행 중인 데이터 분석 프로젝트는 포트폴리오로 완성하고, 품질 직무 대비용으로는 기존 데이터를 통계 도구로 재가공해보는 것이 도움이 됩니다. 취업 상담 결과를 기다리기보다는 마감이 가까운 공고부터 우선 지원을 시작하면서 서류를 지속적으로 보완해 나가는 방식이 권장됩니다.",링커리어 멘토링 커뮤니티 크롤링,링커리어 취업고민(이과/STEM) 게시글(post_id=6502185),https://community.linkareer.com/STEM_mentoring/6502185 (채택 답변),품질·생산관리·SCM 직무 지원 범위와 포트폴리오 준비 전략에 대한 멘토링 채택 답변 종합,2026-10-04,미검토,,상,"링커리어 취업 멘토링 Q&A의 채택 답변 기반, 질문자 개인정보는 일반화하여 제거 | 수집일: 2026-10-04",N,"품질관리 생산관리 SCM 가운데 어떤 직무에 집중하고 어느 규모 기업까지 지원하며 마감 임박 공고와 서류 정리 중 무엇을 먼저 할지 전략이 궁금해요,품질관리 생산관리 SCM 중에 뭘 메인으로 하고 기업 규모는 어디까지 넣어야 해?,품질관리 생관 SCM 중 직무 뭐로 잡고 중견 대기업까지 지원 범위 어케 잡음?,품질관리 생산관리 SCM 지원 전략 기업 규모,저는 품질관리와 생산관리와 SCM 사이에서 고민 중인데 지원 기업 규모랑 순서를 어떻게 정해야 할까요?,품질관리 생산관리 SCM 직무 선택과 지원 범위 그리고 지원 순서 전략 좀 정리해 주세요,품질 생관 SCM 지원 전략,품질관리 생산관리 SCM 직무 입사 지원할 때 공고 마감 순서대로 지원할지 서류부터 정리할지 궁금합니다,품질관리 생산관리 SCM 중 하나로 안 좁히고 여러 규모 기업에 지원해도 괜찮을까요?",품질관리 생산관리 SCM 가운데 어떤 직무에 집중하고 어느 규모 기업까지 지원하며 마감 임박 공고와 서류 정리 중 무엇을 먼저 할지 전략이 궁금해요,품질관리 생산관리 SCM 중에 뭘 메인으로 하고 기업 규모는 어디까지 넣어야 해?,품질관리 생관 SCM 중 직무 뭐로 잡고 중견 대기업까지 지원 범위 어케 잡음?,품질관리 생산관리 SCM 지원 전략 기업 규모,저는 품질관리와 생산관리와 SCM 사이에서 고민 중인데 지원 기업 규모랑 순서를 어떻게 정해야 할까요?,품질관리 생산관리 SCM 직무 선택과 지원 범위 그리고 지원 순서 전략 좀 정리해 주세요,품질 생관 SCM 지원 전략,품질관리 생산관리 SCM 직무 입사 지원할 때 공고 마감 순서대로 지원할지 서류부터 정리할지 궁금합니다,품질관리 생산관리 SCM 중 하나로 안 좁히고 여러 규모 기업에 지원해도 괜찮을까요?
334,371,L-C06-025,역량개발·준비계획,연구·엔지니어링·제조기술,기계공학 전공자가 생산기술 직무를 준비할 때 어떤 경험과 역량을 갖추는 것이 좋을까요?,"멘토들은 생산기술 직무에서 4대역학 같은 이론을 직접 쓰기보다는 설비 작동원리를 이해하고 공정을 효율적으로 운영해 수율과 품질을 확보하는 역량이 중요하다고 조언합니다. 학부연구생으로 장비를 직접 다루고 결과를 분석해본 경험, 그리고 4학년 현장실습이나 인턴 경험이 실무 이해도를 보여주는 데 큰 도움이 됩니다. 공모전이나 학연생 활동을 하더라도 단순 개발 결과보다는 문제 원인 분석이나 조건 최적화 과정으로 재해석해 어필하는 것이 효과적입니다. 아울러 캐드 활용 능력이나 6시그마 같은 통계적 공정관리 역량, 다부서와의 협업 능력을 함께 키우는 것이 좋습니다.",링커리어 멘토링 커뮤니티 크롤링,링커리어 취업고민(이과/STEM) 게시글(post_id=6485687),https://community.linkareer.com/STEM_mentoring/6485687 (채택 답변),기계공학과 졸업생의 생산기술 직무 이해 및 준비 방법에 대한 멘토링 채택 답변 종합,2026-10-04,미검토,,중,"링커리어 취업 멘토링 Q&A의 채택 답변 기반, 질문자 개인정보는 일반화하여 제거 | 수집일: 2026-10-04",N,"기계공학을 전공했는데 생산기술 직무에 필요한 경험과 역량은 무엇인가요?,기계공학과인데 생산기술 가려면 어떤 경험 쌓아야 해?,기계과 생산기술 취준 스펙 머 준비해야 함?,기계공학 전공 생산기술 직무 필요 역량,저는 기계공학 전공자인데 생산기술 직무를 목표로 하면 어떤 경험을 쌓아두면 좋을까요?,기계공학 전공자가 생산기술 직무 준비할 때 필요한 경험이랑 역량 알려주세요,기계공학 생산기술 준비,기계공학 전공자의 생산기술 직무 취업 준비에 도움이 되는 직무 경험은 무엇인가요?,기계공학 전공인데 4대역학만 잘해도 생산기술 지원하기에 괜찮을까요?",기계공학을 전공했는데 생산기술 직무에 필요한 경험과 역량은 무엇인가요?,기계공학과인데 생산기술 가려면 어떤 경험 쌓아야 해?,기계과 생산기술 취준 스펙 머 준비해야 함?,기계공학 전공 생산기술 직무 필요 역량,저는 기계공학 전공자인데 생산기술 직무를 목표로 하면 어떤 경험을 쌓아두면 좋을까요?,기계공학 전공자가 생산기술 직무 준비할 때 필요한 경험이랑 역량 알려주세요,기계공학 생산기술 준비,기계공학 전공자의 생산기술 직무 취업 준비에 도움이 되는 직무 경험은 무엇인가요?,기계공학 전공인데 4대역학만 잘해도 생산기술 지원하기에 괜찮을까요?
335,372,L-C03-019,이력서·자소서,연구·엔지니어링·제조기술,방산·제조업 자기소개서에서 '주인의식/책임감' 문항을 쓸 때 군 경험과 전공 활동 중 어떤 소재를 선택해야 하나요?,"멘토들은 방산·기계 제조 기업의 경우 조직 기여도와 실질적 책임감을 보여줄 수 있는 소재를 선호하므로, 정량적인 성과가 뚜렷한 경험을 메인으로 쓰는 것이 유리하다고 조언합니다. 다만 소재를 고를 때는 직무강점 문항과 내용이 중복되지 않도록 인성 중심으로 구성해야 합니다. 직무역량 문항은 전공 관련 동아리나 프로젝트에서의 설계·해석 경험처럼 기술적 전문성을 가장 직접적으로 보여줄 수 있는 소재를 유지하는 것이 바람직합니다. 글을 쓸 때는 본인 관점이 아니라 읽는 사람이 이해하기 쉬운 문장으로 구성하는 것도 중요합니다.",링커리어 멘토링 커뮤니티 크롤링,링커리어 취업고민(이과/STEM) 게시글(post_id=6479409),https://community.linkareer.com/STEM_mentoring/6479409 (채택 답변),방산기업 자소서 문항별 경험 소재 선택에 대한 멘토링 채택 답변 종합,2026-10-04,미검토,,상,"링커리어 취업 멘토링 Q&A의 채택 답변 기반, 질문자 개인정보는 일반화하여 제거 | 수집일: 2026-10-04",N,"방산이나 제조업 자소서의 주인의식이나 책임감 항목에 군대 경험과 전공 경험 중 무엇을 써야 할까요?,방산 제조업 자소서 책임감 문항에 군 경험 써 아니면 전공 활동 써?,방산 제조 자소서 주인의식 문항 군 경험 vs 전공 활동 머가 나음?,방산 제조업 자소서 주인의식 책임감 소재 선택,저는 방산 제조업 자소서를 쓰는데 책임감 문항에 군 경험이랑 전공 활동 중 뭘 쓸지 고민돼요,방산 제조업 자소서 주인의식 책임감 문항 소재 고르는 법 알려주세요,방산 자소서 책임감 소재,방산 제조기업 입사 지원 자소서의 책임감 문항에서 군 복무 경험을 메인으로 써도 되나요?,방산 제조업 자소서 주인의식 문항에 군 경험을 쓰면 식상해 보일까요?",방산이나 제조업 자소서의 주인의식이나 책임감 항목에 군대 경험과 전공 경험 중 무엇을 써야 할까요?,방산 제조업 자소서 책임감 문항에 군 경험 써 아니면 전공 활동 써?,방산 제조 자소서 주인의식 문항 군 경험 vs 전공 활동 머가 나음?,방산 제조업 자소서 주인의식 책임감 소재 선택,저는 방산 제조업 자소서를 쓰는데 책임감 문항에 군 경험이랑 전공 활동 중 뭘 쓸지 고민돼요,방산 제조업 자소서 주인의식 책임감 문항 소재 고르는 법 알려주세요,방산 자소서 책임감 소재,방산 제조기업 입사 지원 자소서의 책임감 문항에서 군 복무 경험을 메인으로 써도 되나요?,방산 제조업 자소서 주인의식 문항에 군 경험을 쓰면 식상해 보일까요?
336,373,L-C02-014,채용공고·지원전략,연구·엔지니어링·제조기술,"엔지니어 직무에 지원할 때 오픽 점수가 낮으면 재시험 준비에 집중해야 하나요, 아니면 바로 자소서 작성과 지원에 집중해야 하나요?","멘토들은 엔지니어·기술직군에서는 어학 점수가 서류 합격의 당락을 결정짓는 핵심 요소는 아니라고 설명합니다. 따라서 점수를 급하게 올리기보다는 공채 지원 일정에 맞춰 자소서 완성도와 직무 경험을 구체적으로 정리하는 데 시간을 쓰는 것이 더 효율적이라고 조언합니다. 다만 어학 성적이 지나치게 낮아 위축된다면 단기간 보완을 시도해볼 수 있고, 이후 등급을 높여 지원 가능한 기업과 직무의 폭을 넓히는 것도 함께 고려할 수 있습니다. 결론적으로 현재 점수로 하반기 지원을 먼저 시작하면서 틈틈이 어학을 보완하는 전략이 추천됩니다.",링커리어 멘토링 커뮤니티 크롤링,링커리어 취업고민(이과/STEM) 게시글(post_id=6470562),https://community.linkareer.com/STEM_mentoring/6470562 (채택 답변),어학 성적이 낮을 때 지원 시기와 준비 우선순위에 대한 멘토링 채택 답변 종합,2026-10-04,미검토,,상,"링커리어 취업 멘토링 Q&A의 채택 답변 기반, 질문자 개인정보는 일반화하여 제거 | 수집일: 2026-10-04",N,"엔지니어 직무 지원 시 오픽 등급이 낮다면 재응시 준비가 먼저인가요 아니면 자기소개서 작성과 지원이 먼저인가요?,엔지니어 지원하는데 오픽 낮으면 다시 쳐 아니면 그냥 자소서 쓰고 넣어?,엔지니어 직무 오픽 점수 낮은데 재시험 vs 자소서 머에 집중해야 함?,엔지니어 직무 오픽 낮음 재시험 자소서 우선순위,저는 엔지니어 직무를 준비 중인데 오픽 점수가 낮아서 재시험을 볼지 바로 지원할지 고민이에요,엔지니어 직무 지원 시 오픽 재시험과 자소서 중 우선순위 좀 알려주세요,엔지니어 오픽 재시험,엔지니어 직무 입사 지원 준비에서 오픽 재응시와 자소서 완성 중 어디에 시간을 써야 하나요?,오픽 점수가 낮은 상태로 엔지니어 직무에 지원해도 괜찮을까요?",엔지니어 직무 지원 시 오픽 등급이 낮다면 재응시 준비가 먼저인가요 아니면 자기소개서 작성과 지원이 먼저인가요?,엔지니어 지원하는데 오픽 낮으면 다시 쳐 아니면 그냥 자소서 쓰고 넣어?,엔지니어 직무 오픽 점수 낮은데 재시험 vs 자소서 머에 집중해야 함?,엔지니어 직무 오픽 낮음 재시험 자소서 우선순위,저는 엔지니어 직무를 준비 중인데 오픽 점수가 낮아서 재시험을 볼지 바로 지원할지 고민이에요,엔지니어 직무 지원 시 오픽 재시험과 자소서 중 우선순위 좀 알려주세요,엔지니어 오픽 재시험,엔지니어 직무 입사 지원 준비에서 오픽 재응시와 자소서 완성 중 어디에 시간을 써야 하나요?,오픽 점수가 낮은 상태로 엔지니어 직무에 지원해도 괜찮을까요?
337,374,L-C06-026,역량개발·준비계획,연구·엔지니어링·제조기술,화공·반도체 공정 직무를 준비할 때 특정 전공과목을 못 듣거나 교환학생 등으로 졸업이 늦어지면 채용에 불리한가요?,"멘토들은 특정 전공과목의 수강 여부 자체가 채용에 불리한 요소로 작용하지는 않으며, 다른 과목으로도 충분히 대체가 가능하다고 설명합니다. 채용에서 더 중요한 것은 전공 및 전체 학점, 그리고 산업·직무와 관련된 인턴이나 현장실습 경험의 일관성입니다. 교환학생 등으로 졸업이 한 학기에서 1년 정도 늦어지는 것도 채용 자체에 큰 영향을 주지는 않으며, 다만 지원 시기가 다소 늦춰지는 점은 감안해야 합니다. 세부적인 수강 계획에 지나치게 신경 쓰기보다는 직무 관련 실무 경험을 쌓는 데 집중하는 것이 좋습니다.",링커리어 멘토링 커뮤니티 크롤링,링커리어 취업고민(이과/STEM) 게시글(post_id=6458437),https://community.linkareer.com/STEM_mentoring/6458437 (채택 답변),전공과목 선택 및 초과학기가 채용에 미치는 영향에 대한 멘토링 채택 답변 종합,2026-10-04,미검토,,중,"링커리어 취업 멘토링 Q&A의 채택 답변 기반, 질문자 개인정보는 일반화하여 제거 | 수집일: 2026-10-04",N,"화공이나 반도체 공정 직무를 준비하는데 특정 전공 과목을 수강 못 하거나 교환학생 때문에 졸업이 미뤄지면 채용에서 손해인가요?,화공 반도체 공정 준비하는데 전공 과목 못 듣거나 교환학생으로 졸업 늦으면 불리해?,화공 반도체 공정 취준인데 전공 과목 못 듣고 교환학생으로 졸업 늦어지면 서탈각임?,화공 반도체 공정 전공과목 미수강 졸업 지연 불이익,저는 화공 반도체 공정 직무를 준비하는데 교환학생을 가면 졸업이 늦어지고 일부 전공 과목을 못 들어요 괜찮을까요?,화공 반도체 공정 직무 준비 시 전공 과목 미수강과 졸업 지연 영향 좀 알려주세요,공정 직무 졸업 늦어짐,화공 반도체 공정 직무 채용에서 교환학생 경험으로 인한 졸업 지연이 서류 평가에 영향을 주나요?,화공 반도체 공정 직무 지원하는데 특정 전공 과목을 안 들어도 되나?",화공이나 반도체 공정 직무를 준비하는데 특정 전공 과목을 수강 못 하거나 교환학생 때문에 졸업이 미뤄지면 채용에서 손해인가요?,화공 반도체 공정 준비하는데 전공 과목 못 듣거나 교환학생으로 졸업 늦으면 불리해?,화공 반도체 공정 취준인데 전공 과목 못 듣고 교환학생으로 졸업 늦어지면 서탈각임?,화공 반도체 공정 전공과목 미수강 졸업 지연 불이익,저는 화공 반도체 공정 직무를 준비하는데 교환학생을 가면 졸업이 늦어지고 일부 전공 과목을 못 들어요 괜찮을까요?,화공 반도체 공정 직무 준비 시 전공 과목 미수강과 졸업 지연 영향 좀 알려주세요,공정 직무 졸업 늦어짐,화공 반도체 공정 직무 채용에서 교환학생 경험으로 인한 졸업 지연이 서류 평가에 영향을 주나요?,화공 반도체 공정 직무 지원하는데 특정 전공 과목을 안 들어도 되나?
338,375,L-C06-027,역량개발·준비계획,연구·엔지니어링·제조기술,"반도체 CS·테스트 직무를 목표로 할 때 나노종합기술원 교육, 하이포 활동, 학연생 경험 중 어떤 것을 우선해야 하나요?","멘토들은 반도체 CS·테스트 직무의 경우 장비를 직접 다뤄보는 실무경험이 가장 중요하다고 강조하며, 그중에서도 장비 운용과 공정 실습을 포함하는 교육이나 현장형 활동을 학연생보다 우선순위로 추천하는 경우가 많습니다. CS는 장비 구조 이해와 트러블 대응·유지보수 경험이, 테스트는 측정 조건과 데이터 해석·불량 판단 경험이 특히 중요하게 평가된다고 설명합니다. 학연생 경험은 연구 데이터를 다루는 측면에서 의미가 있지만, CS·테스트 준비만 놓고 보면 현장형 실습보다는 직접성이 다소 떨어진다고 보는 의견이 많습니다. 결국 채용 공고를 참고해 관련성이 높은 공고에는 적극적으로 지원해 실무 경험을 쌓는 것이 권장됩니다.",링커리어 멘토링 커뮤니티 크롤링,링커리어 취업고민(이과/STEM) 게시글(post_id=6446897),https://community.linkareer.com/STEM_mentoring/6446897 (채택 답변),반도체 CS·테스트 직무 준비를 위한 활동 우선순위에 대한 멘토링 채택 답변 종합,2026-10-04,미검토,,중,"링커리어 취업 멘토링 Q&A의 채택 답변 기반, 질문자 개인정보는 일반화하여 제거 | 수집일: 2026-10-04",N,"반도체 CS 테스트 직무를 목표로 한다면 나노종합기술원 교육과 하이포와 학부연구생 중 무엇을 먼저 해야 할까요?,반도체 CS 테스트 가려면 나노기술원 교육 하이포 학연생 중 뭐부터 해?,반도체 CS 테스트 직무 나종기 교육 하이포 학연생 중 우선순위 머임?,반도체 CS 테스트 나노종합기술원 하이포 학연생 우선순위,저는 반도체 CS 테스트 직무를 목표로 하는데 나노종합기술원 교육과 하이포와 학연생 중 하나만 고른다면 뭘 해야 할까요?,반도체 CS 테스트 직무 준비 활동 우선순위 좀 정리해 주세요,반도체 CS 하이포 학연생,반도체 CS 테스트 직무 취업 준비 경험으로 나노종합기술원 교육과 학부연구생 중 어느 쪽이 더 효과적인가요?,반도체 CS 테스트 지원하는데 학연생 대신 나노종합기술원 교육을 들어도 괜찮을까요?",반도체 CS 테스트 직무를 목표로 한다면 나노종합기술원 교육과 하이포와 학부연구생 중 무엇을 먼저 해야 할까요?,반도체 CS 테스트 가려면 나노기술원 교육 하이포 학연생 중 뭐부터 해?,반도체 CS 테스트 직무 나종기 교육 하이포 학연생 중 우선순위 머임?,반도체 CS 테스트 나노종합기술원 하이포 학연생 우선순위,저는 반도체 CS 테스트 직무를 목표로 하는데 나노종합기술원 교육과 하이포와 학연생 중 하나만 고른다면 뭘 해야 할까요?,반도체 CS 테스트 직무 준비 활동 우선순위 좀 정리해 주세요,반도체 CS 하이포 학연생,반도체 CS 테스트 직무 취업 준비 경험으로 나노종합기술원 교육과 학부연구생 중 어느 쪽이 더 효과적인가요?,반도체 CS 테스트 지원하는데 학연생 대신 나노종합기술원 교육을 들어도 괜찮을까요?
339,376,L-C06-028,역량개발·준비계획,연구·엔지니어링·제조기술,"반도체 디지털 회로설계 직무를 목표로 석사 진학을 고민할 때, RISC-V나 HBM 같은 특정 연구 주제를 반드시 선택해야 하나요?","현직 멘토들은 CPU, RISC-V, PIM, HBM 같은 특정 연구 주제를 반드시 거쳐야 하는 것은 아니라고 조언합니다. 기존에 수행한 가속기 설계나 데이터 전송 구현 경험을 석사 과정에서 심화하는 것만으로도 디지털 회로설계 직무 적합성을 충분히 보여줄 수 있다고 설명합니다. 다만 지원하는 사업부나 세부 분야(메모리, 파운드리 등)에 따라 유리한 경험이 달라질 수 있으므로, 목표로 하는 사업부의 직무기술서를 참고해 현재 경험과의 연결고리를 찾는 것이 중요합니다. 취업을 위해 유행하는 연구주제로 억지로 바꾸기보다는, 실제 칩 설계 역량을 깊게 쌓을 수 있는 연구실과 주제를 선택하는 것이 더 바람직하다는 의견이 많습니다.",링커리어 멘토링 커뮤니티 크롤링,링커리어 취업고민(이과/STEM) 게시글(post_id=6506527),https://community.linkareer.com/STEM_mentoring/6506527 (채택 답변),반도체 회로설계 직무를 위한 석사 연구 분야 선택에 대한 멘토링 채택 답변 종합,2026-10-04,미검토,,중,"링커리어 취업 멘토링 Q&A의 채택 답변 기반, 질문자 개인정보는 일반화하여 제거 | 수집일: 2026-10-04",N,"반도체 디지털 회로설계를 목표로 대학원 진학을 고민 중인데 RISC-V나 HBM 같은 연구 주제를 꼭 골라야 하나요?,반도체 디지털 회로설계 하려고 석사 가는데 RISC-V나 HBM 연구 꼭 해야 돼?,디지털 회로설계 석사 진학 고민인데 RISC-V HBM 주제 아니면 불리함?,디지털 회로설계 석사 RISC-V HBM 연구 주제 필수,저는 반도체 디지털 회로설계 직무를 목표로 석사 진학을 생각 중인데 RISC-V나 HBM 연구를 해야만 할까요?,반도체 디지털 회로설계 목표 석사 연구 주제 고르는 법 알려주세요,회로설계 석사 RISC-V HBM,반도체 디지털 회로설계 직무 취업을 위한 석사 연구 분야로 RISC-V나 HBM이 필수인가요?,반도체 디지털 회로설계 석사에서 RISC-V나 HBM 말고 다른 주제를 연구해도 괜찮을까요?",반도체 디지털 회로설계를 목표로 대학원 진학을 고민 중인데 RISC-V나 HBM 같은 연구 주제를 꼭 골라야 하나요?,반도체 디지털 회로설계 하려고 석사 가는데 RISC-V나 HBM 연구 꼭 해야 돼?,디지털 회로설계 석사 진학 고민인데 RISC-V HBM 주제 아니면 불리함?,디지털 회로설계 석사 RISC-V HBM 연구 주제 필수,저는 반도체 디지털 회로설계 직무를 목표로 석사 진학을 생각 중인데 RISC-V나 HBM 연구를 해야만 할까요?,반도체 디지털 회로설계 목표 석사 연구 주제 고르는 법 알려주세요,회로설계 석사 RISC-V HBM,반도체 디지털 회로설계 직무 취업을 위한 석사 연구 분야로 RISC-V나 HBM이 필수인가요?,반도체 디지털 회로설계 석사에서 RISC-V나 HBM 말고 다른 주제를 연구해도 괜찮을까요?
340,377,L-C06-029,역량개발·준비계획,연구·엔지니어링·제조기술,반도체 공정·소자 직무를 목표로 하는 저학년 학생은 학점 관리 외에 어떤 로드맵을 세워야 하나요?,"멘토들은 저학년이라면 전공 학점을 유지하면서 공정이나 소자 관련 연구실에서 학부연구생 경험을 쌓는 것을 우선으로 추천합니다. 자격증(예: ADsP)은 있으면 나쁘지 않지만 우선순위가 높지 않으며, 오히려 통계 툴을 활용한 데이터 분석·실험 설계 경험이 더 유용하다고 조언합니다. 또한 실험실 스케일의 학부연구생 경험만으로는 실제 양산 공정 경험을 보여주기 어려우므로, 추후 반도체 관련 인턴이나 현장실습으로 보완하는 것이 중요합니다. 박람회 참여나 캡스톤·공모전 경험도 도움이 되지만, 참석 자체보다는 기업별 직무와 채용요건을 파악하는 용도로 활용하는 것이 효과적이며, 학사취업과 대학원 진학 여부는 학부연구생 경험을 해본 뒤 판단해도 늦지 않습니다.",링커리어 멘토링 커뮤니티 크롤링,링커리어 취업고민(이과/STEM) 게시글(post_id=6497547),https://community.linkareer.com/STEM_mentoring/6497547 (채택 답변),반도체 공정·소자 직무를 목표로 하는 저학년 학생의 준비 로드맵에 대한 멘토링 채택 답변 종합,2026-10-04,미검토,,중,"링커리어 취업 멘토링 Q&A의 채택 답변 기반, 질문자 개인정보는 일반화하여 제거 | 수집일: 2026-10-04",N,"반도체 공정 소자 직무를 희망하는 저학년은 성적 관리 말고 어떤 계획을 세워야 할까요?,반도체 공정 소자 직무 노리는 저학년인데 학점 말고 뭘 준비해야 해?,반도체 공정 소자 목표 저학년 학점 말고 스펙 로드맵 어케 짬?,반도체 공정 소자 저학년 로드맵,저는 반도체 공정이나 소자 직무를 생각하는 저학년인데 학점 관리 외에 무엇을 해야 할까요?,반도체 공정 소자 직무를 목표로 하는 저학년 로드맵 좀 짜 주세요,반도체 소자 저학년 준비,반도체 공정 소자 직무 취업 준비를 저학년 때부터 하려면 학점 외에 어떤 경험을 쌓아야 하나요?,반도체 공정 소자 직무 목표인데 저학년 때 학점 관리만 해도 괜찮을까요?",반도체 공정 소자 직무를 희망하는 저학년은 성적 관리 말고 어떤 계획을 세워야 할까요?,반도체 공정 소자 직무 노리는 저학년인데 학점 말고 뭘 준비해야 해?,반도체 공정 소자 목표 저학년 학점 말고 스펙 로드맵 어케 짬?,반도체 공정 소자 저학년 로드맵,저는 반도체 공정이나 소자 직무를 생각하는 저학년인데 학점 관리 외에 무엇을 해야 할까요?,반도체 공정 소자 직무를 목표로 하는 저학년 로드맵 좀 짜 주세요,반도체 소자 저학년 준비,반도체 공정 소자 직무 취업 준비를 저학년 때부터 하려면 학점 외에 어떤 경험을 쌓아야 하나요?,반도체 공정 소자 직무 목표인데 저학년 때 학점 관리만 해도 괜찮을까요?
341,378,L-C06-030,역량개발·준비계획,연구·엔지니어링·제조기술,반도체 후공정(OSAT) 공정기술 직무를 준비할 때 학점이 낮고 자격증이 부족하면 어떤 방식으로 보완해야 하나요?,"멘토들은 학점이 채용에서 결격 사유가 될 정도로 낮지는 않다고 안심시키며, 스펙을 더 갖추려 지원을 미루기보다는 현재 보유한 경험으로 하반기 채용에 적극적으로 지원할 것을 권합니다. 어학 성적은 보완이 필요하지만, 자격증을 여러 개 추가로 취득하는 것보다는 직무와 직접 연관된 경험(인턴, 현장실습, 부트캠프 등)을 쌓는 데 집중하는 것이 효과적입니다. 전공 지식과 실제 지원 직무 사이에 다소 거리가 있더라도, 학부연구생 등을 통해 쌓은 반도체 공정 실험 경험 자체가 타 지원자와 차별화되는 강점이 될 수 있습니다.",링커리어 멘토링 커뮤니티 크롤링,링커리어 취업고민(이과/STEM) 게시글(post_id=6487072),https://community.linkareer.com/STEM_mentoring/6487072 (채택 답변),낮은 학점·부족한 자격증 상황에서 반도체 후공정 직무 지원 전략에 대한 멘토링 채택 답변 종합,2026-10-04,미검토,,중,"링커리어 취업 멘토링 Q&A의 채택 답변 기반, 질문자 개인정보는 일반화하여 제거 | 수집일: 2026-10-04",N,"반도체 후공정 OSAT 공정기술 직무를 준비하는데 성적이 낮고 자격증이 적다면 어떻게 채워야 할까요?,반도체 후공정 OSAT 공정기술 준비하는데 학점 낮고 자격증 없으면 어떻게 보완해?,OSAT 후공정 공정기술 취준인데 학점 낮고 자격증 부족하면 스펙 어케 메꿈?,반도체 후공정 OSAT 공정기술 낮은 학점 자격증 보완,저는 반도체 후공정 OSAT 공정기술 직무를 목표로 하는데 학점도 낮고 자격증도 부족해서 고민이에요,반도체 후공정 OSAT 공정기술 직무에서 낮은 학점과 부족한 자격증 보완 방법 알려주세요,OSAT 공정기술 학점 보완,반도체 후공정 OSAT 공정기술 직무 입사 지원 전에 낮은 학점을 어떤 경험으로 메울 수 있나요?,학점이 낮고 자격증도 부족한데 반도체 후공정 OSAT 공정기술에 지원해도 괜찮을까요?",반도체 후공정 OSAT 공정기술 직무를 준비하는데 성적이 낮고 자격증이 적다면 어떻게 채워야 할까요?,반도체 후공정 OSAT 공정기술 준비하는데 학점 낮고 자격증 없으면 어떻게 보완해?,OSAT 후공정 공정기술 취준인데 학점 낮고 자격증 부족하면 스펙 어케 메꿈?,반도체 후공정 OSAT 공정기술 낮은 학점 자격증 보완,저는 반도체 후공정 OSAT 공정기술 직무를 목표로 하는데 학점도 낮고 자격증도 부족해서 고민이에요,반도체 후공정 OSAT 공정기술 직무에서 낮은 학점과 부족한 자격증 보완 방법 알려주세요,OSAT 공정기술 학점 보완,반도체 후공정 OSAT 공정기술 직무 입사 지원 전에 낮은 학점을 어떤 경험으로 메울 수 있나요?,학점이 낮고 자격증도 부족한데 반도체 후공정 OSAT 공정기술에 지원해도 괜찮을까요?
342,379,L-C02-015,채용공고·지원전략,연구·엔지니어링·제조기술,"화학계열 전공자가 학점이 낮은 경우, 대기업·중견기업 지원 범위와 전략을 어떻게 잡아야 하나요?","멘토들은 학점이 다소 낮다고 해서 대기업·중견기업 지원이 불가능한 것은 아니며, 화학계열은 생산기술, 품질, 공정, 환경안전 등 직무 선택지가 다양해 충분히 기회가 있다고 조언합니다. 학점이 낮은 이유를 자소서에서 먼저 해명할 필요는 없으며, 랩인턴이나 공모전, 동아리 등에서 실제로 수행한 분석·실험 내용을 직무와 연결해 구체적으로 어필하는 것이 더 중요합니다. 어학 성적이나 직무 관련 자격증으로 정량적 스펙을 보완하면서, 대기업뿐 아니라 중견기업까지 폭넓게 지원하는 전략이 추천됩니다. 경쟁이 상대적으로 덜한 인적성·면접 시기에 채용하는 기업을 함께 공략하는 것도 방법이 될 수 있습니다.",링커리어 멘토링 커뮤니티 크롤링,링커리어 취업고민(이과/STEM) 게시글(post_id=6473978),https://community.linkareer.com/STEM_mentoring/6473978 (채택 답변),학점이 낮은 화학계열 전공자의 지원 전략에 대한 멘토링 채택 답변 종합,2026-10-04,미검토,,상,"링커리어 취업 멘토링 Q&A의 채택 답변 기반, 질문자 개인정보는 일반화하여 제거 | 수집일: 2026-10-04",N,"화학 계열 전공인데 성적이 낮다면 대기업과 중견기업 지원 범위와 전략을 어떻게 세워야 할까요?,화학 계열인데 학점 낮으면 대기업 중견 어디까지 넣어야 해?,화학계열 학점 낮은데 대기업 중견 지원 범위 어케 잡음?,화학계열 낮은 학점 대기업 중견기업 지원 전략,저는 화학계열 전공자인데 학점이 낮아서 대기업과 중견기업 중 어디까지 지원할지 고민이에요,학점 낮은 화학계열 전공자의 대기업 중견기업 지원 전략 좀 알려주세요,화학계열 저학점 지원 범위,화학계열 전공자가 낮은 학점으로 대기업 중견기업 입사 지원할 때 어떤 직무를 노리면 되나요?,화학계열 전공인데 학점이 낮으면 대기업이나 중견기업 지원은 무리일까요?",화학 계열 전공인데 성적이 낮다면 대기업과 중견기업 지원 범위와 전략을 어떻게 세워야 할까요?,화학 계열인데 학점 낮으면 대기업 중견 어디까지 넣어야 해?,화학계열 학점 낮은데 대기업 중견 지원 범위 어케 잡음?,화학계열 낮은 학점 대기업 중견기업 지원 전략,저는 화학계열 전공자인데 학점이 낮아서 대기업과 중견기업 중 어디까지 지원할지 고민이에요,학점 낮은 화학계열 전공자의 대기업 중견기업 지원 전략 좀 알려주세요,화학계열 저학점 지원 범위,화학계열 전공자가 낮은 학점으로 대기업 중견기업 입사 지원할 때 어떤 직무를 노리면 되나요?,화학계열 전공인데 학점이 낮으면 대기업이나 중견기업 지원은 무리일까요?
343,380,L-C03-020,이력서·자소서,연구·엔지니어링·제조기술,현장실습·근무 경험을 바탕으로 제조업 지원동기 문항을 쓸 때 '왜 이 회사인지'를 더 잘 드러내려면 어떻게 보완해야 하나요?,"멘토들은 실제 현장실습이나 근무 경험을 활용한 지원동기는 설득력 있는 소재가 될 수 있다고 평가하면서도, 내용이 너무 세부적인 목표나 경험 위주로만 구성되어 있으면 '왜 이 회사인가'라는 핵심이 약해질 수 있다고 지적합니다. 보완 방법으로는 객관적인 수치와 현장 용어를 추가해 신뢰도를 높이고, 직무 목표와 입사 후 포부를 더 명확하게 제시하는 것을 추천합니다. 또한 회사가 추진하는 미래 방향(예: 스마트팩토리, 신공장, ESG 등)과 자신의 성장 방향을 연결지어, 본인이 해당 회사에서만 이룰 수 있는 포부를 구체적으로 드러내는 것이 효과적입니다.",링커리어 멘토링 커뮤니티 크롤링,링커리어 취업고민(이과/STEM) 게시글(post_id=6471983),https://community.linkareer.com/STEM_mentoring/6471983 (채택 답변),현장실습 경험을 활용한 제조업 지원동기 작성 보완에 대한 멘토링 채택 답변 종합,2026-10-04,미검토,,상,"링커리어 취업 멘토링 Q&A의 채택 답변 기반, 질문자 개인정보는 일반화하여 제거 | 수집일: 2026-10-04",N,"현장실습이나 근무 경험으로 제조업 지원 동기를 쓸 때 이 회사여야 하는 이유를 더 살리려면 무엇을 보강해야 할까요?,현장실습 경험으로 제조업 지원동기 쓰는데 왜 이 회사인지 어떻게 더 살려?,제조업 자소서 지원동기 현장실습 썼는데 왜 이 회사인지 어케 보완함?,제조업 지원동기 현장실습 경험 왜 이 회사,저는 현장실습과 근무 경험으로 제조업 지원동기를 썼는데 왜 이 회사인지가 약하다는 말을 들었어요,제조업 지원동기에서 왜 이 회사인지 잘 드러내는 보완 방법 알려주세요,제조업 지원동기 보완,제조업 입사 지원 자소서의 지원동기 문항에서 현장실습 경험과 회사 선택 이유를 어떻게 연결하나요?,제조업 지원동기를 현장실습 경험 위주로만 쓰면 부족해 보일까요?",현장실습이나 근무 경험으로 제조업 지원 동기를 쓸 때 이 회사여야 하는 이유를 더 살리려면 무엇을 보강해야 할까요?,현장실습 경험으로 제조업 지원동기 쓰는데 왜 이 회사인지 어떻게 더 살려?,제조업 자소서 지원동기 현장실습 썼는데 왜 이 회사인지 어케 보완함?,제조업 지원동기 현장실습 경험 왜 이 회사,저는 현장실습과 근무 경험으로 제조업 지원동기를 썼는데 왜 이 회사인지가 약하다는 말을 들었어요,제조업 지원동기에서 왜 이 회사인지 잘 드러내는 보완 방법 알려주세요,제조업 지원동기 보완,제조업 입사 지원 자소서의 지원동기 문항에서 현장실습 경험과 회사 선택 이유를 어떻게 연결하나요?,제조업 지원동기를 현장실습 경험 위주로만 쓰면 부족해 보일까요?
344,381,L-C03-021,이력서·자소서,공통,이력서에 첨부하는 성적증명서나 졸업예정증명서의 발급일이 지원 공고의 요구 기준(예: 1개월 이내)보다 오래된 경우 문제가 되나요?,"멘토들은 성적 내용 자체가 바뀐 것이 아니라 단순히 발급일이 지난 경우라면 대부분 큰 문제가 되지 않는다고 설명합니다. 많은 회사가 서류 위변조 방지 차원의 형식적 안내로 발급일 기준을 명시할 뿐, 실제로 엄격하게 대조하지 않는 경우가 많기 때문입니다. 다만 공고에 발급 기한이 명시적으로 안내된 경우라면 걱정이 된다면 채용 담당자에게 문의해 최신 서류로 재제출이 가능한지 확인해보는 것이 안전합니다. 서류 하나에 지나치게 매몰되기보다는 그동안 쌓아온 스펙과 경험을 믿고 지원을 계속 이어가는 것이 좋습니다.",링커리어 멘토링 커뮤니티 크롤링,링커리어 취업고민(이과/STEM) 게시글(post_id=6547076),https://community.linkareer.com/STEM_mentoring/6547076 (채택 답변),이력서 첨부 서류(성적증명서)의 발급일 관련 문제에 대한 멘토링 채택 답변 종합,2026-10-04,미검토,,상,"링커리어 취업 멘토링 Q&A의 채택 답변 기반, 질문자 개인정보는 일반화하여 제거 | 수집일: 2026-10-04",N,"지원서에 내는 성적증명서나 졸업예정증명서 발급일이 공고에서 정한 기간보다 지났다면 문제가 될까요?,성적증명서 발급일이 공고 기준 1개월 넘었는데 그냥 내도 돼?,성적증명서 졸업예정증명서 발급일 공고 기준 지났는데 서탈 사유임?,성적증명서 졸업예정증명서 발급일 기준 초과,저는 성적증명서를 예전에 뽑아둔 걸로 냈는데 공고에서 요구한 발급 기한보다 오래됐어요 괜찮을까요?,증명서 발급일이 채용 공고 기준보다 오래됐을 때 어떻게 되는지 알려주세요,증명서 발급일 지남,채용 공고에 명시된 증명서 발급일 기준을 넘긴 성적증명서를 제출해도 서류 전형에 문제없나요?,졸업예정증명서 발급일이 1개월 넘은 걸 제출해도 불이익 없을까요?",지원서에 내는 성적증명서나 졸업예정증명서 발급일이 공고에서 정한 기간보다 지났다면 문제가 될까요?,성적증명서 발급일이 공고 기준 1개월 넘었는데 그냥 내도 돼?,성적증명서 졸업예정증명서 발급일 공고 기준 지났는데 서탈 사유임?,성적증명서 졸업예정증명서 발급일 기준 초과,저는 성적증명서를 예전에 뽑아둔 걸로 냈는데 공고에서 요구한 발급 기한보다 오래됐어요 괜찮을까요?,증명서 발급일이 채용 공고 기준보다 오래됐을 때 어떻게 되는지 알려주세요,증명서 발급일 지남,채용 공고에 명시된 증명서 발급일 기준을 넘긴 성적증명서를 제출해도 서류 전형에 문제없나요?,졸업예정증명서 발급일이 1개월 넘은 걸 제출해도 불이익 없을까요?
345,382,L-C06-031,역량개발·준비계획,연구·엔지니어링·제조기술,"반도체 공정·품질관리 직무를 목표로 할 때 전공 선택과목(예: VLSI, MEMS, 나노기술)을 어떻게 고르고, 캡스톤 프로젝트를 직무와 어떻게 연결해야 하나요?","멘토들은 반도체 산업에서 학사 신입을 가장 많이 채용하는 직무가 양산기술·기반기술 계열이므로, 회로설계 관련 과목보다는 공정·소자 관련 과목을 우선 이수할 것을 추천합니다. 공정·품질관리를 목표로 한다면 8대 공정을 다루는 과목이 자소서에 바로 활용할 수 있어 더 유리하고, 회로설계를 포기한다면 해당 과목보다는 학점 방어를 우선하는 편이 낫다고 조언합니다. 직무 관련 전공 과목을 많이 이수하고 좋은 학점을 받는 것이 서류 전형에 유리하며, 캡스톤 프로젝트는 소자를 직접 설계·제작하고 조건을 바꿔가며 특성을 비교·분석한 과정으로 풀어내면 직무 경험으로 충분히 연결할 수 있습니다.",링커리어 멘토링 커뮤니티 크롤링,링커리어 취업고민(이과/STEM) 게시글(post_id=6534915),https://community.linkareer.com/STEM_mentoring/6534915 (채택 답변),반도체 공정·품질관리 직무를 위한 전공과목 선택과 캡스톤 연계에 대한 멘토링 채택 답변 종합,2026-10-04,미검토,,중,"링커리어 취업 멘토링 Q&A의 채택 답변 기반, 질문자 개인정보는 일반화하여 제거 | 수집일: 2026-10-04",N,"반도체 공정 품질관리 직무를 목표로 VLSI나 MEMS 같은 전공 선택과목은 어떻게 고르고 캡스톤은 직무와 어떻게 이어야 하나요?,반도체 공정 품질관리 가려면 전공선택 VLSI MEMS 중 뭐 듣고 캡스톤은 어떻게 연결해?,반도체 공정 품질관리 목표인데 전선 과목 머 듣고 캡스톤 직무 연결 어케 함?,반도체 공정 품질관리 전공선택 과목 캡스톤 연결,저는 반도체 공정이나 품질관리 직무를 생각하는데 VLSI MEMS 나노기술 중 어떤 과목을 듣고 캡스톤을 어떻게 해야 할까요?,반도체 공정 품질관리 직무용 전공 과목 선택과 캡스톤 연결 방법 알려주세요,반도체 품질 캡스톤 연결,반도체 공정 품질관리 직무 취업 준비 관점에서 전공 선택과목과 캡스톤 프로젝트를 어떻게 구성하나요?,반도체 공정 품질관리 목표인데 회로설계 과목 위주로 들어도 괜찮을까요?",반도체 공정 품질관리 직무를 목표로 VLSI나 MEMS 같은 전공 선택과목은 어떻게 고르고 캡스톤은 직무와 어떻게 이어야 하나요?,반도체 공정 품질관리 가려면 전공선택 VLSI MEMS 중 뭐 듣고 캡스톤은 어떻게 연결해?,반도체 공정 품질관리 목표인데 전선 과목 머 듣고 캡스톤 직무 연결 어케 함?,반도체 공정 품질관리 전공선택 과목 캡스톤 연결,저는 반도체 공정이나 품질관리 직무를 생각하는데 VLSI MEMS 나노기술 중 어떤 과목을 듣고 캡스톤을 어떻게 해야 할까요?,반도체 공정 품질관리 직무용 전공 과목 선택과 캡스톤 연결 방법 알려주세요,반도체 품질 캡스톤 연결,반도체 공정 품질관리 직무 취업 준비 관점에서 전공 선택과목과 캡스톤 프로젝트를 어떻게 구성하나요?,반도체 공정 품질관리 목표인데 회로설계 과목 위주로 들어도 괜찮을까요?
346,383,L-C05-013,면접·인적성,IT·개발·데이터,IT 개발 직군에 지원할 때 코딩테스트·CS 면접 준비와 인적성(적성검사) 준비 중 어디에 더 비중을 둬야 하나요?,"멘토는 이미 실무 이력과 자격증 등 스펙이 충분한 경우, 코딩테스트와 CS 면접 준비에 역량의 대부분을 집중하는 것을 권장합니다. 개발 직군에서는 GSAT이나 HMAT 같은 적성검사의 비중이 상대적으로 낮기 때문에, 주말이나 공채 시즌에 모의고사로 유형과 감각만 유지하는 수준으로 가볍게 대비하는 것으로 충분하다고 조언합니다. 결국 프로젝트 기반의 깊이 있는 CS 면접 준비와 코딩테스트 역량을 핵심으로 삼고, 적성검사는 보조적으로만 준비하는 전략이 효율적입니다.",링커리어 멘토링 커뮤니티 크롤링,링커리어 취업고민(이과/STEM) 게시글(post_id=6534370),https://community.linkareer.com/STEM_mentoring/6534370 (채택 답변),개발 직군 지원 시 코딩테스트·CS면접과 적성검사 준비 비중에 대한 멘토링 채택 답변 종합,2026-10-04,미검토,,상,"링커리어 취업 멘토링 Q&A의 채택 답변 기반, 질문자 개인정보는 일반화하여 제거 | 수집일: 2026-10-04",N,"IT 개발 직군 지원 시 코테와 CS 면접 대비와 적성검사 대비 중 어디에 시간을 더 써야 하나요?,IT 개발 직군 지원하는데 코테 CS 면접이랑 인적성 중에 뭐에 더 집중해?,개발 직군 취준 코테 CS 준비 vs 인적성 머에 비중 둠?,IT 개발 직군 코딩테스트 CS 면접 인적성 비중,저는 IT 개발 직군에 지원하려는데 코딩테스트와 CS 면접 준비랑 인적성 준비 중 어디에 힘을 실을지 고민이에요,IT 개발 직군 코딩테스트 CS 면접 인적성 준비 비중 좀 알려주세요,개발 코테 인적성 비중,IT 개발 직군 입사 지원 시 적성검사보다 코딩테스트와 CS 면접 준비를 우선해도 되나요?,IT 개발 직군 지원하면서 인적성 준비를 소홀히 해도 괜찮을까요?",IT 개발 직군 지원 시 코테와 CS 면접 대비와 적성검사 대비 중 어디에 시간을 더 써야 하나요?,IT 개발 직군 지원하는데 코테 CS 면접이랑 인적성 중에 뭐에 더 집중해?,개발 직군 취준 코테 CS 준비 vs 인적성 머에 비중 둠?,IT 개발 직군 코딩테스트 CS 면접 인적성 비중,저는 IT 개발 직군에 지원하려는데 코딩테스트와 CS 면접 준비랑 인적성 준비 중 어디에 힘을 실을지 고민이에요,IT 개발 직군 코딩테스트 CS 면접 인적성 준비 비중 좀 알려주세요,개발 코테 인적성 비중,IT 개발 직군 입사 지원 시 적성검사보다 코딩테스트와 CS 면접 준비를 우선해도 되나요?,IT 개발 직군 지원하면서 인적성 준비를 소홀히 해도 괜찮을까요?
347,384,L-C06-032,역량개발·준비계획,연구·엔지니어링·제조기술,전공이 다른(소재·섬유 등) 학생이 제약·화장품 R&D 직무를 목표로 할 때 GMP 교육 등 어떤 교육·경험을 준비하면 도움이 되나요?,"멘토들은 전공이 약학·화학·화공·생명 계열이 아니더라도 제약·화장품 R&D 직무 지원 자체는 가능하며, 서류 합격 사례도 있다고 설명합니다. 다만 전공보다는 실제 연구 역량과 관련 연구실 경험이 더 중요하게 평가되므로, 기존 연구 경험을 지원 직무(제형 설계, 약물 전달체 등)에 맞게 구체화해 자소서에 녹이는 것이 핵심입니다. GMP 교육은 제약 생산·품질관리 직무에는 유용하지만 연구개발 직무의 당락을 결정하는 핵심 스펙은 아니며, 화장품 R&D에서도 품질·생산관리 쪽과 더 밀접합니다. 연구개발을 우선한다면 교육 수료보다는 전공 관련 학술대회 참가나 분석기기 실습 경험을 쌓는 것이 더 효율적이며, 필요시 석사 진학도 함께 고려할 수 있습니다.",링커리어 멘토링 커뮤니티 크롤링,링커리어 취업고민(이과/STEM) 게시글(post_id=6506758),https://community.linkareer.com/STEM_mentoring/6506758 (채택 답변),비관련 전공자의 제약·화장품 R&D 직무 준비(GMP 교육 등)에 대한 멘토링 채택 답변 종합,2026-10-04,미검토,,중,"링커리어 취업 멘토링 Q&A의 채택 답변 기반, 질문자 개인정보는 일반화하여 제거 | 수집일: 2026-10-04",N,"소재나 섬유처럼 다른 전공 학생이 제약 화장품 연구개발 직무를 노린다면 GMP 교육 같은 어떤 경험을 쌓아야 할까요?,섬유 소재 전공인데 제약 화장품 R&D 가려면 GMP 교육 같은 거 뭐 들어야 해?,소재 섬유 전공 제약 화장품 R&D 취준 GMP 교육 말고 스펙 머 필요함?,비전공 소재 섬유 제약 화장품 R&D GMP 교육,저는 소재 섬유 계열 전공인데 제약 화장품 R&D 직무를 목표로 하면 어떤 교육을 들어야 할까요?,타 전공자가 제약 화장품 R&D 준비할 때 도움 되는 교육과 경험 알려주세요,제약 화장품 R&D 비전공,소재 섬유 전공자의 제약 화장품 R&D 직무 지원에 GMP 교육과 연구실 경험 중 무엇이 도움이 되나요?,소재 섬유 전공인데 제약 화장품 R&D 직무에 지원하면 많이 불리할까요?",소재나 섬유처럼 다른 전공 학생이 제약 화장품 연구개발 직무를 노린다면 GMP 교육 같은 어떤 경험을 쌓아야 할까요?,섬유 소재 전공인데 제약 화장품 R&D 가려면 GMP 교육 같은 거 뭐 들어야 해?,소재 섬유 전공 제약 화장품 R&D 취준 GMP 교육 말고 스펙 머 필요함?,비전공 소재 섬유 제약 화장품 R&D GMP 교육,저는 소재 섬유 계열 전공인데 제약 화장품 R&D 직무를 목표로 하면 어떤 교육을 들어야 할까요?,타 전공자가 제약 화장품 R&D 준비할 때 도움 되는 교육과 경험 알려주세요,제약 화장품 R&D 비전공,소재 섬유 전공자의 제약 화장품 R&D 직무 지원에 GMP 교육과 연구실 경험 중 무엇이 도움이 되나요?,소재 섬유 전공인데 제약 화장품 R&D 직무에 지원하면 많이 불리할까요?
348,385,L-C04-022,경험·포트폴리오,연구·엔지니어링·제조기술,"디지털 회로설계 직무를 목표로 하는데, 지금까지의 프로젝트가 시스템 통합·임베디드 성격이 강하다면 포트폴리오를 어떻게 정리해야 하나요?","멘토들은 먼저 본인이 지원하려는 방향이 순수 회로 설계인지, 시스템 구현(임베디드)에 가까운지를 명확히 구분해볼 것을 권합니다. YOLO나 SoM/SBC 보드를 활용한 프로젝트는 소프트웨어 비중이 높아 순수 디지털 회로 설계 역량을 입증하기에는 다소 부족할 수 있으므로, 남은 기간 동안 FPGA 기반의 RTL 설계·검증 프로젝트를 추가해 하드웨어 비중을 높이는 것이 효과적입니다. 포트폴리오를 정리할 때는 Verilog 설계부터 FPGA 구현, 시뮬레이션·검증까지 이어지는 흐름으로 하나의 프로젝트를 완성도 있게 만드는 것이 좋습니다. 현재 스펙으로도 중견·중소 기업의 설계·임베디드·검증 직무는 충분히 도전할 수 있는 수준이라는 평가가 많습니다.",링커리어 멘토링 커뮤니티 크롤링,링커리어 취업고민(이과/STEM) 게시글(post_id=6503030),https://community.linkareer.com/STEM_mentoring/6503030 (채택 답변),디지털 회로설계 직무 지원을 위한 프로젝트 포트폴리오 방향 설정에 대한 멘토링 채택 답변 종합,2026-10-04,미검토,,중,"링커리어 취업 멘토링 Q&A의 채택 답변 기반, 질문자 개인정보는 일반화하여 제거 | 수집일: 2026-10-04",N,"디지털 회로설계를 목표로 하는데 그동안 한 프로젝트가 시스템 통합과 임베디드 쪽이라면 포트폴리오를 어떻게 구성해야 할까요?,디지털 회로설계 가고 싶은데 프로젝트가 다 임베디드 쪽이면 포폴 어떻게 정리해?,디지털 회로설계 지망인데 프로젝트가 임베디드 위주면 포폴 어케 짬?,디지털 회로설계 임베디드 프로젝트 포트폴리오 정리,저는 디지털 회로설계 직무를 원하는데 지금까지 프로젝트가 시스템 통합과 임베디드 성격이 강해서 고민이에요,임베디드 위주 프로젝트로 디지털 회로설계 포트폴리오 정리하는 방법 알려주세요,회로설계 임베디드 포폴,디지털 회로설계 직무 입사 지원용 포트폴리오에 임베디드 프로젝트를 어떻게 녹여내야 하나요?,디지털 회로설계 지원하는데 임베디드 프로젝트만 있으면 포트폴리오가 약해 보일까요?",디지털 회로설계를 목표로 하는데 그동안 한 프로젝트가 시스템 통합과 임베디드 쪽이라면 포트폴리오를 어떻게 구성해야 할까요?,디지털 회로설계 가고 싶은데 프로젝트가 다 임베디드 쪽이면 포폴 어떻게 정리해?,디지털 회로설계 지망인데 프로젝트가 임베디드 위주면 포폴 어케 짬?,디지털 회로설계 임베디드 프로젝트 포트폴리오 정리,저는 디지털 회로설계 직무를 원하는데 지금까지 프로젝트가 시스템 통합과 임베디드 성격이 강해서 고민이에요,임베디드 위주 프로젝트로 디지털 회로설계 포트폴리오 정리하는 방법 알려주세요,회로설계 임베디드 포폴,디지털 회로설계 직무 입사 지원용 포트폴리오에 임베디드 프로젝트를 어떻게 녹여내야 하나요?,디지털 회로설계 지원하는데 임베디드 프로젝트만 있으면 포트폴리오가 약해 보일까요?
349,386,L-C04-023,경험·포트폴리오,연구·엔지니어링·제조기술,"전공 학점 관리가 버거운 상황에서 동아리 활동을 꼭 해야 하나요, 아니면 학점을 우선하고 나중에 인턴·캡스톤으로 경험을 보완해도 되나요?","멘토들은 전공 학점이 깎일 위험을 무릅쓰고 강도 높은 동아리나 공모전에 무리하게 참여할 필요는 없다고 조언합니다. 협동성이나 직무 경험은 3~4학년 때의 캡스톤 디자인, 직무 교육, 인턴십을 통해서도 충분히 깊이 있게 채울 수 있기 때문입니다. 저학년에는 전공 학점을 안정적으로 관리하고 어학을 보완하는 데 집중하는 것이 이후 진로 선택의 폭을 넓히는 더 확실한 길이며, 협업 경험은 부담이 적은 동아리나 수업 프로젝트로도 어느 정도 만들 수 있습니다. 본인이 감당할 수 있는 범위에서 직무와 연결되는 경험을 하나씩 쌓아가는 전략이 추천됩니다.",링커리어 멘토링 커뮤니티 크롤링,링커리어 취업고민(이과/STEM) 게시글(post_id=6495343),https://community.linkareer.com/STEM_mentoring/6495343 (채택 답변),학점 관리와 동아리·대외활동 병행 여부에 대한 멘토링 채택 답변 종합,2026-10-04,미검토,,중,"링커리어 취업 멘토링 Q&A의 채택 답변 기반, 질문자 개인정보는 일반화하여 제거 | 수집일: 2026-10-04",N,"전공 성적 관리가 벅찬데 동아리는 필수인가요 아니면 성적을 먼저 챙기고 나중에 인턴이나 캡스톤으로 경험을 채워도 될까요?,전공 학점 관리도 힘든데 동아리 꼭 해야 돼 아니면 나중에 인턴 캡스톤으로 채워도 돼?,전공 학점 챙기기도 벅찬데 동아리 필수임 아니면 인턴 캡스톤으로 커버 가능?,전공 학점 관리 동아리 필수 여부 인턴 캡스톤 보완,저는 전공 학점 관리만으로도 버거운데 동아리를 안 하고 나중에 인턴이나 캡스톤으로 경험을 채워도 될지 궁금해요,전공 학점과 동아리 활동 사이 우선순위 정하는 법 알려주세요,학점 우선 동아리 생략,전공 학점을 우선하고 직무 경험은 인턴과 캡스톤으로 보완하는 취업 준비 계획이 괜찮나요?,전공 학점 때문에 동아리 활동을 안 하면 나중에 불리할까요?",전공 성적 관리가 벅찬데 동아리는 필수인가요 아니면 성적을 먼저 챙기고 나중에 인턴이나 캡스톤으로 경험을 채워도 될까요?,전공 학점 관리도 힘든데 동아리 꼭 해야 돼 아니면 나중에 인턴 캡스톤으로 채워도 돼?,전공 학점 챙기기도 벅찬데 동아리 필수임 아니면 인턴 캡스톤으로 커버 가능?,전공 학점 관리 동아리 필수 여부 인턴 캡스톤 보완,저는 전공 학점 관리만으로도 버거운데 동아리를 안 하고 나중에 인턴이나 캡스톤으로 경험을 채워도 될지 궁금해요,전공 학점과 동아리 활동 사이 우선순위 정하는 법 알려주세요,학점 우선 동아리 생략,전공 학점을 우선하고 직무 경험은 인턴과 캡스톤으로 보완하는 취업 준비 계획이 괜찮나요?,전공 학점 때문에 동아리 활동을 안 하면 나중에 불리할까요?
350,387,L-C02-016,채용공고·지원전략,연구·엔지니어링·제조기술,석사 졸업예정자가 오픽 점수가 낮은 상태로 반도체 대기업 서류에 지원해도 되나요? 또 영어 면접은 어떻게 준비해야 하나요?,"멘토들은 이공계 석사 지원자에게 오픽은 최소 자격요건 성격이 강하며, 낮은 등급으로도 대기업 서류 전형을 통과한 사례가 많다고 설명합니다. 서류 합격을 결정짓는 핵심은 어학 점수보다 본인의 연구 분야와 지원 직무 간의 연관성이므로, 지원 자격 기준을 충족한다면 어학 재응시보다 자소서 작성과 인적성·면접 준비에 집중하는 것이 효율적입니다. 영어 면접은 유창함이나 발음보다 전공 지식과 지원동기, 경험을 명확하게 전달하는 능력을 더 중요하게 평가하는 경우가 많으므로, 쉬운 단어로 본인의 연구나 경험을 짧게 설명하는 연습과 예상 질문에 대한 답변을 미리 준비해두는 것이 도움이 됩니다.",링커리어 멘토링 커뮤니티 크롤링,링커리어 취업고민(이과/STEM) 게시글(post_id=6493693),https://community.linkareer.com/STEM_mentoring/6493693 (채택 답변),어학 점수가 낮은 석사 졸업예정자의 지원 전략과 영어면접 준비에 대한 멘토링 채택 답변 종합,2026-10-04,미검토,,상,"링커리어 취업 멘토링 Q&A의 채택 답변 기반, 질문자 개인정보는 일반화하여 제거 | 수집일: 2026-10-04",N,"석사 졸업 예정인데 오픽 등급이 낮아도 반도체 대기업 서류를 넣어도 될까요 그리고 영어 면접 대비는 어떻게 하나요?,석사 졸업예정인데 오픽 낮아도 반도체 대기업 서류 넣어도 돼? 영어 면접은 어떻게 준비해?,석사 졸예 오픽 낮은데 반도체 대기업 서류 써도 됨? 영면은 어케 준비함?,석사 졸업예정 오픽 낮음 반도체 대기업 서류 영어 면접,저는 석사 졸업예정자인데 오픽 점수가 낮은 상태라 반도체 대기업 서류를 넣어도 될지와 영어 면접 준비가 걱정돼요,오픽 낮은 석사 졸업예정자의 반도체 대기업 지원과 영어 면접 준비 방법 알려주세요,석사 오픽 낮음 반도체,반도체 대기업 입사 지원 시 석사 졸업예정자의 낮은 오픽 등급이 서류 전형에서 문제가 되나요?,오픽 점수가 낮은데 반도체 대기업 서류에 지원해도 괜찮을까요?",석사 졸업 예정인데 오픽 등급이 낮아도 반도체 대기업 서류를 넣어도 될까요 그리고 영어 면접 대비는 어떻게 하나요?,석사 졸업예정인데 오픽 낮아도 반도체 대기업 서류 넣어도 돼? 영어 면접은 어떻게 준비해?,석사 졸예 오픽 낮은데 반도체 대기업 서류 써도 됨? 영면은 어케 준비함?,석사 졸업예정 오픽 낮음 반도체 대기업 서류 영어 면접,저는 석사 졸업예정자인데 오픽 점수가 낮은 상태라 반도체 대기업 서류를 넣어도 될지와 영어 면접 준비가 걱정돼요,오픽 낮은 석사 졸업예정자의 반도체 대기업 지원과 영어 면접 준비 방법 알려주세요,석사 오픽 낮음 반도체,반도체 대기업 입사 지원 시 석사 졸업예정자의 낮은 오픽 등급이 서류 전형에서 문제가 되나요?,오픽 점수가 낮은데 반도체 대기업 서류에 지원해도 괜찮을까요?
351,388,L-C06-033,역량개발·준비계획,연구·엔지니어링·제조기술,"품질관리·생산관리 직무를 목표로 할 때, 방학 기간에 연구실 컨택(학부연구생)과 직무 교육·부트캠프 중 어떤 것을 선택해야 하나요?","멘토들은 품질관리·생산관리 같은 엔지니어 직무를 목표로 한다면 연구실 경험보다 직무 교육이나 부트캠프를 선택하는 것이 더 효율적이라고 조언합니다. 현업에서 요구하는 데이터 분석 역량과 공정 이해도는 학술적 연구보다 산업 현장 중심의 교육 과정을 통해 더 효과적으로 어필할 수 있기 때문입니다. 이미 학부연구생 경험이 있다면 이론적 역량은 충분히 증명되었다고 보고, 남은 기간은 직무와 직결된 자격증 취득과 실무 중심 교육에 집중하는 것이 좋습니다. 다만 가장 좋은 선택은 가능하다면 인턴이나 현장실습을 경험하는 것이라는 의견도 함께 제시됩니다.",링커리어 멘토링 커뮤니티 크롤링,링커리어 취업고민(이과/STEM) 게시글(post_id=6481663),https://community.linkareer.com/STEM_mentoring/6481663 (채택 답변),품질관리·생산관리 직무 준비를 위한 연구실 경험과 직무교육 선택에 대한 멘토링 채택 답변 종합,2026-10-04,미검토,,중,"링커리어 취업 멘토링 Q&A의 채택 답변 기반, 질문자 개인정보는 일반화하여 제거 | 수집일: 2026-10-04",N,"품질관리나 생산관리 직무가 목표라면 방학 때 학부연구생 컨택과 직무 교육 부트캠프 중 무엇이 나을까요?,품질관리 생산관리 가려면 방학에 연구실 컨택이랑 부트캠프 중 뭐 해?,품질관리 생관 목표인데 방학 때 학연생 vs 직무교육 부트캠프 머가 나음?,품질관리 생산관리 방학 학부연구생 부트캠프 선택,저는 품질관리 생산관리 직무를 목표로 하는데 이번 방학에 연구실 컨택을 할지 부트캠프를 들을지 고민이에요,품질관리 생산관리 직무 목표 시 방학 활동 선택 기준 알려주세요,품질관리 학연생 부트캠프,품질관리 생산관리 직무 취업 준비 경험으로 학부연구생과 직무 교육 중 어느 쪽이 유리한가요?,품질관리 생산관리 목표인데 학부연구생 안 하고 부트캠프만 해도 괜찮을까요?",품질관리나 생산관리 직무가 목표라면 방학 때 학부연구생 컨택과 직무 교육 부트캠프 중 무엇이 나을까요?,품질관리 생산관리 가려면 방학에 연구실 컨택이랑 부트캠프 중 뭐 해?,품질관리 생관 목표인데 방학 때 학연생 vs 직무교육 부트캠프 머가 나음?,품질관리 생산관리 방학 학부연구생 부트캠프 선택,저는 품질관리 생산관리 직무를 목표로 하는데 이번 방학에 연구실 컨택을 할지 부트캠프를 들을지 고민이에요,품질관리 생산관리 직무 목표 시 방학 활동 선택 기준 알려주세요,품질관리 학연생 부트캠프,품질관리 생산관리 직무 취업 준비 경험으로 학부연구생과 직무 교육 중 어느 쪽이 유리한가요?,품질관리 생산관리 목표인데 학부연구생 안 하고 부트캠프만 해도 괜찮을까요?
352,389,L-C05-014,면접·인적성,공통,온라인 인적성(심층)검사 중 외부 소음이나 돌발 상황이 발생했을 때 부정행위로 처리될 수 있나요? 검사 모니터링은 어떻게 이루어지나요?,"멘토들은 다른 사람과의 모의나 외부인의 직접 개입이 없었던 돌발적인 상황(예: 소음 차단을 위한 외침)은 일반적으로 부정행위로 처리될 가능성이 낮다고 설명합니다. 온라인 인적성검사의 모니터링은 사람이 전체 녹화본을 일일이 확인하는 방식이 아니라, AI가 소음이나 시선 이탈 등 이상 신호를 감지해 해당 구간에 표식을 남기고 이후 담당자가 그 지점만 재확인하는 방식으로 이루어지는 경우가 많습니다. 다만 최종적으로 부정행위 여부는 인사담당자의 판단이 필요한 사안이므로, 만약 부정행위로 판단될 경우 소명을 요청할 수 있다는 점을 알아두고 차분히 결과를 기다리는 것이 좋습니다.",링커리어 멘토링 커뮤니티 크롤링,링커리어 취업고민(이과/STEM) 게시글(post_id=6469347),https://community.linkareer.com/STEM_mentoring/6469347 (채택 답변),온라인 인적성검사 중 돌발 상황의 부정행위 처리 및 모니터링 방식에 대한 멘토링 채택 답변 종합,2026-10-04,미검토,,상,"링커리어 취업 멘토링 Q&A의 채택 답변 기반, 질문자 개인정보는 일반화하여 제거 | 수집일: 2026-10-04",N,"온라인 인적성 심층검사를 보는 도중 바깥 소음이나 갑작스러운 상황이 생기면 부정행위로 간주되나요 그리고 감독은 어떻게 하나요?,온라인 인적성 보는데 밖에서 소음 나거나 돌발 상황 생기면 부정행위 처리돼?,온라인 인적성 중에 소음 때문에 소리 냈는데 부정행위로 불합 처리됨?,온라인 인적성검사 소음 돌발상황 부정행위 모니터링,저는 온라인 인적성검사 중에 외부 소음 때문에 소리를 냈는데 부정행위로 걸릴까 봐 걱정이에요,온라인 인적성 심층검사 모니터링 방식과 돌발 상황 처리 기준 알려주세요,온라인 인적성 소음 부정행위,온라인 인적성검사 응시 중 돌발 상황이 생기면 채용 전형에서 부정행위로 판정되나요?,온라인 인적성 도중 잡음이 들어갔는데 탈락 처리되지는 않을까요?",온라인 인적성 심층검사를 보는 도중 바깥 소음이나 갑작스러운 상황이 생기면 부정행위로 간주되나요 그리고 감독은 어떻게 하나요?,온라인 인적성 보는데 밖에서 소음 나거나 돌발 상황 생기면 부정행위 처리돼?,온라인 인적성 중에 소음 때문에 소리 냈는데 부정행위로 불합 처리됨?,온라인 인적성검사 소음 돌발상황 부정행위 모니터링,저는 온라인 인적성검사 중에 외부 소음 때문에 소리를 냈는데 부정행위로 걸릴까 봐 걱정이에요,온라인 인적성 심층검사 모니터링 방식과 돌발 상황 처리 기준 알려주세요,온라인 인적성 소음 부정행위,온라인 인적성검사 응시 중 돌발 상황이 생기면 채용 전형에서 부정행위로 판정되나요?,온라인 인적성 도중 잡음이 들어갔는데 탈락 처리되지는 않을까요?
353,390,L-C06-034,역량개발·준비계획,연구·엔지니어링·제조기술,기계공학과 학생이 취업 경쟁력을 높이기 위해 기사 자격증을 추가로 취득하는 것이 효과적인가요?,"멘토들은 대기업의 경우 기계공학 직무에서 자격증의 비중이 높지 않으며, 법적 선임이 필요한 경우가 많지 않은 만큼 기사 자격증을 추가로 늘리는 것이 큰 의미가 없다는 의견이 많습니다. 다만 목표 직무에 따라 도움이 되는 자격증은 달라질 수 있어, 플랜트·건설이나 FAB 유틸리티 분야는 공조냉동기계기사나 건설기계설비기사가, 소재·제조업의 생산기술·환경안전 직무는 위험물산업기사나 소방설비기사가, 품질보증·품질관리 직무는 품질관리기사가 상대적으로 유용하다고 소개합니다. 결국 자격증 개수를 늘리는 것보다는 학부연구생 경험이나 CAD 포트폴리오, 현장실습 등 실무 역량을 보여줄 수 있는 경험을 쌓는 것이 학벌이나 스펙 격차를 극복하는 데 더 효과적이라는 조언이 공통적입니다.",링커리어 멘토링 커뮤니티 크롤링,링커리어 취업고민(이과/STEM) 게시글(post_id=6455682),https://community.linkareer.com/STEM_mentoring/6455682 (채택 답변),기계공학과 취업 경쟁력을 위한 자격증 선택에 대한 멘토링 채택 답변 종합,2026-10-04,미검토,,중,"링커리어 취업 멘토링 Q&A의 채택 답변 기반, 질문자 개인정보는 일반화하여 제거 | 수집일: 2026-10-04",N,"기계공학 전공생이 취업 경쟁력을 위해 기사 자격증을 더 따는 게 효과가 있을까요?,기계공학과인데 기사 자격증 더 따면 취업에 도움 돼?,기계과 취준인데 기사 자격증 추가로 따는 게 스펙에 의미 있음?,기계공학 기사 자격증 추가 취득 효과,저는 기계공학과 학생인데 기사 자격증을 하나 더 따는 게 취업에 도움이 될지 궁금해요,기계공학 전공자의 기사 자격증 추가 취득 효과 좀 알려주세요,기계공학 기사 추가,기계공학 전공 취업 준비에서 기사 자격증을 늘리는 게 서류 평가에 반영되나요?,기계공학과인데 기사 자격증 추가 없이 지원해도 괜찮을까요?",기계공학 전공생이 취업 경쟁력을 위해 기사 자격증을 더 따는 게 효과가 있을까요?,기계공학과인데 기사 자격증 더 따면 취업에 도움 돼?,기계과 취준인데 기사 자격증 추가로 따는 게 스펙에 의미 있음?,기계공학 기사 자격증 추가 취득 효과,저는 기계공학과 학생인데 기사 자격증을 하나 더 따는 게 취업에 도움이 될지 궁금해요,기계공학 전공자의 기사 자격증 추가 취득 효과 좀 알려주세요,기계공학 기사 추가,기계공학 전공 취업 준비에서 기사 자격증을 늘리는 게 서류 평가에 반영되나요?,기계공학과인데 기사 자격증 추가 없이 지원해도 괜찮을까요?
354,391,L-C04-024,경험·포트폴리오,연구·엔지니어링·제조기술,반도체 공정기술 직무에 지원할 때 목표 분야(예: 메모리 소자)와 직접 관련된 연구 경험이 없으면 불리한가요?,"멘토는 특정 세부 분야(예: 메모리 소자)의 제작 경험이 없다는 것 자체가 공정기술 직무에서 결정적인 디메릿이 되는 것은 아니라고 설명합니다. 실리콘 기반 소자를 직접 제작하고 데이터를 분석해본 경험, 불량 개선이나 조건 최적화 과정에서 문제를 해결해본 경험은 그 자체로 공정기술 직무의 핵심 역량을 보여주기에 충분하다고 조언합니다. 따라서 세부 분야를 억지로 바꾸기보다는 현재 경험을 반도체 8대 공정에 대한 일반적인 이해를 바탕으로 장비 원리와 공정 변수가 결과에 미치는 영향을 논리적으로 설명하는 방향으로 다듬는 것이 더 중요합니다. 세부 분야의 이론적 지식은 면접을 위해 따로 학습해도 충분히 커버할 수 있습니다.",링커리어 멘토링 커뮤니티 크롤링,링커리어 취업고민(이과/STEM) 게시글(post_id=6455107),https://community.linkareer.com/STEM_mentoring/6455107 (채택 답변),특정 세부분야 경험 부재가 반도체 공정기술 직무 지원에 미치는 영향에 대한 멘토링 채택 답변 종합,2026-10-04,미검토,,중,"링커리어 취업 멘토링 Q&A의 채택 답변 기반, 질문자 개인정보는 일반화하여 제거 | 수집일: 2026-10-04",N,"반도체 공정기술 직무에 지원하는데 메모리 소자 같은 목표 분야와 직결된 연구 경험이 없다면 손해인가요?,반도체 공정기술 지원하는데 메모리 소자 연구 경험 없으면 불리해?,반도체 공정기술 지원 메모리 소자 연구 경험 0인데 서탈각임?,반도체 공정기술 메모리 소자 연구 경험 부재,저는 반도체 공정기술 직무를 준비하는데 메모리 소자 같은 목표 분야 연구 경험이 없어서 걱정이에요,반도체 공정기술 지원 시 목표 분야 연구 경험이 없을 때 어필 방법 알려주세요,공정기술 메모리 경험 없음,반도체 공정기술 직무 입사 지원에서 목표 분야와 직접 관련 없는 연구 경험도 인정받을 수 있나요?,메모리 소자 연구 경험 없이 반도체 공정기술에 지원해도 괜찮을까요?",반도체 공정기술 직무에 지원하는데 메모리 소자 같은 목표 분야와 직결된 연구 경험이 없다면 손해인가요?,반도체 공정기술 지원하는데 메모리 소자 연구 경험 없으면 불리해?,반도체 공정기술 지원 메모리 소자 연구 경험 0인데 서탈각임?,반도체 공정기술 메모리 소자 연구 경험 부재,저는 반도체 공정기술 직무를 준비하는데 메모리 소자 같은 목표 분야 연구 경험이 없어서 걱정이에요,반도체 공정기술 지원 시 목표 분야 연구 경험이 없을 때 어필 방법 알려주세요,공정기술 메모리 경험 없음,반도체 공정기술 직무 입사 지원에서 목표 분야와 직접 관련 없는 연구 경험도 인정받을 수 있나요?,메모리 소자 연구 경험 없이 반도체 공정기술에 지원해도 괜찮을까요?
355,392,L-C06-035,역량개발·준비계획,연구·엔지니어링·제조기술,"반도체 관련 경험이 없어 서류나 면접에서 불리한 기구설계 지원자가, 약 6개월짜리 반도체 장비설계 부트캠프를 수강하는 것이 실제로 취업에 도움이 되나요?","멘토들은 반도체 도메인 경험이 부족해 면접에서 어려움을 겪는 경우, 실무자가 리딩하고 실습이 포함된 부트캠프를 수강하는 것이 합격 가능성을 높이는 확실한 방법이 될 수 있다고 조언합니다. 면접관이 반도체 특유의 진공 환경, 정밀 이송, 공차 해석 같은 도메인 지식을 확인하려는 의도가 있는 만큼, 부트캠프를 통해 실제 장비 모듈 중심의 포트폴리오와 CAD·공차 해석 역량을 갖추면 답변의 전문성을 높일 수 있습니다. 다만 부트캠프 수강 중에도 계속 지원을 이어가면서, 기존 경험을 정밀 설계와 조립성 관점으로 재해석해 이력서에 반영하는 것이 함께 권장되며, 비용이 부담된다면 고용노동부 연계 지원 프로그램을 알아보는 것도 방법입니다.",링커리어 멘토링 커뮤니티 크롤링,링커리어 취업고민(이과/STEM) 게시글(post_id=6541835),https://community.linkareer.com/STEM_mentoring/6541835 (채택 답변),반도체 도메인 경험 보완을 위한 장비설계 부트캠프 수강 효과에 대한 멘토링 채택 답변 종합,2026-10-04,미검토,,중,"링커리어 취업 멘토링 Q&A의 채택 답변 기반, 질문자 개인정보는 일반화하여 제거 | 수집일: 2026-10-04",N,"반도체 경험이 없어 서류와 면접에서 밀리는 기구설계 지원자가 6개월 반도체 장비설계 부트캠프를 들으면 실제로 도움이 될까요?,기구설계 지원하는데 반도체 경험 없어서 6개월 반도체 장비설계 부트캠프 들으면 도움 돼?,기구설계 취준인데 반도체 경험 없어서 장비설계 부트캠프 6개월 듣는 거 의미 있음?,기구설계 반도체 장비설계 부트캠프 6개월 효과,저는 기구설계 지원자인데 반도체 경험이 없어 면접에서 막혀서 6개월 반도체 장비설계 부트캠프를 고민 중이에요,기구설계 지원자에게 반도체 장비설계 부트캠프가 도움이 되는지 알려주세요,반도체 장비설계 부트캠프,기구설계 직무 입사 지원 시 반도체 도메인 경험을 장비설계 부트캠프로 채우는 게 효과적인가요?,기구설계 지원 앞두고 6개월짜리 반도체 장비설계 부트캠프 들으면 시간 낭비일까요?",반도체 경험이 없어 서류와 면접에서 밀리는 기구설계 지원자가 6개월 반도체 장비설계 부트캠프를 들으면 실제로 도움이 될까요?,기구설계 지원하는데 반도체 경험 없어서 6개월 반도체 장비설계 부트캠프 들으면 도움 돼?,기구설계 취준인데 반도체 경험 없어서 장비설계 부트캠프 6개월 듣는 거 의미 있음?,기구설계 반도체 장비설계 부트캠프 6개월 효과,저는 기구설계 지원자인데 반도체 경험이 없어 면접에서 막혀서 6개월 반도체 장비설계 부트캠프를 고민 중이에요,기구설계 지원자에게 반도체 장비설계 부트캠프가 도움이 되는지 알려주세요,반도체 장비설계 부트캠프,기구설계 직무 입사 지원 시 반도체 도메인 경험을 장비설계 부트캠프로 채우는 게 효과적인가요?,기구설계 지원 앞두고 6개월짜리 반도체 장비설계 부트캠프 들으면 시간 낭비일까요?
356,393,L-C02-017,채용공고·지원전략,IT·개발·데이터,"신입 프론트엔드 개발자는 대기업·중견기업 공채가 거의 없는데, 중소기업이나 스타트업에서 경력을 쌓은 뒤 이직하는 전략이 맞을까요?","멘토들은 신입 프론트엔드 채용 공고가 많지 않은 현재 상황에서는 중소기업이나 스타트업에서 2~3년 정도 경력을 쌓은 뒤 경력직으로 중견·대기업에 이직하는 전략이 현실적이라고 조언합니다. 프론트엔드 개발자에게는 회사 규모보다 실제 서비스를 개발·운영해본 깊이와 맡아본 업무의 범위가 더 중요하게 평가되므로, 처음부터 규모에 얽매이지 않고 실무 경험을 빠르게 쌓을 수 있는 회사를 선택하는 것이 좋습니다. 실제로 이런 방식의 이직이 신입 공채보다 더 나은 결과로 이어지는 경우도 많다는 의견이 있습니다.",링커리어 멘토링 커뮤니티 크롤링,링커리어 취업고민(이과/STEM) 게시글(post_id=6457794),https://community.linkareer.com/STEM_mentoring/6457794 (채택 답변),신입 프론트엔드 개발자의 중소기업 경력 후 이직 전략에 대한 멘토링 채택 답변 종합,2026-10-04,미검토,,상,"링커리어 취업 멘토링 Q&A의 채택 답변 기반, 질문자 개인정보는 일반화하여 제거 | 수집일: 2026-10-04",N,"신입 프론트엔드 개발자를 뽑는 대기업 중견기업 공채가 드문데 중소기업이나 스타트업에서 경험을 쌓고 옮기는 게 좋을까요?,프론트엔드 신입 대기업 공채 거의 없던데 스타트업에서 경력 쌓고 이직하는 게 맞아?,프론트 신입 대기업 중견 공채 없는데 중소 스타트업 갔다가 경력 이직 루트 괜찮음?,신입 프론트엔드 중소기업 스타트업 경력 후 이직 전략,저는 신입 프론트엔드 개발자인데 대기업 공채가 거의 없어서 스타트업에서 먼저 경력을 쌓을지 고민이에요,신입 프론트엔드 개발자의 중소기업 스타트업 경유 이직 전략 좀 알려주세요,프론트엔드 신입 이직 전략,신입 프론트엔드 개발자가 중소기업 경력을 거쳐 대기업으로 경력직 이직하는 커리어 경로가 현실적인가요?,신입 프론트엔드로 스타트업에 먼저 들어가면 나중에 대기업 이직할 때 불리할까요?",신입 프론트엔드 개발자를 뽑는 대기업 중견기업 공채가 드문데 중소기업이나 스타트업에서 경험을 쌓고 옮기는 게 좋을까요?,프론트엔드 신입 대기업 공채 거의 없던데 스타트업에서 경력 쌓고 이직하는 게 맞아?,프론트 신입 대기업 중견 공채 없는데 중소 스타트업 갔다가 경력 이직 루트 괜찮음?,신입 프론트엔드 중소기업 스타트업 경력 후 이직 전략,저는 신입 프론트엔드 개발자인데 대기업 공채가 거의 없어서 스타트업에서 먼저 경력을 쌓을지 고민이에요,신입 프론트엔드 개발자의 중소기업 스타트업 경유 이직 전략 좀 알려주세요,프론트엔드 신입 이직 전략,신입 프론트엔드 개발자가 중소기업 경력을 거쳐 대기업으로 경력직 이직하는 커리어 경로가 현실적인가요?,신입 프론트엔드로 스타트업에 먼저 들어가면 나중에 대기업 이직할 때 불리할까요?
357,394,L-C04-025,경험·포트폴리오,IT·개발·데이터,"개발 경력과 프로젝트, 자격증 등 스펙이 어느 정도 갖춰진 지원자가 중견기업 이상 개발 직무에 지원하려면 무엇을 우선 준비해야 하나요?","멘토들은 경력과 프로젝트, 자격증, 어학 등 정량적인 스펙은 이미 충분한 수준으로 평가하면서, 가장 먼저 해야 할 일은 백엔드나 프론트엔드 등 희망 직무를 명확히 정하는 것이라고 조언합니다. 그다음으로는 지금까지 해왔던 기술 스택, 구현 내용, 개선·자동화 경험 등을 상세하게 정리해 포트폴리오로 만드는 작업이 필요하며, 개선 경험이 부족하다면 기존 프로젝트의 문제점과 개선 방향을 생각해보는 것도 추천됩니다. 이렇게 정리한 포트폴리오를 바탕으로 지원하는 기업에서 본인이 기여할 수 있는 점을 구체적으로 어필하면서 공채와 수시채용에 함께 지원하는 전략이 권장됩니다.",링커리어 멘토링 커뮤니티 크롤링,링커리어 취업고민(이과/STEM) 게시글(post_id=6559064),https://community.linkareer.com/STEM_mentoring/6559064 (채택 답변),개발 직군 지원자의 포트폴리오 정리 및 지원 준비 방향에 대한 멘토링 채택 답변 종합,2026-10-04,미검토,,중,"링커리어 취업 멘토링 Q&A의 채택 답변 기반, 질문자 개인정보는 일반화하여 제거 | 수집일: 2026-10-04",N,"개발 경력과 프로젝트와 자격증 등 스펙을 꽤 갖춘 지원자가 중견기업 이상 개발 직무를 노린다면 무엇부터 해야 할까요?,개발 경력이랑 프로젝트 자격증 다 있는데 중견 이상 개발 직무 가려면 뭐부터 해?,개발 스펙 어느 정도 있는데 중견 이상 개발 직무 지원하려면 머부터 준비함?,개발 스펙 보유자 중견기업 이상 개발 직무 우선 준비,저는 개발 경력과 프로젝트와 자격증이 어느 정도 있는데 중견기업 이상 개발 직무에 지원하려면 무엇을 먼저 할까요?,스펙 갖춘 개발자가 중견기업 이상 지원할 때 우선 준비할 것 알려주세요,중견 이상 개발 우선 준비,개발 경력이 있는 지원자가 중견기업 이상 개발 직무에 입사 지원할 때 가장 먼저 정리할 것은 무엇인가요?,개발 스펙이 있으니 중견기업 이상 개발 직무에 바로 지원해도 괜찮을까요?",개발 경력과 프로젝트와 자격증 등 스펙을 꽤 갖춘 지원자가 중견기업 이상 개발 직무를 노린다면 무엇부터 해야 할까요?,개발 경력이랑 프로젝트 자격증 다 있는데 중견 이상 개발 직무 가려면 뭐부터 해?,개발 스펙 어느 정도 있는데 중견 이상 개발 직무 지원하려면 머부터 준비함?,개발 스펙 보유자 중견기업 이상 개발 직무 우선 준비,저는 개발 경력과 프로젝트와 자격증이 어느 정도 있는데 중견기업 이상 개발 직무에 지원하려면 무엇을 먼저 할까요?,스펙 갖춘 개발자가 중견기업 이상 지원할 때 우선 준비할 것 알려주세요,중견 이상 개발 우선 준비,개발 경력이 있는 지원자가 중견기업 이상 개발 직무에 입사 지원할 때 가장 먼저 정리할 것은 무엇인가요?,개발 스펙이 있으니 중견기업 이상 개발 직무에 바로 지원해도 괜찮을까요?
358,395,L-C03-022,이력서·자소서,공통,"이력서에 편입 전 학교를 기재하지 않았는데 자소서에는 편입 전 학교에서의 경험(현장실습 등)을 썼다면, 면접 전에 이 사실을 미리 알려야 하나요?","멘토는 이력서와 자소서 내용이 서로 어긋나는 경우 엄격하게는 탈락 사유가 될 수 있으므로, 면접 전에 미리 연락해 상황을 알리는 것이 맞다고 조언합니다. 자소서에서 해당 경험이 편입 전 학교에서의 경험임을 명확하게 인지할 수 있도록 기재했다면, 회사에서 크게 문제 삼지 않고 넘어갈 가능성도 있습니다. 다만 그런 경우라도 먼저 솔직하게 사실을 전달하는 것이 이후 문제를 예방하는 가장 안전한 방법입니다.",링커리어 멘토링 커뮤니티 크롤링,링커리어 취업고민(이과/STEM) 게시글(post_id=6531235),https://community.linkareer.com/STEM_mentoring/6531235 (채택 답변),이력서·자소서 간 학력 기재 불일치 해명에 대한 멘토링 채택 답변 종합,2026-10-04,미검토,,상,"링커리어 취업 멘토링 Q&A의 채택 답변 기반, 질문자 개인정보는 일반화하여 제거 | 수집일: 2026-10-04",N,"이력서에 편입 이전 학교를 적지 않고 자소서에는 그 학교 시절 현장실습을 썼다면 면접 전에 미리 알려야 할까요?,이력서엔 편입 전 학교 안 썼는데 자소서엔 거기서 한 현장실습 썼어 면접 전에 말해야 돼?,이력서에 편입 전 학교 누락했는데 자소서엔 그때 경험 씀 면접 전에 연락해야 함?,이력서 편입 전 학교 미기재 자소서 경험 불일치,저는 이력서에 편입 전 학교를 안 적었는데 자소서에 편입 전 학교 현장실습 경험을 써서 면접 전에 알려야 할지 고민돼요,이력서와 자소서의 편입 전 학교 정보가 다를 때 대처 방법 알려주세요,편입 전 학교 미기재,이력서에 편입 전 학력을 빠뜨린 채 자소서에 그 경험을 썼다면 채용 담당자에게 면접 전에 연락해야 하나요?,이력서에 편입 전 학교를 안 쓴 걸 면접 전에 안 알리면 문제가 될까요?",이력서에 편입 이전 학교를 적지 않고 자소서에는 그 학교 시절 현장실습을 썼다면 면접 전에 미리 알려야 할까요?,이력서엔 편입 전 학교 안 썼는데 자소서엔 거기서 한 현장실습 썼어 면접 전에 말해야 돼?,이력서에 편입 전 학교 누락했는데 자소서엔 그때 경험 씀 면접 전에 연락해야 함?,이력서 편입 전 학교 미기재 자소서 경험 불일치,저는 이력서에 편입 전 학교를 안 적었는데 자소서에 편입 전 학교 현장실습 경험을 써서 면접 전에 알려야 할지 고민돼요,이력서와 자소서의 편입 전 학교 정보가 다를 때 대처 방법 알려주세요,편입 전 학교 미기재,이력서에 편입 전 학력을 빠뜨린 채 자소서에 그 경험을 썼다면 채용 담당자에게 면접 전에 연락해야 하나요?,이력서에 편입 전 학교를 안 쓴 걸 면접 전에 안 알리면 문제가 될까요?
359,396,L-C04-026,경험·포트폴리오,연구·엔지니어링·제조기술,3개월 정도의 짧은 수습·인턴 기간 동안 쌓은 장비 실습 경험도 향후 이력서나 커리어에 의미 있는 경력으로 활용할 수 있나요?,"멘토는 짧은 기간이라도 R&D 분야에서 실제 개발 계측기를 다루고 데이터시트를 작성해본 경험은 이력서와 면접에서 실무 역량으로 충분히 인정받을 수 있다고 설명합니다. 바쁜 업무 환경에서 적응력을 높이려면 장비 매뉴얼을 스스로 찾아보고, 질문할 때는 본인이 시도한 내용과 결과를 먼저 정리해 확인받는 방식이 효과적이며, 매일의 설정값과 측정 절차를 기록해두면 숙련도를 빠르게 높일 수 있습니다. 설령 수습 기간 후 정규직 전환이 되지 않더라도 이 경험은 전자·부품 개발이나 품질관리, 필드엔지니어 등 인접 직무로 중고신입 지원 시 충분히 활용 가능한 경력이 됩니다.",링커리어 멘토링 커뮤니티 크롤링,링커리어 취업고민(이과/STEM) 게시글(post_id=6512267),https://community.linkareer.com/STEM_mentoring/6512267 (채택 답변),짧은 수습·인턴 기간의 실무 경험을 향후 경력으로 활용하는 방법에 대한 멘토링 채택 답변 종합,2026-10-04,미검토,,중,"링커리어 취업 멘토링 Q&A의 채택 답변 기반, 질문자 개인정보는 일반화하여 제거 | 수집일: 2026-10-04",N,"3개월 남짓한 수습이나 인턴 기간에 한 장비 실습 경험도 이력서와 커리어에 의미 있는 경력으로 쓸 수 있을까요?,3개월 인턴 동안 장비 다뤄본 경험도 이력서에 경력으로 써도 돼?,3개월 수습 인턴 때 장비 실습한 거 이력서 경력으로 쳐줌?,3개월 수습 인턴 장비 실습 경험 경력 인정,저는 3개월 정도 수습 인턴으로 일하면서 장비 실습을 했는데 이걸 이력서에 경력으로 써도 될까요?,3개월 짧은 인턴 기간 장비 실습 경험을 경력으로 활용하는 방법 알려주세요,3개월 인턴 장비 경험,3개월 수습 기간에 쌓은 장비 실습 경험을 이력서 경력란에 직무 경력으로 적어도 되나요?,3개월밖에 안 되는 인턴 장비 경험을 이력서에 쓰면 오히려 애매해 보일까요?",3개월 남짓한 수습이나 인턴 기간에 한 장비 실습 경험도 이력서와 커리어에 의미 있는 경력으로 쓸 수 있을까요?,3개월 인턴 동안 장비 다뤄본 경험도 이력서에 경력으로 써도 돼?,3개월 수습 인턴 때 장비 실습한 거 이력서 경력으로 쳐줌?,3개월 수습 인턴 장비 실습 경험 경력 인정,저는 3개월 정도 수습 인턴으로 일하면서 장비 실습을 했는데 이걸 이력서에 경력으로 써도 될까요?,3개월 짧은 인턴 기간 장비 실습 경험을 경력으로 활용하는 방법 알려주세요,3개월 인턴 장비 경험,3개월 수습 기간에 쌓은 장비 실습 경험을 이력서 경력란에 직무 경력으로 적어도 되나요?,3개월밖에 안 되는 인턴 장비 경험을 이력서에 쓰면 오히려 애매해 보일까요?
360,397,L-C03-023,이력서·자소서,연구·엔지니어링·제조기술,"전기 관련 자격증은 있지만 대외활동이나 자소서에 쓸 경험이 부족한 경우, 플랜트·건설 관련 시공 직무 자소서를 어떻게 풀어가야 하나요?","멘토들은 전기 관련 기사 자격증을 보유한 점은 시공 직무 서류 전형에서 정량적으로 충분한 경쟁력이 된다고 평가하면서도, 어학 성적은 보완이 필요하다고 조언합니다. 자소서는 캡스톤 디자인에서 센서를 활용하며 겪었던 문제 해결 과정을 중심으로, 현장 문제를 검토하고 안전을 준수하려 했던 자세를 구체적으로 드러내는 방향으로 작성할 것을 추천합니다. 대외활동이 부족하더라도 이러한 전공 프로젝트 경험을 충분히 활용할 수 있으며, 자격증 가점이 큰 공기업이나 대형·중견 건설사의 전기시공 직무까지 지원 범위를 넓혀보는 것도 권장됩니다.",링커리어 멘토링 커뮤니티 크롤링,링커리어 취업고민(이과/STEM) 게시글(post_id=6528243),https://community.linkareer.com/STEM_mentoring/6528243 (채택 답변),자격증은 있으나 대외활동이 부족한 지원자의 시공 직무 자소서 작성 방향에 대한 멘토링 채택 답변 종합,2026-10-04,미검토,,상,"링커리어 취업 멘토링 Q&A의 채택 답변 기반, 질문자 개인정보는 일반화하여 제거 | 수집일: 2026-10-04",N,"전기 자격증은 있지만 자기소개서에 쓸 대외활동이 부족할 때 플랜트 건설 시공 직무 자소서를 어떻게 구성해야 할까요?,전기 자격증은 있는데 대외활동이 없으면 플랜트 건설 시공 자소서 어떻게 써?,전기 자격증만 있고 대외활 없는데 플랜트 건설 시공 자소서 어케 풀어감?,전기 자격증 대외활동 부족 플랜트 건설 시공 자소서,저는 전기 관련 자격증은 있지만 대외활동 경험이 거의 없어서 플랜트 건설 시공 자소서 쓰기가 막막해요,전기 자격증 보유자의 플랜트 건설 시공 직무 자소서 작성 방법 알려주세요,전기 자격증 시공 자소서,플랜트 건설 시공 직무 입사 지원 자소서에 쓸 경험이 부족할 때 전기 자격증을 어떻게 활용하나요?,대외활동 없이 전기 자격증만으로 플랜트 건설 시공 직무에 지원해도 괜찮을까요?",전기 자격증은 있지만 자기소개서에 쓸 대외활동이 부족할 때 플랜트 건설 시공 직무 자소서를 어떻게 구성해야 할까요?,전기 자격증은 있는데 대외활동이 없으면 플랜트 건설 시공 자소서 어떻게 써?,전기 자격증만 있고 대외활 없는데 플랜트 건설 시공 자소서 어케 풀어감?,전기 자격증 대외활동 부족 플랜트 건설 시공 자소서,저는 전기 관련 자격증은 있지만 대외활동 경험이 거의 없어서 플랜트 건설 시공 자소서 쓰기가 막막해요,전기 자격증 보유자의 플랜트 건설 시공 직무 자소서 작성 방법 알려주세요,전기 자격증 시공 자소서,플랜트 건설 시공 직무 입사 지원 자소서에 쓸 경험이 부족할 때 전기 자격증을 어떻게 활용하나요?,대외활동 없이 전기 자격증만으로 플랜트 건설 시공 직무에 지원해도 괜찮을까요?
361,398,CH-001,면접·인적성,IT·개발·데이터,빅데이터/AI 직무 지원 시 AI면접은 어떤 난이도와 분위기로 진행되나요?,"2026년 하반기 빅데이터/AI 직무 면접 후기에 따르면 난이도는 '보통', 분위기는 '매우 경직'로 평가된 사례가 있습니다. 1:1 면접 형태로 진행되었고, AI면접 전형이 먼저 진행된 뒤 대면 면접으로 이어졌습니다. 예를 들어 '관심 있는 금융 산업 트렌드의 변화는 무엇인가 말해주세요'와 같은 질문이 나온 사례가 있었습니다.",캐치(catch.co.kr) 면접후기 API 수집,캐치 면접후기 - 우리은행 (빅데이터/AI),https://www.catch.co.kr/Comp/InterviewReview/840149 (InterviewID 104734),우리은행 빅데이터/AI 면접 후기의 난이도·분위기·전형 유형 요약,2026-10-05,미검토,,중,"캐치(catch.co.kr) 면접후기 API 기반 수집, 원문 평가·팁(자유서술)은 저작권 보호를 위해 사용하지 않고 구조화 필드(난이도/분위기/전형유형/질문)만 근거로 재구성 | 수집일: 2026-10-05",N,"빅데이터/AI 직무에 지원하면 AI면접 난이도와 분위기는 어느 정도인가요?,빅데이터 AI 직무 AI면접 어렵고 분위기 어때?,빅데이터/AI 직무 AI면접 난이도 머 정도임?,빅데이터/AI 직무 AI면접 난이도 분위기,저는 빅데이터/AI 직무에 지원했는데 AI면접이 어떤 분위기로 진행되는지 궁금해요,빅데이터/AI 직무 AI면접 난이도와 분위기 후기 알려주세요,빅데이터 AI면접 후기,빅데이터/AI 직무 채용 전형 중 AI면접은 실제로 어떻게 진행되나요?,빅데이터/AI 직무 AI면접이 많이 어렵게 나오나요?",빅데이터/AI 직무에 지원하면 AI면접 난이도와 분위기는 어느 정도인가요?,빅데이터 AI 직무 AI면접 어렵고 분위기 어때?,빅데이터/AI 직무 AI면접 난이도 머 정도임?,빅데이터/AI 직무 AI면접 난이도 분위기,저는 빅데이터/AI 직무에 지원했는데 AI면접이 어떤 분위기로 진행되는지 궁금해요,빅데이터/AI 직무 AI면접 난이도와 분위기 후기 알려주세요,빅데이터 AI면접 후기,빅데이터/AI 직무 채용 전형 중 AI면접은 실제로 어떻게 진행되나요?,빅데이터/AI 직무 AI면접이 많이 어렵게 나오나요?
362,399,CH-002,면접·인적성,영업·마케팅,영업관리/지원/영업기획 직무 지원 시 AI면접은 어떤 난이도와 분위기로 진행되나요?,"2026년 하반기 영업관리/지원/영업기획 직무 면접 후기에 따르면 난이도는 '보통', 분위기는 '보통'로 평가된 사례가 있습니다. 1:1 면접 형태로 진행되었고, AI면접 전형이 먼저 진행된 뒤 대면 면접으로 이어졌습니다. 예를 들어 '최근 금융권 및 경제 시사 이슈에 관한 질문/본인의 생각 말해주세요'와 같은 질문이 나온 사례가 있었습니다.",캐치(catch.co.kr) 면접후기 API 수집,캐치 면접후기 - 우리은행 (영업관리/지원/영업기획),https://www.catch.co.kr/Comp/InterviewReview/840149 (InterviewID 103899),우리은행 영업관리/지원/영업기획 면접 후기의 난이도·분위기·전형 유형 요약,2026-10-05,미검토,,중,"캐치(catch.co.kr) 면접후기 API 기반 수집, 원문 평가·팁(자유서술)은 저작권 보호를 위해 사용하지 않고 구조화 필드(난이도/분위기/전형유형/질문)만 근거로 재구성 | 수집일: 2026-10-05",N,"영업관리/지원/영업기획 직무 채용에서 AI면접 난이도와 분위기는 어떤 편인가요?,영업관리 영업기획 직무 AI면접 어때? 어려워?,영업관리/지원/영업기획 AI면접 난이도 분위기 머임?,영업관리/지원/영업기획 AI면접 난이도 분위기,저는 영업관리/지원/영업기획 직무에 지원했는데 AI면접이 어떤 식으로 진행되는지 궁금해요,영업관리/지원/영업기획 직무 AI면접 후기 좀 알려주세요,영업기획 AI면접 분위기,영업관리/지원/영업기획 직무 채용 전형의 AI면접 단계는 어떤 분위기인가요?,영업관리/지원/영업기획 직무 AI면접 많이 긴장해야 하나요?",영업관리/지원/영업기획 직무 채용에서 AI면접 난이도와 분위기는 어떤 편인가요?,영업관리 영업기획 직무 AI면접 어때? 어려워?,영업관리/지원/영업기획 AI면접 난이도 분위기 머임?,영업관리/지원/영업기획 AI면접 난이도 분위기,저는 영업관리/지원/영업기획 직무에 지원했는데 AI면접이 어떤 식으로 진행되는지 궁금해요,영업관리/지원/영업기획 직무 AI면접 후기 좀 알려주세요,영업기획 AI면접 분위기,영업관리/지원/영업기획 직무 채용 전형의 AI면접 단계는 어떤 분위기인가요?,영업관리/지원/영업기획 직무 AI면접 많이 긴장해야 하나요?
363,400,CH-003,면접·인적성,경영·사무·인사,기획/전략/경영 직무 면접은 전반적으로 어떤 난이도와 분위기로 진행되나요?,"2026년 하반기 기획/전략/경영 직무 면접 후기에 따르면 난이도는 '다소 어려움', 분위기는 '보통'로 평가된 사례가 있습니다. 그룹 면접 형태로 진행되었고, 실무진 역량 면접 위주로 진행되었습니다. 예를 들어 '최근 관심있게 본 경제뉴스를 말하고 설명해주세요'와 같은 질문이 나온 사례가 있었습니다.",캐치(catch.co.kr) 면접후기 API 수집,캐치 면접후기 - 우리은행 (기획/전략/경영),https://www.catch.co.kr/Comp/InterviewReview/840149 (InterviewID 103783),우리은행 기획/전략/경영 면접 후기의 난이도·분위기·전형 유형 요약,2026-10-05,미검토,,중,"캐치(catch.co.kr) 면접후기 API 기반 수집, 원문 평가·팁(자유서술)은 저작권 보호를 위해 사용하지 않고 구조화 필드(난이도/분위기/전형유형/질문)만 근거로 재구성 | 수집일: 2026-10-05",N,"기획/전략/경영 직무 면접 난이도와 분위기는 대체로 어떤 편인가요?,기획 전략 경영 직무 면접 어려워? 분위기 어때?,기획/전략/경영 직무 면접 난이도 분위기 후기 머임?,기획/전략/경영 면접 난이도 분위기,저는 기획/전략/경영 직무 면접을 앞두고 있는데 전반적인 난이도와 분위기가 궁금해요,기획/전략/경영 직무 면접 후기 정리해 주세요,전략기획 면접 분위기,기획/전략/경영 직무 채용 면접 전형은 실무진 면접 위주로 어떤 분위기에서 진행되나요?,기획/전략/경영 직무 면접이 많이 어렵다는데 정말 그런가요?",기획/전략/경영 직무 면접 난이도와 분위기는 대체로 어떤 편인가요?,기획 전략 경영 직무 면접 어려워? 분위기 어때?,기획/전략/경영 직무 면접 난이도 분위기 후기 머임?,기획/전략/경영 면접 난이도 분위기,저는 기획/전략/경영 직무 면접을 앞두고 있는데 전반적인 난이도와 분위기가 궁금해요,기획/전략/경영 직무 면접 후기 정리해 주세요,전략기획 면접 분위기,기획/전략/경영 직무 채용 면접 전형은 실무진 면접 위주로 어떤 분위기에서 진행되나요?,기획/전략/경영 직무 면접이 많이 어렵다는데 정말 그런가요?
364,401,CH-004,면접·인적성,경영·사무·인사,기획/전략/경영 직무 면접에서 토론 전형은 어떤 식으로 진행되나요?,"2026년 하반기 기획/전략/경영 직무 면접 후기에 따르면 난이도는 '매우 어려움', 분위기는 '보통'로 평가된 사례가 있습니다. 1:1 면접·1대 면접관 다수 면접·그룹 면접 형태로 진행되었고, 토론 전형이 함께 진행되었습니다. 예를 들어 '1차) 다양한 고객을 응대했다고 했는데 어려운 고객을 상대한적 있는지?'와 같은 질문이 나온 사례가 있었습니다.",캐치(catch.co.kr) 면접후기 API 수집,캐치 면접후기 - 우리은행 (기획/전략/경영),https://www.catch.co.kr/Comp/InterviewReview/840149 (InterviewID 103470),우리은행 기획/전략/경영 면접 후기의 난이도·분위기·전형 유형 요약,2026-10-05,미검토,,중,"캐치(catch.co.kr) 면접후기 API 기반 수집, 원문 평가·팁(자유서술)은 저작권 보호를 위해 사용하지 않고 구조화 필드(난이도/분위기/전형유형/질문)만 근거로 재구성 | 수집일: 2026-10-05",N,"기획/전략/경영 직무 면접 중 토론 면접은 어떤 방식으로 이루어지나요?,기획 전략 경영 직무 토론 면접 어떻게 진행돼?,기획/전략/경영 토론면접 방식 머임?,기획/전략/경영 토론 전형 진행 방식,저는 기획/전략/경영 직무 면접에 토론 전형이 있다고 들었는데 어떤 식으로 하는지 궁금해요,기획/전략/경영 직무 토론 면접 진행 방식 알려주세요,기획 경영 토론 면접,기획/전략/경영 직무 채용 면접의 토론 전형은 어떤 구성으로 진행되나요?,기획/전략/경영 직무 토론 면접이 많이 어려운 편인가요?",기획/전략/경영 직무 면접 중 토론 면접은 어떤 방식으로 이루어지나요?,기획 전략 경영 직무 토론 면접 어떻게 진행돼?,기획/전략/경영 토론면접 방식 머임?,기획/전략/경영 토론 전형 진행 방식,저는 기획/전략/경영 직무 면접에 토론 전형이 있다고 들었는데 어떤 식으로 하는지 궁금해요,기획/전략/경영 직무 토론 면접 진행 방식 알려주세요,기획 경영 토론 면접,기획/전략/경영 직무 채용 면접의 토론 전형은 어떤 구성으로 진행되나요?,기획/전략/경영 직무 토론 면접이 많이 어려운 편인가요?
365,402,CH-005,면접·인적성,경영·사무·인사,사무/총무/법무 직무 면접은 전반적으로 어떤 난이도와 분위기로 진행되나요?,"2026년 하반기 사무/총무/법무 직무 면접 후기에 따르면 난이도는 '매우 쉬움', 분위기는 '다소 편안함'로 평가된 사례가 있습니다. 1대 면접관 다수 면접 형태로 진행되었고, 실무진 역량 면접 위주로 진행되었습니다. 예를 들어 '1년 이상 교대 근무로 일할 수 있는지?'와 같은 질문이 나온 사례가 있었습니다.",캐치(catch.co.kr) 면접후기 API 수집,캐치 면접후기 - 우리은행 (사무/총무/법무),https://www.catch.co.kr/Comp/InterviewReview/840149 (InterviewID 99321),우리은행 사무/총무/법무 면접 후기의 난이도·분위기·전형 유형 요약,2026-10-05,미검토,,중,"캐치(catch.co.kr) 면접후기 API 기반 수집, 원문 평가·팁(자유서술)은 저작권 보호를 위해 사용하지 않고 구조화 필드(난이도/분위기/전형유형/질문)만 근거로 재구성 | 수집일: 2026-10-05",N,"사무/총무/법무 직무 면접은 대체로 난이도와 분위기가 어떤가요?,사무 총무 법무 직무 면접 분위기 어때? 어려워?,사무/총무/법무 면접 난이도 분위기 머 정도임?,사무/총무/법무 면접 난이도 분위기,저는 사무/총무/법무 직무 면접을 준비 중인데 전반적인 난이도와 분위기가 궁금해요,사무/총무/법무 직무 면접 후기 알려주세요,총무 법무 면접 분위기,사무/총무/법무 직무 채용 면접은 실무진 역량 면접 위주로 어떻게 진행되나요?,사무/총무/법무 직무 면접 분위기가 딱딱할까 봐 걱정되는데 어떤가요?",사무/총무/법무 직무 면접은 대체로 난이도와 분위기가 어떤가요?,사무 총무 법무 직무 면접 분위기 어때? 어려워?,사무/총무/법무 면접 난이도 분위기 머 정도임?,사무/총무/법무 면접 난이도 분위기,저는 사무/총무/법무 직무 면접을 준비 중인데 전반적인 난이도와 분위기가 궁금해요,사무/총무/법무 직무 면접 후기 알려주세요,총무 법무 면접 분위기,사무/총무/법무 직무 채용 면접은 실무진 역량 면접 위주로 어떻게 진행되나요?,사무/총무/법무 직무 면접 분위기가 딱딱할까 봐 걱정되는데 어떤가요?
366,403,CH-006,면접·인적성,영업·마케팅,일반영업 직무 면접에서 PT(과제수행) 전형은 어떻게 준비하면 좋을까요?,"2026년 상반기 일반영업 직무 면접 후기에 따르면 난이도는 '매우 어려움', 분위기는 '보통'로 평가된 사례가 있습니다. 1대 면접관 다수 면접·그룹 면접 형태로 진행되었고, PT(과제수행) 전형이 포함되어 사전 준비가 필요했습니다. 예를 들어 '본인의 강점을 은행 창구 업무에서 어떻게 적용할 수 있는지 말해주세요'와 같은 질문이 나온 사례가 있었습니다.",캐치(catch.co.kr) 면접후기 API 수집,캐치 면접후기 - 우리은행 (일반영업),https://www.catch.co.kr/Comp/InterviewReview/840149 (InterviewID 104284),우리은행 일반영업 면접 후기의 난이도·분위기·전형 유형 요약,2026-10-05,미검토,,중,"캐치(catch.co.kr) 면접후기 API 기반 수집, 원문 평가·팁(자유서술)은 저작권 보호를 위해 사용하지 않고 구조화 필드(난이도/분위기/전형유형/질문)만 근거로 재구성 | 수집일: 2026-10-05",N,"일반영업 직무 면접의 PT 과제수행 전형은 어떻게 대비해야 할까요?,일반영업 PT 면접 어떻게 준비해?,일반영업 직무 PT면접 준비 어케 함?,일반영업 PT 과제수행 전형 준비,저는 일반영업 직무 면접에 PT 전형이 있다고 해서 어떻게 준비할지 고민이에요,일반영업 직무 PT 과제수행 면접 준비 방법 알려주세요,일반영업 PT 준비,일반영업 직무 채용 면접의 PT 과제수행 전형은 사전에 무엇을 준비하면 되나요?,일반영업 PT 면접 준비 없이 들어가도 괜찮을까요?",일반영업 직무 면접의 PT 과제수행 전형은 어떻게 대비해야 할까요?,일반영업 PT 면접 어떻게 준비해?,일반영업 직무 PT면접 준비 어케 함?,일반영업 PT 과제수행 전형 준비,저는 일반영업 직무 면접에 PT 전형이 있다고 해서 어떻게 준비할지 고민이에요,일반영업 직무 PT 과제수행 면접 준비 방법 알려주세요,일반영업 PT 준비,일반영업 직무 채용 면접의 PT 과제수행 전형은 사전에 무엇을 준비하면 되나요?,일반영업 PT 면접 준비 없이 들어가도 괜찮을까요?
367,404,CH-007,면접·인적성,생산·물류·서비스,무역사무/수출입 직무 임원/최종 면접은 어떤 분위기로 진행되는 편인가요?,"2026년 하반기 무역사무/수출입 직무 면접 후기에 따르면 난이도는 '다소 쉬움', 분위기는 '다소 편안함'로 평가된 사례가 있습니다. 그룹 면접 형태로 진행되었고, 임원/최종 면접 단계가 별도로 진행되었습니다. 예를 들어 '본인이 뽑혀야한다는 어필 사항이 있는지?'와 같은 질문이 나온 사례가 있었습니다.",캐치(catch.co.kr) 면접후기 API 수집,캐치 면접후기 - 엑스포라인 (무역사무/수출입),https://www.catch.co.kr/Comp/InterviewReview/483069 (InterviewID 104733),엑스포라인 무역사무/수출입 면접 후기의 난이도·분위기·전형 유형 요약,2026-10-05,미검토,,중,"캐치(catch.co.kr) 면접후기 API 기반 수집, 원문 평가·팁(자유서술)은 저작권 보호를 위해 사용하지 않고 구조화 필드(난이도/분위기/전형유형/질문)만 근거로 재구성 | 수집일: 2026-10-05",N,"무역사무/수출입 직무 임원 최종 면접 분위기는 대체로 어떤가요?,무역사무 수출입 직무 최종 면접 분위기 어때?,무역사무/수출입 임원면접 분위기 머임?,무역사무/수출입 임원/최종 면접 분위기,저는 무역사무/수출입 직무 최종 면접을 앞두고 있는데 임원 면접 분위기가 궁금해요,무역사무/수출입 직무 임원/최종 면접 후기 알려주세요,수출입 임원면접 분위기,무역사무/수출입 직무 채용의 마지막 단계인 임원 면접은 어떻게 진행되나요?,무역사무/수출입 직무 임원/최종 면접이 많이 긴장되는 분위기일까요?",무역사무/수출입 직무 임원 최종 면접 분위기는 대체로 어떤가요?,무역사무 수출입 직무 최종 면접 분위기 어때?,무역사무/수출입 임원면접 분위기 머임?,무역사무/수출입 임원/최종 면접 분위기,저는 무역사무/수출입 직무 최종 면접을 앞두고 있는데 임원 면접 분위기가 궁금해요,무역사무/수출입 직무 임원/최종 면접 후기 알려주세요,수출입 임원면접 분위기,무역사무/수출입 직무 채용의 마지막 단계인 임원 면접은 어떻게 진행되나요?,무역사무/수출입 직무 임원/최종 면접이 많이 긴장되는 분위기일까요?
368,410,CH-013,면접·인적성,연구·엔지니어링·제조기술,바이오/제약/식품 직무 임원/최종 면접은 어떤 분위기로 진행되는 편인가요?,"2026년 하반기 바이오/제약/식품 직무 면접 후기에 따르면 난이도는 '보통', 분위기는 '보통'로 평가된 사례가 있습니다. 1대 면접관 다수 면접 형태로 진행되었고, 임원/최종 면접 단계가 별도로 진행되었습니다. 예를 들어 '화장품 R&D 직무 관련 경험 말해주세요'와 같은 질문이 나온 사례가 있었습니다.",캐치(catch.co.kr) 면접후기 API 수집,캐치 면접후기 - 메가코스 (바이오/제약/식품),https://www.catch.co.kr/Comp/InterviewReview/IP4386 (InterviewID 104732),메가코스 바이오/제약/식품 면접 후기의 난이도·분위기·전형 유형 요약,2026-10-05,미검토,,중,"캐치(catch.co.kr) 면접후기 API 기반 수집, 원문 평가·팁(자유서술)은 저작권 보호를 위해 사용하지 않고 구조화 필드(난이도/분위기/전형유형/질문)만 근거로 재구성 | 수집일: 2026-10-05",N,"바이오/제약/식품 직무 임원 최종 면접은 대체로 어떤 분위기인가요?,바이오 제약 식품 직무 최종 면접 분위기 어때?,바이오/제약/식품 임원면접 분위기 머임?,바이오/제약/식품 임원/최종 면접 분위기,저는 바이오/제약/식품 직무 최종 면접을 앞두고 있는데 임원 면접 분위기가 궁금해요,바이오/제약/식품 직무 임원/최종 면접 후기 알려주세요,바이오 제약 임원면접,바이오/제약/식품 직무 채용의 최종 단계 임원 면접은 어떻게 진행되나요?,바이오/제약/식품 직무 임원/최종 면접 분위기가 압박일까 봐 걱정인데 어떤가요?",바이오/제약/식품 직무 임원 최종 면접은 대체로 어떤 분위기인가요?,바이오 제약 식품 직무 최종 면접 분위기 어때?,바이오/제약/식품 임원면접 분위기 머임?,바이오/제약/식품 임원/최종 면접 분위기,저는 바이오/제약/식품 직무 최종 면접을 앞두고 있는데 임원 면접 분위기가 궁금해요,바이오/제약/식품 직무 임원/최종 면접 후기 알려주세요,바이오 제약 임원면접,바이오/제약/식품 직무 채용의 최종 단계 임원 면접은 어떻게 진행되나요?,바이오/제약/식품 직무 임원/최종 면접 분위기가 압박일까 봐 걱정인데 어떤가요?
369,412,CH-015,면접·인적성,연구·엔지니어링·제조기술,화학/에너지/환경 직무 임원/최종 면접은 어떤 분위기로 진행되는 편인가요?,"2025년 상반기 화학/에너지/환경 직무 면접 후기에 따르면 난이도는 '보통', 분위기는 '보통'로 평가된 사례가 있습니다. 1대 면접관 다수 면접 형태로 진행되었고, 임원/최종 면접 단계가 별도로 진행되었습니다. 예를 들어 '메가코스에 대해서 얼마나 알고 있나요?'와 같은 질문이 나온 사례가 있었습니다.",캐치(catch.co.kr) 면접후기 API 수집,캐치 면접후기 - 메가코스 (화학/에너지/환경),https://www.catch.co.kr/Comp/InterviewReview/IP4386 (InterviewID 63401),메가코스 화학/에너지/환경 면접 후기의 난이도·분위기·전형 유형 요약,2026-10-05,미검토,,중,"캐치(catch.co.kr) 면접후기 API 기반 수집, 원문 평가·팁(자유서술)은 저작권 보호를 위해 사용하지 않고 구조화 필드(난이도/분위기/전형유형/질문)만 근거로 재구성 | 수집일: 2026-10-05",N,"화학/에너지/환경 직무 임원 최종 면접 분위기는 대체로 어떤가요?,화학 에너지 환경 직무 최종 면접 분위기 어때?,화학/에너지/환경 임원면접 분위기 머임?,화학/에너지/환경 임원/최종 면접 분위기,저는 화학/에너지/환경 직무 최종 면접을 앞두고 있는데 임원 면접 분위기가 궁금해요,화학/에너지/환경 직무 임원/최종 면접 후기 알려주세요,에너지 환경 임원면접,화학/에너지/환경 직무 채용의 마지막 임원 면접 단계는 어떻게 진행되나요?,화학/에너지/환경 직무 임원/최종 면접이 딱딱한 분위기일까요?",화학/에너지/환경 직무 임원 최종 면접 분위기는 대체로 어떤가요?,화학 에너지 환경 직무 최종 면접 분위기 어때?,화학/에너지/환경 임원면접 분위기 머임?,화학/에너지/환경 임원/최종 면접 분위기,저는 화학/에너지/환경 직무 최종 면접을 앞두고 있는데 임원 면접 분위기가 궁금해요,화학/에너지/환경 직무 임원/최종 면접 후기 알려주세요,에너지 환경 임원면접,화학/에너지/환경 직무 채용의 마지막 임원 면접 단계는 어떻게 진행되나요?,화학/에너지/환경 직무 임원/최종 면접이 딱딱한 분위기일까요?
370,416,CH-019,면접·인적성,생산·물류·서비스,생산관리/공정관리/품질관리 직무 면접은 전반적으로 어떤 난이도와 분위기로 진행되나요?,"2026년 하반기 생산관리/공정관리/품질관리 직무 면접 후기에 따르면 난이도는 '다소 쉬움', 분위기는 '다소 편안함'로 평가된 사례가 있습니다. 그룹 면접 형태로 진행되었고, 실무진 역량 면접 위주로 진행되었습니다. 예를 들어 '우리 회사의 다른회사에 비해 장점과 내가 기여할수 있는점에 대해 설명해주세요.'와 같은 질문이 나온 사례가 있었습니다.",캐치(catch.co.kr) 면접후기 API 수집,캐치 면접후기 - 고려아연 (생산관리/공정관리/품질관리),https://www.catch.co.kr/Comp/InterviewReview/370380 (InterviewID 104726),고려아연 생산관리/공정관리/품질관리 면접 후기의 난이도·분위기·전형 유형 요약,2026-10-05,미검토,,중,"캐치(catch.co.kr) 면접후기 API 기반 수집, 원문 평가·팁(자유서술)은 저작권 보호를 위해 사용하지 않고 구조화 필드(난이도/분위기/전형유형/질문)만 근거로 재구성 | 수집일: 2026-10-05",N,"생산관리/공정관리/품질관리 직무 면접은 대체로 난이도와 분위기가 어떤가요?,생산관리 공정관리 품질관리 면접 어려워? 분위기 어때?,생관/공정관리/품질관리 면접 난이도 분위기 머임?,생산관리/공정관리/품질관리 면접 난이도 분위기,저는 생산관리/공정관리/품질관리 직무 면접을 준비 중인데 전반적인 난이도와 분위기가 궁금해요,생산관리/공정관리/품질관리 직무 면접 후기 알려주세요,공정관리 면접 분위기,생산관리/공정관리/품질관리 직무 채용 면접은 실무진 면접 위주로 어떻게 진행되나요?,생산관리/공정관리/품질관리 직무 면접이 어렵게 나올까 봐 걱정인데 어떤가요?",생산관리/공정관리/품질관리 직무 면접은 대체로 난이도와 분위기가 어떤가요?,생산관리 공정관리 품질관리 면접 어려워? 분위기 어때?,생관/공정관리/품질관리 면접 난이도 분위기 머임?,생산관리/공정관리/품질관리 면접 난이도 분위기,저는 생산관리/공정관리/품질관리 직무 면접을 준비 중인데 전반적인 난이도와 분위기가 궁금해요,생산관리/공정관리/품질관리 직무 면접 후기 알려주세요,공정관리 면접 분위기,생산관리/공정관리/품질관리 직무 채용 면접은 실무진 면접 위주로 어떻게 진행되나요?,생산관리/공정관리/품질관리 직무 면접이 어렵게 나올까 봐 걱정인데 어떤가요?
371,417,CH-020,면접·인적성,IT·개발·데이터,네트워크/서버/보안 직무 지원 시 AI면접은 어떤 난이도와 분위기로 진행되나요?,"2026년 하반기 네트워크/서버/보안 직무 면접 후기에 따르면 난이도는 '보통', 분위기는 '보통'로 평가된 사례가 있습니다. 그룹 면접 형태로 진행되었고, AI면접 전형이 먼저 진행된 뒤 대면 면접으로 이어졌습니다. 예를 들어 '해당 직무에 가장 중요하다고 생각하는 역량은?'와 같은 질문이 나온 사례가 있었습니다.",캐치(catch.co.kr) 면접후기 API 수집,캐치 면접후기 - 고려아연 (네트워크/서버/보안),https://www.catch.co.kr/Comp/InterviewReview/370380 (InterviewID 101590),고려아연 네트워크/서버/보안 면접 후기의 난이도·분위기·전형 유형 요약,2026-10-05,미검토,,중,"캐치(catch.co.kr) 면접후기 API 기반 수집, 원문 평가·팁(자유서술)은 저작권 보호를 위해 사용하지 않고 구조화 필드(난이도/분위기/전형유형/질문)만 근거로 재구성 | 수집일: 2026-10-05",N,"네트워크/서버/보안 직무 채용에서 AI면접 난이도와 분위기는 어떤 편인가요?,네트워크 서버 보안 직무 AI면접 어때? 어려워?,네트워크/서버/보안 AI면접 난이도 머 정도임?,네트워크/서버/보안 AI면접 난이도 분위기,저는 네트워크/서버/보안 직무에 지원했는데 AI면접이 어떤 분위기로 진행되는지 궁금해요,네트워크/서버/보안 직무 AI면접 후기 알려주세요,서버 보안 AI면접,네트워크/서버/보안 직무 채용 전형 중 AI면접 단계는 어떻게 진행되나요?,네트워크/서버/보안 직무 AI면접이 많이 까다로운가요?",네트워크/서버/보안 직무 채용에서 AI면접 난이도와 분위기는 어떤 편인가요?,네트워크 서버 보안 직무 AI면접 어때? 어려워?,네트워크/서버/보안 AI면접 난이도 머 정도임?,네트워크/서버/보안 AI면접 난이도 분위기,저는 네트워크/서버/보안 직무에 지원했는데 AI면접이 어떤 분위기로 진행되는지 궁금해요,네트워크/서버/보안 직무 AI면접 후기 알려주세요,서버 보안 AI면접,네트워크/서버/보안 직무 채용 전형 중 AI면접 단계는 어떻게 진행되나요?,네트워크/서버/보안 직무 AI면접이 많이 까다로운가요?
372,418,CH-021,면접·인적성,생산·물류·서비스,생산관리/공정관리/품질관리 직무 지원 시 AI면접은 어떤 난이도와 분위기로 진행되나요?,"2026년 하반기 생산관리/공정관리/품질관리 직무 면접 후기에 따르면 난이도는 '다소 쉬움', 분위기는 '매우 편안'로 평가된 사례가 있습니다. 그룹 면접 형태로 진행되었고, AI면접 전형이 먼저 진행된 뒤 대면 면접으로 이어졌습니다. 예를 들어 'PH에 대해서 설명을 하라고 하셨습니다.'와 같은 질문이 나온 사례가 있었습니다.",캐치(catch.co.kr) 면접후기 API 수집,캐치 면접후기 - 고려아연 (생산관리/공정관리/품질관리),https://www.catch.co.kr/Comp/InterviewReview/370380 (InterviewID 101293),고려아연 생산관리/공정관리/품질관리 면접 후기의 난이도·분위기·전형 유형 요약,2026-10-05,미검토,,중,"캐치(catch.co.kr) 면접후기 API 기반 수집, 원문 평가·팁(자유서술)은 저작권 보호를 위해 사용하지 않고 구조화 필드(난이도/분위기/전형유형/질문)만 근거로 재구성 | 수집일: 2026-10-05",N,"생산관리/공정관리/품질관리 직무 채용에서 AI면접 난이도와 분위기는 어떤가요?,생산관리 공정관리 품질관리 AI면접 어려워?,생관/공정관리/품질관리 AI면접 난이도 분위기 머임?,생산관리/공정관리/품질관리 AI면접 난이도 분위기,저는 생산관리/공정관리/품질관리 직무에 지원했는데 AI면접이 어떤지 궁금해요,생산관리/공정관리/품질관리 직무 AI면접 후기 알려주세요,품질관리 AI면접 후기,생산관리/공정관리/품질관리 직무 채용 전형의 AI면접 단계는 어떤 분위기인가요?,생산관리/공정관리/품질관리 직무 AI면접이 어렵게 나올까요?",생산관리/공정관리/품질관리 직무 채용에서 AI면접 난이도와 분위기는 어떤가요?,생산관리 공정관리 품질관리 AI면접 어려워?,생관/공정관리/품질관리 AI면접 난이도 분위기 머임?,생산관리/공정관리/품질관리 AI면접 난이도 분위기,저는 생산관리/공정관리/품질관리 직무에 지원했는데 AI면접이 어떤지 궁금해요,생산관리/공정관리/품질관리 직무 AI면접 후기 알려주세요,품질관리 AI면접 후기,생산관리/공정관리/품질관리 직무 채용 전형의 AI면접 단계는 어떤 분위기인가요?,생산관리/공정관리/품질관리 직무 AI면접이 어렵게 나올까요?
373,419,CH-022,면접·인적성,연구·엔지니어링·제조기술,화학/에너지/환경 직무 면접은 전반적으로 어떤 난이도와 분위기로 진행되나요?,"2026년 하반기 화학/에너지/환경 직무 면접 후기에 따르면 난이도는 '매우 쉬움', 분위기는 '매우 편안'로 평가된 사례가 있습니다. 그룹 면접 형태로 진행되었고, 실무진 역량 면접 위주로 진행되었습니다. 예를 들어 '우리 회사만의 세계에서의 경쟁력을 설명하시오.'와 같은 질문이 나온 사례가 있었습니다.",캐치(catch.co.kr) 면접후기 API 수집,캐치 면접후기 - 고려아연 (화학/에너지/환경),https://www.catch.co.kr/Comp/InterviewReview/370380 (InterviewID 101169),고려아연 화학/에너지/환경 면접 후기의 난이도·분위기·전형 유형 요약,2026-10-05,미검토,,중,"캐치(catch.co.kr) 면접후기 API 기반 수집, 원문 평가·팁(자유서술)은 저작권 보호를 위해 사용하지 않고 구조화 필드(난이도/분위기/전형유형/질문)만 근거로 재구성 | 수집일: 2026-10-05",N,"화학/에너지/환경 직무 면접은 대체로 난이도와 분위기가 어떤 편인가요?,화학 에너지 환경 직무 면접 어려워? 분위기 어때?,화학/에너지/환경 면접 난이도 분위기 후기 머임?,화학/에너지/환경 면접 난이도 분위기,저는 화학/에너지/환경 직무 면접을 앞두고 있는데 전반적인 난이도와 분위기가 궁금해요,화학/에너지/환경 직무 면접 후기 알려주세요,에너지 환경 면접 난이도,화학/에너지/환경 직무 채용 면접은 실무진 역량 면접 위주로 어떻게 진행되나요?,화학/에너지/환경 직무 면접이 많이 어려운 편인가요?",화학/에너지/환경 직무 면접은 대체로 난이도와 분위기가 어떤 편인가요?,화학 에너지 환경 직무 면접 어려워? 분위기 어때?,화학/에너지/환경 면접 난이도 분위기 후기 머임?,화학/에너지/환경 면접 난이도 분위기,저는 화학/에너지/환경 직무 면접을 앞두고 있는데 전반적인 난이도와 분위기가 궁금해요,화학/에너지/환경 직무 면접 후기 알려주세요,에너지 환경 면접 난이도,화학/에너지/환경 직무 채용 면접은 실무진 역량 면접 위주로 어떻게 진행되나요?,화학/에너지/환경 직무 면접이 많이 어려운 편인가요?
374,420,CH-023,면접·인적성,생산·물류·서비스,생산/제조/설비/조립 직무 면접은 전반적으로 어떤 난이도와 분위기로 진행되나요?,"2026년 하반기 생산/제조/설비/조립 직무 면접 후기에 따르면 난이도는 '보통', 분위기는 '보통'로 평가된 사례가 있습니다. 1대 면접관 다수 면접 형태로 진행되었고, 실무진 역량 면접 위주로 진행되었습니다. 예를 들어 '회사에서 가장 힘들었던 경험은 무엇이었나요'와 같은 질문이 나온 사례가 있었습니다.",캐치(catch.co.kr) 면접후기 API 수집,캐치 면접후기 - 고려아연 (생산/제조/설비/조립),https://www.catch.co.kr/Comp/InterviewReview/370380 (InterviewID 101085),고려아연 생산/제조/설비/조립 면접 후기의 난이도·분위기·전형 유형 요약,2026-10-05,미검토,,중,"캐치(catch.co.kr) 면접후기 API 기반 수집, 원문 평가·팁(자유서술)은 저작권 보호를 위해 사용하지 않고 구조화 필드(난이도/분위기/전형유형/질문)만 근거로 재구성 | 수집일: 2026-10-05",N,"생산/제조/설비/조립 직무 면접은 대체로 난이도와 분위기가 어떤가요?,생산 제조 설비 조립 직무 면접 어때? 어려워?,생산/제조/설비/조립 면접 난이도 분위기 머임?,생산/제조/설비/조립 면접 난이도 분위기,저는 생산/제조/설비/조립 직무 면접을 준비 중인데 전반적인 난이도와 분위기가 궁금해요,생산/제조/설비/조립 직무 면접 후기 알려주세요,설비 조립 면접 분위기,생산/제조/설비/조립 직무 채용 면접은 실무진 면접 위주로 어떻게 진행되나요?,생산/제조/설비/조립 직무 면접이 까다로울까 봐 걱정인데 어떤가요?",생산/제조/설비/조립 직무 면접은 대체로 난이도와 분위기가 어떤가요?,생산 제조 설비 조립 직무 면접 어때? 어려워?,생산/제조/설비/조립 면접 난이도 분위기 머임?,생산/제조/설비/조립 면접 난이도 분위기,저는 생산/제조/설비/조립 직무 면접을 준비 중인데 전반적인 난이도와 분위기가 궁금해요,생산/제조/설비/조립 직무 면접 후기 알려주세요,설비 조립 면접 분위기,생산/제조/설비/조립 직무 채용 면접은 실무진 면접 위주로 어떻게 진행되나요?,생산/제조/설비/조립 직무 면접이 까다로울까 봐 걱정인데 어떤가요?
375,422,CH-025,면접·인적성,영업·마케팅,일반영업 직무 면접에서 토론 전형은 어떤 식으로 진행되나요?,"2026년 하반기 일반영업 직무 면접 후기에 따르면 난이도는 '매우 쉬움', 분위기는 '매우 편안'로 평가된 사례가 있습니다. 그룹 면접 형태로 진행되었고, 토론 전형이 함께 진행되었습니다. 예를 들어 '본인을 잘 표현할 수 있는 자기소개해주세요'와 같은 질문이 나온 사례가 있었습니다.",캐치(catch.co.kr) 면접후기 API 수집,캐치 면접후기 - 토스뱅크 (일반영업),https://www.catch.co.kr/Comp/InterviewReview/JZ3432 (InterviewID 104725),토스뱅크 일반영업 면접 후기의 난이도·분위기·전형 유형 요약,2026-10-05,미검토,,중,"캐치(catch.co.kr) 면접후기 API 기반 수집, 원문 평가·팁(자유서술)은 저작권 보호를 위해 사용하지 않고 구조화 필드(난이도/분위기/전형유형/질문)만 근거로 재구성 | 수집일: 2026-10-05",N,"일반영업 직무 면접 중 토론 면접은 어떤 방식으로 이루어지나요?,일반영업 토론 면접 어떻게 진행돼?,일반영업 직무 토론면접 방식 머임?,일반영업 토론 전형 진행 방식,저는 일반영업 직무 면접에 토론 전형이 있다고 들었는데 어떻게 진행되는지 궁금해요,일반영업 직무 토론 면접 진행 방식 알려주세요,일반영업 토론면접,일반영업 직무 채용 면접의 토론 전형은 어떤 구성으로 진행되나요?,일반영업 직무 토론 면접이 많이 어려운가요?",일반영업 직무 면접 중 토론 면접은 어떤 방식으로 이루어지나요?,일반영업 토론 면접 어떻게 진행돼?,일반영업 직무 토론면접 방식 머임?,일반영업 토론 전형 진행 방식,저는 일반영업 직무 면접에 토론 전형이 있다고 들었는데 어떻게 진행되는지 궁금해요,일반영업 직무 토론 면접 진행 방식 알려주세요,일반영업 토론면접,일반영업 직무 채용 면접의 토론 전형은 어떤 구성으로 진행되나요?,일반영업 직무 토론 면접이 많이 어려운가요?
376,423,CH-026,면접·인적성,IT·개발·데이터,웹개발 직무 면접에서 PT(과제수행) 전형은 어떻게 준비하면 좋을까요?,"2026년 상반기 웹개발 직무 면접 후기에 따르면 난이도는 '다소 어려움', 분위기는 '보통'로 평가된 사례가 있습니다. 1대 면접관 다수 면접 형태로 진행되었고, PT(과제수행) 전형이 포함되어 사전 준비가 필요했습니다. 예를 들어 '객관적으로 본인의 역량이 상위 몇%라고 생각하는지.말해주세요'와 같은 질문이 나온 사례가 있었습니다.",캐치(catch.co.kr) 면접후기 API 수집,캐치 면접후기 - 토스뱅크 (웹개발),https://www.catch.co.kr/Comp/InterviewReview/JZ3432 (InterviewID 104439),토스뱅크 웹개발 면접 후기의 난이도·분위기·전형 유형 요약,2026-10-05,미검토,,중,"캐치(catch.co.kr) 면접후기 API 기반 수집, 원문 평가·팁(자유서술)은 저작권 보호를 위해 사용하지 않고 구조화 필드(난이도/분위기/전형유형/질문)만 근거로 재구성 | 수집일: 2026-10-05",N,"웹개발 직무 면접의 PT 과제수행 전형은 어떻게 대비해야 할까요?,웹개발 PT 면접 어떻게 준비해?,웹개발 직무 PT면접 준비 어케 함?,웹개발 PT 과제수행 전형 준비,저는 웹개발 직무 면접에 PT 전형이 있다고 해서 어떻게 준비할지 고민이에요,웹개발 직무 PT 과제수행 면접 준비 방법 알려주세요,웹개발 PT 준비,웹개발 직무 채용 면접의 PT 과제수행 전형은 사전에 무엇을 준비하면 되나요?,웹개발 PT 면접 준비가 부족하면 불리할까요?",웹개발 직무 면접의 PT 과제수행 전형은 어떻게 대비해야 할까요?,웹개발 PT 면접 어떻게 준비해?,웹개발 직무 PT면접 준비 어케 함?,웹개발 PT 과제수행 전형 준비,저는 웹개발 직무 면접에 PT 전형이 있다고 해서 어떻게 준비할지 고민이에요,웹개발 직무 PT 과제수행 면접 준비 방법 알려주세요,웹개발 PT 준비,웹개발 직무 채용 면접의 PT 과제수행 전형은 사전에 무엇을 준비하면 되나요?,웹개발 PT 면접 준비가 부족하면 불리할까요?
377,424,CH-027,면접·인적성,IT·개발·데이터,웹개발 직무 임원/최종 면접은 어떤 분위기로 진행되는 편인가요?,"2026년 상반기 웹개발 직무 면접 후기에 따르면 난이도는 '매우 어려움', 분위기는 '매우 편안'로 평가된 사례가 있습니다. 1:1 면접 형태로 진행되었고, 임원/최종 면접 단계가 별도로 진행되었습니다. 예를 들어 '응집도와 결합도에 대한 질문을 받았습니다.'와 같은 질문이 나온 사례가 있었습니다.",캐치(catch.co.kr) 면접후기 API 수집,캐치 면접후기 - 토스뱅크 (웹개발),https://www.catch.co.kr/Comp/InterviewReview/JZ3432 (InterviewID 104252),토스뱅크 웹개발 면접 후기의 난이도·분위기·전형 유형 요약,2026-10-05,미검토,,중,"캐치(catch.co.kr) 면접후기 API 기반 수집, 원문 평가·팁(자유서술)은 저작권 보호를 위해 사용하지 않고 구조화 필드(난이도/분위기/전형유형/질문)만 근거로 재구성 | 수집일: 2026-10-05",N,"웹개발 직무 임원 최종 면접 분위기는 대체로 어떤가요?,웹개발 직무 최종 면접 분위기 어때?,웹개발 임원면접 분위기 머임?,웹개발 임원/최종 면접 분위기,저는 웹개발 직무 최종 면접을 앞두고 있는데 임원 면접 분위기가 궁금해요,웹개발 직무 임원/최종 면접 후기 알려주세요,웹개발 임원면접,웹개발 직무 채용 마지막 단계인 임원 면접은 어떻게 진행되나요?,웹개발 직무 임원/최종 면접 분위기가 압박일까요?",웹개발 직무 임원 최종 면접 분위기는 대체로 어떤가요?,웹개발 직무 최종 면접 분위기 어때?,웹개발 임원면접 분위기 머임?,웹개발 임원/최종 면접 분위기,저는 웹개발 직무 최종 면접을 앞두고 있는데 임원 면접 분위기가 궁금해요,웹개발 직무 임원/최종 면접 후기 알려주세요,웹개발 임원면접,웹개발 직무 채용 마지막 단계인 임원 면접은 어떻게 진행되나요?,웹개발 직무 임원/최종 면접 분위기가 압박일까요?
378,425,CH-028,면접·인적성,경영·사무·인사,재무/세무/IR 직무 면접은 전반적으로 어떤 난이도와 분위기로 진행되나요?,"2026년 상반기 재무/세무/IR 직무 면접 후기에 따르면 난이도는 '보통', 분위기는 '매우 편안'로 평가된 사례가 있습니다. 1:1 면접 형태로 진행되었고, 실무진 역량 면접 위주로 진행되었습니다. 예를 들어 '퇴사사유에 대해서 자세히 말해주세요.'와 같은 질문이 나온 사례가 있었습니다.",캐치(catch.co.kr) 면접후기 API 수집,캐치 면접후기 - 토스뱅크 (재무/세무/IR),https://www.catch.co.kr/Comp/InterviewReview/JZ3432 (InterviewID 99887),토스뱅크 재무/세무/IR 면접 후기의 난이도·분위기·전형 유형 요약,2026-10-05,미검토,,중,"캐치(catch.co.kr) 면접후기 API 기반 수집, 원문 평가·팁(자유서술)은 저작권 보호를 위해 사용하지 않고 구조화 필드(난이도/분위기/전형유형/질문)만 근거로 재구성 | 수집일: 2026-10-05",N,"재무/세무/IR 직무 면접은 대체로 난이도와 분위기가 어떤 편인가요?,재무 세무 IR 직무 면접 어려워? 분위기 어때?,재무/세무/IR 면접 난이도 분위기 머임?,재무/세무/IR 면접 난이도 분위기,저는 재무/세무/IR 직무 면접을 앞두고 있는데 전반적인 난이도와 분위기가 궁금해요,재무/세무/IR 직무 면접 후기 알려주세요,세무 IR 면접 분위기,재무/세무/IR 직무 채용 면접은 실무진 역량 면접 위주로 어떻게 진행되나요?,재무/세무/IR 직무 면접이 딱딱하게 진행될까 봐 걱정인데 어떤가요?",재무/세무/IR 직무 면접은 대체로 난이도와 분위기가 어떤 편인가요?,재무 세무 IR 직무 면접 어려워? 분위기 어때?,재무/세무/IR 면접 난이도 분위기 머임?,재무/세무/IR 면접 난이도 분위기,저는 재무/세무/IR 직무 면접을 앞두고 있는데 전반적인 난이도와 분위기가 궁금해요,재무/세무/IR 직무 면접 후기 알려주세요,세무 IR 면접 분위기,재무/세무/IR 직무 채용 면접은 실무진 역량 면접 위주로 어떻게 진행되나요?,재무/세무/IR 직무 면접이 딱딱하게 진행될까 봐 걱정인데 어떤가요?
379,427,CH-030,면접·인적성,영업·마케팅,B2B영업/기술영업 직무 면접은 전반적으로 어떤 난이도와 분위기로 진행되나요?,"2026년 상반기 B2B영업/기술영업 직무 면접 후기에 따르면 난이도는 '보통', 분위기는 '보통'로 평가된 사례가 있습니다. 1:1 면접 형태로 진행되었고, 실무진 역량 면접 위주로 진행되었습니다. 예를 들어 '본인의 경험 중 이러한 성과를 낸 것이 있는데 구체적으로 어떤 행동을 통해서 도출된 결과인가요?'와 같은 질문이 나온 사례가 있었습니다.",캐치(catch.co.kr) 면접후기 API 수집,캐치 면접후기 - 토스뱅크 (B2B영업/기술영업),https://www.catch.co.kr/Comp/InterviewReview/JZ3432 (InterviewID 96284),토스뱅크 B2B영업/기술영업 면접 후기의 난이도·분위기·전형 유형 요약,2026-10-05,미검토,,중,"캐치(catch.co.kr) 면접후기 API 기반 수집, 원문 평가·팁(자유서술)은 저작권 보호를 위해 사용하지 않고 구조화 필드(난이도/분위기/전형유형/질문)만 근거로 재구성 | 수집일: 2026-10-05",N,"B2B영업/기술영업 직무 면접은 대체로 난이도와 분위기가 어떤가요?,B2B영업 기술영업 면접 어려워? 분위기 어때?,B2B영업/기술영업 면접 난이도 분위기 머임?,B2B영업/기술영업 면접 난이도 분위기,저는 B2B영업/기술영업 직무 면접을 준비 중인데 전반적인 난이도와 분위기가 궁금해요,B2B영업/기술영업 직무 면접 후기 알려주세요,기술영업 면접 분위기,B2B영업/기술영업 직무 채용 면접은 실무진 면접 위주로 어떻게 진행되나요?,B2B영업/기술영업 직무 면접이 많이 어려운 편인가요?",B2B영업/기술영업 직무 면접은 대체로 난이도와 분위기가 어떤가요?,B2B영업 기술영업 면접 어려워? 분위기 어때?,B2B영업/기술영업 면접 난이도 분위기 머임?,B2B영업/기술영업 면접 난이도 분위기,저는 B2B영업/기술영업 직무 면접을 준비 중인데 전반적인 난이도와 분위기가 궁금해요,B2B영업/기술영업 직무 면접 후기 알려주세요,기술영업 면접 분위기,B2B영업/기술영업 직무 채용 면접은 실무진 면접 위주로 어떻게 진행되나요?,B2B영업/기술영업 직무 면접이 많이 어려운 편인가요?
380,429,CH-032,면접·인적성,연구·엔지니어링·제조기술,환경/플랜트 직무 면접은 전반적으로 어떤 난이도와 분위기로 진행되나요?,"2026년 하반기 환경/플랜트 직무 면접 후기에 따르면 난이도는 '보통', 분위기는 '보통'로 평가된 사례가 있습니다. 1대 면접관 다수 면접 형태로 진행되었고, 실무진 역량 면접 위주로 진행되었습니다. 예를 들어 '우리 회사 제품에 대해 아는 것이 있다면 말씀해 주세요'와 같은 질문이 나온 사례가 있었습니다.",캐치(catch.co.kr) 면접후기 API 수집,캐치 면접후기 - 두산에너빌리티 (환경/플랜트),https://www.catch.co.kr/Comp/InterviewReview/382647 (InterviewID 103716),두산에너빌리티 환경/플랜트 면접 후기의 난이도·분위기·전형 유형 요약,2026-10-05,미검토,,중,"캐치(catch.co.kr) 면접후기 API 기반 수집, 원문 평가·팁(자유서술)은 저작권 보호를 위해 사용하지 않고 구조화 필드(난이도/분위기/전형유형/질문)만 근거로 재구성 | 수집일: 2026-10-05",N,"환경/플랜트 직무 면접은 대체로 난이도와 분위기가 어떤 편인가요?,환경 플랜트 직무 면접 어려워? 분위기 어때?,환경/플랜트 면접 난이도 분위기 머임?,환경/플랜트 면접 난이도 분위기,저는 환경/플랜트 직무 면접을 앞두고 있는데 전반적인 난이도와 분위기가 궁금해요,환경/플랜트 직무 면접 후기 알려주세요,플랜트 면접 분위기,환경/플랜트 직무 채용 면접은 실무진 역량 면접 위주로 어떻게 진행되나요?,환경/플랜트 직무 면접이 까다로울까 봐 걱정인데 어떤가요?",환경/플랜트 직무 면접은 대체로 난이도와 분위기가 어떤 편인가요?,환경 플랜트 직무 면접 어려워? 분위기 어때?,환경/플랜트 면접 난이도 분위기 머임?,환경/플랜트 면접 난이도 분위기,저는 환경/플랜트 직무 면접을 앞두고 있는데 전반적인 난이도와 분위기가 궁금해요,환경/플랜트 직무 면접 후기 알려주세요,플랜트 면접 분위기,환경/플랜트 직무 채용 면접은 실무진 역량 면접 위주로 어떻게 진행되나요?,환경/플랜트 직무 면접이 까다로울까 봐 걱정인데 어떤가요?
381,430,CH-033,면접·인적성,경영·사무·인사,인사/노무/교육 직무 면접은 전반적으로 어떤 난이도와 분위기로 진행되나요?,"2026년 상반기 인사/노무/교육 직무 면접 후기에 따르면 난이도는 '다소 쉬움', 분위기는 '보통'로 평가된 사례가 있습니다. 1대 면접관 다수 면접 형태로 진행되었고, 실무진 역량 면접 위주로 진행되었습니다. 예를 들어 '여긴 계약직 포지션인데, 다른 회사는 지원 안 했는지'와 같은 질문이 나온 사례가 있었습니다.",캐치(catch.co.kr) 면접후기 API 수집,캐치 면접후기 - 두산에너빌리티 (인사/노무/교육),https://www.catch.co.kr/Comp/InterviewReview/382647 (InterviewID 85079),두산에너빌리티 인사/노무/교육 면접 후기의 난이도·분위기·전형 유형 요약,2026-10-05,미검토,,중,"캐치(catch.co.kr) 면접후기 API 기반 수집, 원문 평가·팁(자유서술)은 저작권 보호를 위해 사용하지 않고 구조화 필드(난이도/분위기/전형유형/질문)만 근거로 재구성 | 수집일: 2026-10-05",N,"인사/노무/교육 직무 면접은 대체로 난이도와 분위기가 어떤가요?,인사 노무 교육 직무 면접 어려워? 분위기 어때?,인사/노무/교육 면접 난이도 분위기 머임?,인사/노무/교육 면접 난이도 분위기,저는 인사/노무/교육 직무 면접을 준비 중인데 전반적인 난이도와 분위기가 궁금해요,인사/노무/교육 직무 면접 후기 알려주세요,인사 노무 면접 분위기,인사/노무/교육 직무 채용 면접은 실무진 역량 면접 위주로 어떻게 진행되나요?,인사/노무/교육 직무 면접이 어렵게 나올까 봐 걱정인데 어떤가요?",인사/노무/교육 직무 면접은 대체로 난이도와 분위기가 어떤가요?,인사 노무 교육 직무 면접 어려워? 분위기 어때?,인사/노무/교육 면접 난이도 분위기 머임?,인사/노무/교육 면접 난이도 분위기,저는 인사/노무/교육 직무 면접을 준비 중인데 전반적인 난이도와 분위기가 궁금해요,인사/노무/교육 직무 면접 후기 알려주세요,인사 노무 면접 분위기,인사/노무/교육 직무 채용 면접은 실무진 역량 면접 위주로 어떻게 진행되나요?,인사/노무/교육 직무 면접이 어렵게 나올까 봐 걱정인데 어떤가요?
382,432,CH-035,면접·인적성,연구·엔지니어링·제조기술,기계설계/CAD/CAM 직무 면접에서 PT(과제수행) 전형은 어떻게 준비하면 좋을까요?,"2025년 하반기 기계설계/CAD/CAM 직무 면접 후기에 따르면 난이도는 '매우 어려움', 분위기는 '보통'로 평가된 사례가 있습니다. 1대 면접관 다수 면접 형태로 진행되었고, PT(과제수행) 전형이 포함되어 사전 준비가 필요했습니다. 예를 들어 '인적성 경우 빠르게 대답을 요했으며, 간단한 질문 질문 위주였습니다. 어떤 사람인지 긍정적인지 뭐 이런…'와 같은 질문이 나온 사례가 있었습니다.",캐치(catch.co.kr) 면접후기 API 수집,캐치 면접후기 - 두산에너빌리티 (기계설계/CAD/CAM),https://www.catch.co.kr/Comp/InterviewReview/382647 (InterviewID 97084),두산에너빌리티 기계설계/CAD/CAM 면접 후기의 난이도·분위기·전형 유형 요약,2026-10-05,미검토,,중,"캐치(catch.co.kr) 면접후기 API 기반 수집, 원문 평가·팁(자유서술)은 저작권 보호를 위해 사용하지 않고 구조화 필드(난이도/분위기/전형유형/질문)만 근거로 재구성 | 수집일: 2026-10-05",N,"기계설계/CAD/CAM 직무 면접의 PT 과제수행 전형은 어떻게 대비해야 할까요?,기계설계 CAD CAM 직무 PT 면접 어떻게 준비해?,기계설계/CAD/CAM PT면접 준비 어케 함?,기계설계/CAD/CAM PT 과제수행 전형 준비,저는 기계설계/CAD/CAM 직무 면접에 PT 전형이 있다고 해서 어떻게 준비할지 고민이에요,기계설계/CAD/CAM 직무 PT 과제수행 면접 준비 방법 알려주세요,기계설계 PT 준비,기계설계/CAD/CAM 직무 채용 면접의 PT 과제수행 전형은 사전에 무엇을 준비하면 되나요?,기계설계/CAD/CAM 직무 PT 면접이 많이 어렵다는데 준비 안 하면 불리할까요?",기계설계/CAD/CAM 직무 면접의 PT 과제수행 전형은 어떻게 대비해야 할까요?,기계설계 CAD CAM 직무 PT 면접 어떻게 준비해?,기계설계/CAD/CAM PT면접 준비 어케 함?,기계설계/CAD/CAM PT 과제수행 전형 준비,저는 기계설계/CAD/CAM 직무 면접에 PT 전형이 있다고 해서 어떻게 준비할지 고민이에요,기계설계/CAD/CAM 직무 PT 과제수행 면접 준비 방법 알려주세요,기계설계 PT 준비,기계설계/CAD/CAM 직무 채용 면접의 PT 과제수행 전형은 사전에 무엇을 준비하면 되나요?,기계설계/CAD/CAM 직무 PT 면접이 많이 어렵다는데 준비 안 하면 불리할까요?
383,433,CH-036,면접·인적성,생산·물류·서비스,생산/제조/설비/조립 직무 임원/최종 면접은 어떤 분위기로 진행되는 편인가요?,"2025년 하반기 생산/제조/설비/조립 직무 면접 후기에 따르면 난이도는 '다소 어려움', 분위기는 '보통'로 평가된 사례가 있습니다. 1대 면접관 다수 면접 형태로 진행되었고, 임원/최종 면접 단계가 별도로 진행되었습니다. 예를 들어 '목표를 세워 이뤄본 경험이 있습니까?'와 같은 질문이 나온 사례가 있었습니다.",캐치(catch.co.kr) 면접후기 API 수집,캐치 면접후기 - 두산에너빌리티 (생산/제조/설비/조립),https://www.catch.co.kr/Comp/InterviewReview/382647 (InterviewID 96309),두산에너빌리티 생산/제조/설비/조립 면접 후기의 난이도·분위기·전형 유형 요약,2026-10-05,미검토,,중,"캐치(catch.co.kr) 면접후기 API 기반 수집, 원문 평가·팁(자유서술)은 저작권 보호를 위해 사용하지 않고 구조화 필드(난이도/분위기/전형유형/질문)만 근거로 재구성 | 수집일: 2026-10-05",N,"생산/제조/설비/조립 직무 임원 최종 면접 분위기는 대체로 어떤가요?,생산 제조 설비 조립 직무 최종 면접 분위기 어때?,생산/제조/설비/조립 임원면접 분위기 머임?,생산/제조/설비/조립 임원/최종 면접 분위기,저는 생산/제조/설비/조립 직무 최종 면접을 앞두고 있는데 임원 면접 분위기가 궁금해요,생산/제조/설비/조립 직무 임원/최종 면접 후기 알려주세요,설비 조립 임원면접,생산/제조/설비/조립 직무 채용 마지막 단계인 임원 면접은 어떻게 진행되나요?,생산/제조/설비/조립 직무 임원/최종 면접 분위기가 딱딱할까요?",생산/제조/설비/조립 직무 임원 최종 면접 분위기는 대체로 어떤가요?,생산 제조 설비 조립 직무 최종 면접 분위기 어때?,생산/제조/설비/조립 임원면접 분위기 머임?,생산/제조/설비/조립 임원/최종 면접 분위기,저는 생산/제조/설비/조립 직무 최종 면접을 앞두고 있는데 임원 면접 분위기가 궁금해요,생산/제조/설비/조립 직무 임원/최종 면접 후기 알려주세요,설비 조립 임원면접,생산/제조/설비/조립 직무 채용 마지막 단계인 임원 면접은 어떻게 진행되나요?,생산/제조/설비/조립 직무 임원/최종 면접 분위기가 딱딱할까요?
384,434,CH-037,면접·인적성,경영·사무·인사,재무/세무/IR 직무 임원/최종 면접은 어떤 분위기로 진행되는 편인가요?,"2026년 하반기 재무/세무/IR 직무 면접 후기에 따르면 난이도는 '다소 어려움', 분위기는 '보통'로 평가된 사례가 있습니다. 그룹 면접 형태로 진행되었고, 임원/최종 면접 단계가 별도로 진행되었습니다. 예를 들어 '자기소개+지원동기, 소상공인이 뭐라고 생각하는지, 자영업이 뭐라고 생각하는지, 온누리상품권이 뭐라고 생…'와 같은 질문이 나온 사례가 있었습니다.",캐치(catch.co.kr) 면접후기 API 수집,캐치 면접후기 - 소상공인시장진흥공단 (재무/세무/IR),https://www.catch.co.kr/Comp/InterviewReview/L42347 (InterviewID 104721),소상공인시장진흥공단 재무/세무/IR 면접 후기의 난이도·분위기·전형 유형 요약,2026-10-05,미검토,,중,"캐치(catch.co.kr) 면접후기 API 기반 수집, 원문 평가·팁(자유서술)은 저작권 보호를 위해 사용하지 않고 구조화 필드(난이도/분위기/전형유형/질문)만 근거로 재구성 | 수집일: 2026-10-05",N,"재무/세무/IR 직무 임원 최종 면접 분위기는 대체로 어떤가요?,재무 세무 IR 직무 최종 면접 분위기 어때?,재무/세무/IR 임원면접 분위기 머임?,재무/세무/IR 임원/최종 면접 분위기,저는 재무/세무/IR 직무 최종 면접을 앞두고 있는데 임원 면접 분위기가 궁금해요,재무/세무/IR 직무 임원/최종 면접 후기 알려주세요,재무 IR 임원면접,재무/세무/IR 직무 채용 마지막 단계인 임원 면접은 어떻게 진행되나요?,재무/세무/IR 직무 임원/최종 면접이 압박 분위기일까요?",재무/세무/IR 직무 임원 최종 면접 분위기는 대체로 어떤가요?,재무 세무 IR 직무 최종 면접 분위기 어때?,재무/세무/IR 임원면접 분위기 머임?,재무/세무/IR 임원/최종 면접 분위기,저는 재무/세무/IR 직무 최종 면접을 앞두고 있는데 임원 면접 분위기가 궁금해요,재무/세무/IR 직무 임원/최종 면접 후기 알려주세요,재무 IR 임원면접,재무/세무/IR 직무 채용 마지막 단계인 임원 면접은 어떻게 진행되나요?,재무/세무/IR 직무 임원/최종 면접이 압박 분위기일까요?
385,435,CH-038,면접·인적성,경영·사무·인사,사무보조/문서작성 직무 면접은 전반적으로 어떤 난이도와 분위기로 진행되나요?,"2026년 상반기 사무보조/문서작성 직무 면접 후기에 따르면 난이도는 '다소 어려움', 분위기는 '매우 편안'로 평가된 사례가 있습니다. 그룹 면접 형태로 진행되었고, 실무진 역량 면접 위주로 진행되었습니다. 예를 들어 '우리 공단에 입사하게 된다면 어떤 부서에서 어떤 사업을 경험해보고 싶나요?'와 같은 질문이 나온 사례가 있었습니다.",캐치(catch.co.kr) 면접후기 API 수집,캐치 면접후기 - 소상공인시장진흥공단 (사무보조/문서작성),https://www.catch.co.kr/Comp/InterviewReview/L42347 (InterviewID 93396),소상공인시장진흥공단 사무보조/문서작성 면접 후기의 난이도·분위기·전형 유형 요약,2026-10-05,미검토,,중,"캐치(catch.co.kr) 면접후기 API 기반 수집, 원문 평가·팁(자유서술)은 저작권 보호를 위해 사용하지 않고 구조화 필드(난이도/분위기/전형유형/질문)만 근거로 재구성 | 수집일: 2026-10-05",N,"사무보조/문서작성 직무 면접은 대체로 난이도와 분위기가 어떤 편인가요?,사무보조 문서작성 직무 면접 어려워? 분위기 어때?,사무보조/문서작성 면접 난이도 분위기 머임?,사무보조/문서작성 면접 난이도 분위기,저는 사무보조/문서작성 직무 면접을 앞두고 있는데 전반적인 난이도와 분위기가 궁금해요,사무보조/문서작성 직무 면접 후기 알려주세요,사무보조 면접 분위기,사무보조/문서작성 직무 채용 면접은 실무진 역량 면접 위주로 어떻게 진행되나요?,사무보조/문서작성 직무 면접이 생각보다 어려울까요?",사무보조/문서작성 직무 면접은 대체로 난이도와 분위기가 어떤 편인가요?,사무보조 문서작성 직무 면접 어려워? 분위기 어때?,사무보조/문서작성 면접 난이도 분위기 머임?,사무보조/문서작성 면접 난이도 분위기,저는 사무보조/문서작성 직무 면접을 앞두고 있는데 전반적인 난이도와 분위기가 궁금해요,사무보조/문서작성 직무 면접 후기 알려주세요,사무보조 면접 분위기,사무보조/문서작성 직무 채용 면접은 실무진 역량 면접 위주로 어떻게 진행되나요?,사무보조/문서작성 직무 면접이 생각보다 어려울까요?
386,436,CH-039,면접·인적성,경영·사무·인사,재무/세무/IR 직무 면접에서 토론 전형은 어떤 식으로 진행되나요?,"2025년 하반기 재무/세무/IR 직무 면접 후기에 따르면 난이도는 '보통', 분위기는 '보통'로 평가된 사례가 있습니다. 그룹 면접 형태로 진행되었고, 토론 전형이 함께 진행되었습니다. 예를 들어 '우리 공단의 강,약점이 무엇인지 말해주세요.'와 같은 질문이 나온 사례가 있었습니다.",캐치(catch.co.kr) 면접후기 API 수집,캐치 면접후기 - 소상공인시장진흥공단 (재무/세무/IR),https://www.catch.co.kr/Comp/InterviewReview/L42347 (InterviewID 101907),소상공인시장진흥공단 재무/세무/IR 면접 후기의 난이도·분위기·전형 유형 요약,2026-10-05,미검토,,중,"캐치(catch.co.kr) 면접후기 API 기반 수집, 원문 평가·팁(자유서술)은 저작권 보호를 위해 사용하지 않고 구조화 필드(난이도/분위기/전형유형/질문)만 근거로 재구성 | 수집일: 2026-10-05",N,"재무/세무/IR 직무 면접 중 토론 면접은 어떤 방식으로 이루어지나요?,재무 세무 IR 직무 토론 면접 어떻게 진행돼?,재무/세무/IR 토론면접 방식 머임?,재무/세무/IR 토론 전형 진행 방식,저는 재무/세무/IR 직무 면접에 토론 전형이 있다고 들었는데 어떤 식으로 하는지 궁금해요,재무/세무/IR 직무 토론 면접 진행 방식 알려주세요,재무 세무 토론면접,재무/세무/IR 직무 채용 면접의 토론 전형은 어떤 구성으로 진행되나요?,재무/세무/IR 직무 토론 면접이 많이 어려운 편인가요?",재무/세무/IR 직무 면접 중 토론 면접은 어떤 방식으로 이루어지나요?,재무 세무 IR 직무 토론 면접 어떻게 진행돼?,재무/세무/IR 토론면접 방식 머임?,재무/세무/IR 토론 전형 진행 방식,저는 재무/세무/IR 직무 면접에 토론 전형이 있다고 들었는데 어떤 식으로 하는지 궁금해요,재무/세무/IR 직무 토론 면접 진행 방식 알려주세요,재무 세무 토론면접,재무/세무/IR 직무 채용 면접의 토론 전형은 어떤 구성으로 진행되나요?,재무/세무/IR 직무 토론 면접이 많이 어려운 편인가요?
387,438,CH-041,면접·인적성,IT·개발·데이터,빅데이터/AI 직무 면접에서 PT(과제수행) 전형은 어떻게 준비하면 좋을까요?,"2025년 하반기 빅데이터/AI 직무 면접 후기에 따르면 난이도는 '다소 어려움', 분위기는 '다소 편안함'로 평가된 사례가 있습니다. 1:1 면접·1대 면접관 다수 면접 형태로 진행되었고, PT(과제수행) 전형이 포함되어 사전 준비가 필요했습니다. 예를 들어 '입사하게 된다면 어떤 부서 또는 어떤 업무를 맡고싶은지 말해주세요'와 같은 질문이 나온 사례가 있었습니다.",캐치(catch.co.kr) 면접후기 API 수집,캐치 면접후기 - 소상공인시장진흥공단 (빅데이터/AI),https://www.catch.co.kr/Comp/InterviewReview/L42347 (InterviewID 94878),소상공인시장진흥공단 빅데이터/AI 면접 후기의 난이도·분위기·전형 유형 요약,2026-10-05,미검토,,중,"캐치(catch.co.kr) 면접후기 API 기반 수집, 원문 평가·팁(자유서술)은 저작권 보호를 위해 사용하지 않고 구조화 필드(난이도/분위기/전형유형/질문)만 근거로 재구성 | 수집일: 2026-10-05",N,"빅데이터/AI 직무 면접의 PT 과제수행 전형은 어떻게 대비해야 할까요?,빅데이터 AI 직무 PT 면접 어떻게 준비해?,빅데이터/AI PT면접 준비 어케 함?,빅데이터/AI PT 과제수행 전형 준비,저는 빅데이터/AI 직무 면접에 PT 전형이 있다고 해서 어떻게 준비할지 고민이에요,빅데이터/AI 직무 PT 과제수행 면접 준비 방법 알려주세요,빅데이터 PT 준비,빅데이터/AI 직무 채용 면접의 PT 과제수행 전형은 사전에 무엇을 준비하면 되나요?,빅데이터/AI 직무 PT 면접을 대충 준비하면 불리할까요?",빅데이터/AI 직무 면접의 PT 과제수행 전형은 어떻게 대비해야 할까요?,빅데이터 AI 직무 PT 면접 어떻게 준비해?,빅데이터/AI PT면접 준비 어케 함?,빅데이터/AI PT 과제수행 전형 준비,저는 빅데이터/AI 직무 면접에 PT 전형이 있다고 해서 어떻게 준비할지 고민이에요,빅데이터/AI 직무 PT 과제수행 면접 준비 방법 알려주세요,빅데이터 PT 준비,빅데이터/AI 직무 채용 면접의 PT 과제수행 전형은 사전에 무엇을 준비하면 되나요?,빅데이터/AI 직무 PT 면접을 대충 준비하면 불리할까요?
388,439,CH-042,면접·인적성,경영·사무·인사,사무/총무/법무 직무 지원 시 AI면접은 어떤 난이도와 분위기로 진행되나요?,"2025년 하반기 사무/총무/법무 직무 면접 후기에 따르면 난이도는 '다소 쉬움', 분위기는 '매우 편안'로 평가된 사례가 있습니다. 1:1 면접 형태로 진행되었고, AI면접 전형이 먼저 진행된 뒤 대면 면접으로 이어졌습니다. 예를 들어 '1분 30초 내로 자기소개를 해주세요'와 같은 질문이 나온 사례가 있었습니다.",캐치(catch.co.kr) 면접후기 API 수집,캐치 면접후기 - 소상공인시장진흥공단 (사무/총무/법무),https://www.catch.co.kr/Comp/InterviewReview/L42347 (InterviewID 90590),소상공인시장진흥공단 사무/총무/법무 면접 후기의 난이도·분위기·전형 유형 요약,2026-10-05,미검토,,중,"캐치(catch.co.kr) 면접후기 API 기반 수집, 원문 평가·팁(자유서술)은 저작권 보호를 위해 사용하지 않고 구조화 필드(난이도/분위기/전형유형/질문)만 근거로 재구성 | 수집일: 2026-10-05",N,"사무/총무/법무 직무 채용에서 AI면접 난이도와 분위기는 어떤 편인가요?,사무 총무 법무 직무 AI면접 어때? 어려워?,사무/총무/법무 AI면접 난이도 머 정도임?,사무/총무/법무 AI면접 난이도 분위기,저는 사무/총무/법무 직무에 지원했는데 AI면접이 어떤 분위기로 진행되는지 궁금해요,사무/총무/법무 직무 AI면접 후기 알려주세요,총무 법무 AI면접,사무/총무/법무 직무 채용 전형 중 AI면접 단계는 어떻게 진행되나요?,사무/총무/법무 직무 AI면접이 많이 까다로운가요?",사무/총무/법무 직무 채용에서 AI면접 난이도와 분위기는 어떤 편인가요?,사무 총무 법무 직무 AI면접 어때? 어려워?,사무/총무/법무 AI면접 난이도 머 정도임?,사무/총무/법무 AI면접 난이도 분위기,저는 사무/총무/법무 직무에 지원했는데 AI면접이 어떤 분위기로 진행되는지 궁금해요,사무/총무/법무 직무 AI면접 후기 알려주세요,총무 법무 AI면접,사무/총무/법무 직무 채용 전형 중 AI면접 단계는 어떻게 진행되나요?,사무/총무/법무 직무 AI면접이 많이 까다로운가요?
389,446,CH-049,면접·인적성,연구·엔지니어링·제조기술,자동차/조선/기계 직무 지원 시 AI면접은 어떤 난이도와 분위기로 진행되나요?,"2026년 하반기 자동차/조선/기계 직무 면접 후기에 따르면 난이도는 '매우 쉬움', 분위기는 '매우 편안'로 평가된 사례가 있습니다. 1:1 면접 형태로 진행되었고, AI면접 전형이 먼저 진행된 뒤 대면 면접으로 이어졌습니다. 예를 들어 '자기 자신에 대해서 간결하게 소개해주세요.'와 같은 질문이 나온 사례가 있었습니다.",캐치(catch.co.kr) 면접후기 API 수집,캐치 면접후기 - LIG D&A (자동차/조선/기계),https://www.catch.co.kr/Comp/InterviewReview/240137 (InterviewID 104717),LIG D&A 자동차/조선/기계 면접 후기의 난이도·분위기·전형 유형 요약,2026-10-05,미검토,,중,"캐치(catch.co.kr) 면접후기 API 기반 수집, 원문 평가·팁(자유서술)은 저작권 보호를 위해 사용하지 않고 구조화 필드(난이도/분위기/전형유형/질문)만 근거로 재구성 | 수집일: 2026-10-05",N,"자동차/조선/기계 직무 채용에서 AI면접 난이도와 분위기는 어떤가요?,자동차 조선 기계 직무 AI면접 어려워? 분위기 어때?,자동차/조선/기계 AI면접 난이도 머 정도임?,자동차/조선/기계 AI면접 난이도 분위기,저는 자동차/조선/기계 직무에 지원했는데 AI면접이 어떤 식으로 진행되는지 궁금해요,자동차/조선/기계 직무 AI면접 후기 알려주세요,조선 기계 AI면접,자동차/조선/기계 직무 채용 전형의 AI면접 단계는 어떤 분위기인가요?,자동차/조선/기계 직무 AI면접이 어렵게 나올까요?",자동차/조선/기계 직무 채용에서 AI면접 난이도와 분위기는 어떤가요?,자동차 조선 기계 직무 AI면접 어려워? 분위기 어때?,자동차/조선/기계 AI면접 난이도 머 정도임?,자동차/조선/기계 AI면접 난이도 분위기,저는 자동차/조선/기계 직무에 지원했는데 AI면접이 어떤 식으로 진행되는지 궁금해요,자동차/조선/기계 직무 AI면접 후기 알려주세요,조선 기계 AI면접,자동차/조선/기계 직무 채용 전형의 AI면접 단계는 어떤 분위기인가요?,자동차/조선/기계 직무 AI면접이 어렵게 나올까요?
390,447,CH-050,면접·인적성,연구·엔지니어링·제조기술,기계설계/CAD/CAM 직무 지원 시 AI면접은 어떤 난이도와 분위기로 진행되나요?,"2026년 하반기 기계설계/CAD/CAM 직무 면접 후기에 따르면 난이도는 '다소 쉬움', 분위기는 '다소 편안함'로 평가된 사례가 있습니다. 1:1 면접 형태로 진행되었고, AI면접 전형이 먼저 진행된 뒤 대면 면접으로 이어졌습니다. 예를 들어 '협업 경험에 대해 물어보고, 꼬리 질문으로 지금이라면 어떻게 행동했을지 말해주세요'와 같은 질문이 나온 사례가 있었습니다.",캐치(catch.co.kr) 면접후기 API 수집,캐치 면접후기 - LIG D&A (기계설계/CAD/CAM),https://www.catch.co.kr/Comp/InterviewReview/240137 (InterviewID 104654),LIG D&A 기계설계/CAD/CAM 면접 후기의 난이도·분위기·전형 유형 요약,2026-10-05,미검토,,중,"캐치(catch.co.kr) 면접후기 API 기반 수집, 원문 평가·팁(자유서술)은 저작권 보호를 위해 사용하지 않고 구조화 필드(난이도/분위기/전형유형/질문)만 근거로 재구성 | 수집일: 2026-10-05",N,"기계설계/CAD/CAM 직무 채용에서 AI면접 난이도와 분위기는 어떤 편인가요?,기계설계 CAD CAM 직무 AI면접 어때? 어려워?,기계설계/CAD/CAM AI면접 난이도 머 정도임?,기계설계/CAD/CAM AI면접 난이도 분위기,저는 기계설계/CAD/CAM 직무에 지원했는데 AI면접이 어떤 분위기인지 궁금해요,기계설계/CAD/CAM 직무 AI면접 후기 알려주세요,기계설계 AI면접 후기,기계설계/CAD/CAM 직무 채용 전형 중 AI면접은 실제로 어떻게 진행되나요?,기계설계/CAD/CAM 직무 AI면접이 많이 어려운가요?",기계설계/CAD/CAM 직무 채용에서 AI면접 난이도와 분위기는 어떤 편인가요?,기계설계 CAD CAM 직무 AI면접 어때? 어려워?,기계설계/CAD/CAM AI면접 난이도 머 정도임?,기계설계/CAD/CAM AI면접 난이도 분위기,저는 기계설계/CAD/CAM 직무에 지원했는데 AI면접이 어떤 분위기인지 궁금해요,기계설계/CAD/CAM 직무 AI면접 후기 알려주세요,기계설계 AI면접 후기,기계설계/CAD/CAM 직무 채용 전형 중 AI면접은 실제로 어떻게 진행되나요?,기계설계/CAD/CAM 직무 AI면접이 많이 어려운가요?
391,448,CH-051,면접·인적성,연구·엔지니어링·제조기술,전기/전자/제어 직무 면접은 전반적으로 어떤 난이도와 분위기로 진행되나요?,"2026년 하반기 전기/전자/제어 직무 면접 후기에 따르면 난이도는 '보통', 분위기는 '보통'로 평가된 사례가 있습니다. 1:1 면접 형태로 진행되었고, 실무진 역량 면접 위주로 진행되었습니다. 예를 들어 '살아오면서 갈등이 발생한 경험이 있나요?'와 같은 질문이 나온 사례가 있었습니다.",캐치(catch.co.kr) 면접후기 API 수집,캐치 면접후기 - LIG D&A (전기/전자/제어),https://www.catch.co.kr/Comp/InterviewReview/240137 (InterviewID 104645),LIG D&A 전기/전자/제어 면접 후기의 난이도·분위기·전형 유형 요약,2026-10-05,미검토,,중,"캐치(catch.co.kr) 면접후기 API 기반 수집, 원문 평가·팁(자유서술)은 저작권 보호를 위해 사용하지 않고 구조화 필드(난이도/분위기/전형유형/질문)만 근거로 재구성 | 수집일: 2026-10-05",N,"전기/전자/제어 직무 면접은 대체로 난이도와 분위기가 어떤가요?,전기 전자 제어 직무 면접 어려워? 분위기 어때?,전기/전자/제어 면접 난이도 분위기 머임?,전기/전자/제어 면접 난이도 분위기,저는 전기/전자/제어 직무 면접을 준비 중인데 전반적인 난이도와 분위기가 궁금해요,전기/전자/제어 직무 면접 후기 알려주세요,전자 제어 면접 분위기,전기/전자/제어 직무 채용 면접은 실무진 역량 면접 위주로 어떻게 진행되나요?,전기/전자/제어 직무 면접이 까다로울까 봐 걱정인데 어떤가요?",전기/전자/제어 직무 면접은 대체로 난이도와 분위기가 어떤가요?,전기 전자 제어 직무 면접 어려워? 분위기 어때?,전기/전자/제어 면접 난이도 분위기 머임?,전기/전자/제어 면접 난이도 분위기,저는 전기/전자/제어 직무 면접을 준비 중인데 전반적인 난이도와 분위기가 궁금해요,전기/전자/제어 직무 면접 후기 알려주세요,전자 제어 면접 분위기,전기/전자/제어 직무 채용 면접은 실무진 역량 면접 위주로 어떻게 진행되나요?,전기/전자/제어 직무 면접이 까다로울까 봐 걱정인데 어떤가요?
392,451,CH-054,면접·인적성,연구·엔지니어링·제조기술,자동차/조선/기계 직무 면접에서 PT(과제수행) 전형은 어떻게 준비하면 좋을까요?,"2026년 하반기 자동차/조선/기계 직무 면접 후기에 따르면 난이도는 '보통', 분위기는 '다소 경직'로 평가된 사례가 있습니다. 그룹 면접 형태로 진행되었고, PT(과제수행) 전형이 포함되어 사전 준비가 필요했습니다. 예를 들어 '왜 방산업계인지, 왜 많은 회사 중 우리 회사인지'와 같은 질문이 나온 사례가 있었습니다.",캐치(catch.co.kr) 면접후기 API 수집,캐치 면접후기 - LIG D&A (자동차/조선/기계),https://www.catch.co.kr/Comp/InterviewReview/240137 (InterviewID 101196),LIG D&A 자동차/조선/기계 면접 후기의 난이도·분위기·전형 유형 요약,2026-10-05,미검토,,중,"캐치(catch.co.kr) 면접후기 API 기반 수집, 원문 평가·팁(자유서술)은 저작권 보호를 위해 사용하지 않고 구조화 필드(난이도/분위기/전형유형/질문)만 근거로 재구성 | 수집일: 2026-10-05",N,"자동차/조선/기계 직무 면접의 PT 과제수행 전형은 어떻게 대비해야 할까요?,자동차 조선 기계 직무 PT 면접 어떻게 준비해?,자동차/조선/기계 PT면접 준비 어케 함?,자동차/조선/기계 PT 과제수행 전형 준비,저는 자동차/조선/기계 직무 면접에 PT 전형이 있다고 해서 어떻게 준비할지 고민이에요,자동차/조선/기계 직무 PT 과제수행 면접 준비 방법 알려주세요,조선 기계 PT 준비,자동차/조선/기계 직무 채용 면접의 PT 과제수행 전형은 사전에 무엇을 준비하면 되나요?,자동차/조선/기계 직무 PT 면접 분위기가 경직돼 있다는데 괜찮을까요?",자동차/조선/기계 직무 면접의 PT 과제수행 전형은 어떻게 대비해야 할까요?,자동차 조선 기계 직무 PT 면접 어떻게 준비해?,자동차/조선/기계 PT면접 준비 어케 함?,자동차/조선/기계 PT 과제수행 전형 준비,저는 자동차/조선/기계 직무 면접에 PT 전형이 있다고 해서 어떻게 준비할지 고민이에요,자동차/조선/기계 직무 PT 과제수행 면접 준비 방법 알려주세요,조선 기계 PT 준비,자동차/조선/기계 직무 채용 면접의 PT 과제수행 전형은 사전에 무엇을 준비하면 되나요?,자동차/조선/기계 직무 PT 면접 분위기가 경직돼 있다는데 괜찮을까요?
393,452,CH-055,면접·인적성,연구·엔지니어링·제조기술,바이오/제약/식품 직무 면접에서 PT(과제수행) 전형은 어떻게 준비하면 좋을까요?,"2026년 하반기 바이오/제약/식품 직무 면접 후기에 따르면 난이도는 '보통', 분위기는 '보통'로 평가된 사례가 있습니다. 1대 면접관 다수 면접 형태로 진행되었고, PT(과제수행) 전형이 포함되어 사전 준비가 필요했습니다. 예를 들어 '회사 제품에 대해 알고 있는 점을 질문'와 같은 질문이 나온 사례가 있었습니다.",캐치(catch.co.kr) 면접후기 API 수집,캐치 면접후기 - 파마리서치 (바이오/제약/식품),https://www.catch.co.kr/Comp/InterviewReview/020213 (InterviewID 104715),파마리서치 바이오/제약/식품 면접 후기의 난이도·분위기·전형 유형 요약,2026-10-05,미검토,,중,"캐치(catch.co.kr) 면접후기 API 기반 수집, 원문 평가·팁(자유서술)은 저작권 보호를 위해 사용하지 않고 구조화 필드(난이도/분위기/전형유형/질문)만 근거로 재구성 | 수집일: 2026-10-05",N,"바이오/제약/식품 직무 면접의 PT 과제수행 전형은 어떻게 대비해야 할까요?,바이오 제약 식품 직무 PT 면접 어떻게 준비해?,바이오/제약/식품 PT면접 준비 어케 함?,바이오/제약/식품 PT 과제수행 전형 준비,저는 바이오/제약/식품 직무 면접에 PT 전형이 있다고 해서 어떻게 준비할지 고민이에요,바이오/제약/식품 직무 PT 과제수행 면접 준비 방법 알려주세요,바이오 제약 PT 준비,바이오/제약/식품 직무 채용 면접의 PT 과제수행 전형은 사전에 무엇을 준비하면 되나요?,바이오/제약/식품 직무 PT 면접 준비가 부족하면 불리할까요?",바이오/제약/식품 직무 면접의 PT 과제수행 전형은 어떻게 대비해야 할까요?,바이오 제약 식품 직무 PT 면접 어떻게 준비해?,바이오/제약/식품 PT면접 준비 어케 함?,바이오/제약/식품 PT 과제수행 전형 준비,저는 바이오/제약/식품 직무 면접에 PT 전형이 있다고 해서 어떻게 준비할지 고민이에요,바이오/제약/식품 직무 PT 과제수행 면접 준비 방법 알려주세요,바이오 제약 PT 준비,바이오/제약/식품 직무 채용 면접의 PT 과제수행 전형은 사전에 무엇을 준비하면 되나요?,바이오/제약/식품 직무 PT 면접 준비가 부족하면 불리할까요?
394,457,CH-060,면접·인적성,영업·마케팅,마케팅/PR/분석 직무 임원/최종 면접은 어떤 분위기로 진행되는 편인가요?,"2026년 상반기 마케팅/PR/분석 직무 면접 후기에 따르면 난이도는 '보통', 분위기는 '보통'로 평가된 사례가 있습니다. 1대 면접관 다수 면접·그룹 면접 형태로 진행되었고, 임원/최종 면접 단계가 별도로 진행되었습니다. 예를 들어 '자기소개를 해주세요.'와 같은 질문이 나온 사례가 있었습니다.",캐치(catch.co.kr) 면접후기 API 수집,캐치 면접후기 - 파마리서치 (마케팅/PR/분석),https://www.catch.co.kr/Comp/InterviewReview/020213 (InterviewID 90681),파마리서치 마케팅/PR/분석 면접 후기의 난이도·분위기·전형 유형 요약,2026-10-05,미검토,,중,"캐치(catch.co.kr) 면접후기 API 기반 수집, 원문 평가·팁(자유서술)은 저작권 보호를 위해 사용하지 않고 구조화 필드(난이도/분위기/전형유형/질문)만 근거로 재구성 | 수집일: 2026-10-05",N,"마케팅/PR/분석 직무 임원 최종 면접 분위기는 대체로 어떤가요?,마케팅 PR 분석 직무 최종 면접 분위기 어때?,마케팅/PR/분석 임원면접 분위기 머임?,마케팅/PR/분석 임원/최종 면접 분위기,저는 마케팅/PR/분석 직무 최종 면접을 앞두고 있는데 임원 면접 분위기가 궁금해요,마케팅/PR/분석 직무 임원/최종 면접 후기 알려주세요,마케팅 PR 임원면접,마케팅/PR/분석 직무 채용 마지막 단계인 임원 면접은 어떻게 진행되나요?,마케팅/PR/분석 직무 임원/최종 면접이 압박 분위기일까요?",마케팅/PR/분석 직무 임원 최종 면접 분위기는 대체로 어떤가요?,마케팅 PR 분석 직무 최종 면접 분위기 어때?,마케팅/PR/분석 임원면접 분위기 머임?,마케팅/PR/분석 임원/최종 면접 분위기,저는 마케팅/PR/분석 직무 최종 면접을 앞두고 있는데 임원 면접 분위기가 궁금해요,마케팅/PR/분석 직무 임원/최종 면접 후기 알려주세요,마케팅 PR 임원면접,마케팅/PR/분석 직무 채용 마지막 단계인 임원 면접은 어떻게 진행되나요?,마케팅/PR/분석 직무 임원/최종 면접이 압박 분위기일까요?
395,458,CH-061,면접·인적성,연구·엔지니어링·제조기술,전기/전자/제어 직무 임원/최종 면접은 어떤 분위기로 진행되는 편인가요?,"2026년 하반기 전기/전자/제어 직무 면접 후기에 따르면 난이도는 '다소 쉬움', 분위기는 '매우 편안'로 평가된 사례가 있습니다. 1대 면접관 다수 면접 형태로 진행되었고, 임원/최종 면접 단계가 별도로 진행되었습니다. 예를 들어 '갈등 상황이 발생했을때 해결방안을 말씀해주세요'와 같은 질문이 나온 사례가 있었습니다.",캐치(catch.co.kr) 면접후기 API 수집,캐치 면접후기 - 한국전력학원 (전기/전자/제어),https://www.catch.co.kr/Comp/InterviewReview/072012 (InterviewID 104703),한국전력학원 전기/전자/제어 면접 후기의 난이도·분위기·전형 유형 요약,2026-10-05,미검토,,중,"캐치(catch.co.kr) 면접후기 API 기반 수집, 원문 평가·팁(자유서술)은 저작권 보호를 위해 사용하지 않고 구조화 필드(난이도/분위기/전형유형/질문)만 근거로 재구성 | 수집일: 2026-10-05",N,"전기/전자/제어 직무 임원 최종 면접 분위기는 대체로 어떤가요?,전기 전자 제어 직무 최종 면접 분위기 어때?,전기/전자/제어 임원면접 분위기 머임?,전기/전자/제어 임원/최종 면접 분위기,저는 전기/전자/제어 직무 최종 면접을 앞두고 있는데 임원 면접 분위기가 궁금해요,전기/전자/제어 직무 임원/최종 면접 후기 알려주세요,전자 제어 임원면접,전기/전자/제어 직무 채용 마지막 단계인 임원 면접은 어떻게 진행되나요?,전기/전자/제어 직무 임원/최종 면접이 딱딱한 분위기일까요?",전기/전자/제어 직무 임원 최종 면접 분위기는 대체로 어떤가요?,전기 전자 제어 직무 최종 면접 분위기 어때?,전기/전자/제어 임원면접 분위기 머임?,전기/전자/제어 임원/최종 면접 분위기,저는 전기/전자/제어 직무 최종 면접을 앞두고 있는데 임원 면접 분위기가 궁금해요,전기/전자/제어 직무 임원/최종 면접 후기 알려주세요,전자 제어 임원면접,전기/전자/제어 직무 채용 마지막 단계인 임원 면접은 어떻게 진행되나요?,전기/전자/제어 직무 임원/최종 면접이 딱딱한 분위기일까요?
396,464,CH-067,면접·인적성,경영·사무·인사,경리/회계/결산 직무 면접은 전반적으로 어떤 난이도와 분위기로 진행되나요?,"2026년 하반기 경리/회계/결산 직무 면접 후기에 따르면 난이도는 '보통', 분위기는 '매우 편안'로 평가된 사례가 있습니다. 그룹 면접 형태로 진행되었고, 실무진 역량 면접 위주로 진행되었습니다. 예를 들어 '우리 회사의 아쉬운 점은 무엇인가요?'와 같은 질문이 나온 사례가 있었습니다.",캐치(catch.co.kr) 면접후기 API 수집,캐치 면접후기 - 위펀 (경리/회계/결산),https://www.catch.co.kr/Comp/InterviewReview/JJ6243 (InterviewID 104701),위펀 경리/회계/결산 면접 후기의 난이도·분위기·전형 유형 요약,2026-10-05,미검토,,중,"캐치(catch.co.kr) 면접후기 API 기반 수집, 원문 평가·팁(자유서술)은 저작권 보호를 위해 사용하지 않고 구조화 필드(난이도/분위기/전형유형/질문)만 근거로 재구성 | 수집일: 2026-10-05",N,"경리/회계/결산 직무 면접은 대체로 난이도와 분위기가 어떤 편인가요?,경리 회계 결산 직무 면접 어려워? 분위기 어때?,경리/회계/결산 면접 난이도 분위기 머임?,경리/회계/결산 면접 난이도 분위기,저는 경리/회계/결산 직무 면접을 앞두고 있는데 전반적인 난이도와 분위기가 궁금해요,경리/회계/결산 직무 면접 후기 알려주세요,경리 회계 면접 분위기,경리/회계/결산 직무 채용 면접은 실무진 역량 면접 위주로 어떻게 진행되나요?,경리/회계/결산 직무 면접이 어렵게 나올까 봐 걱정인데 어떤가요?",경리/회계/결산 직무 면접은 대체로 난이도와 분위기가 어떤 편인가요?,경리 회계 결산 직무 면접 어려워? 분위기 어때?,경리/회계/결산 면접 난이도 분위기 머임?,경리/회계/결산 면접 난이도 분위기,저는 경리/회계/결산 직무 면접을 앞두고 있는데 전반적인 난이도와 분위기가 궁금해요,경리/회계/결산 직무 면접 후기 알려주세요,경리 회계 면접 분위기,경리/회계/결산 직무 채용 면접은 실무진 역량 면접 위주로 어떻게 진행되나요?,경리/회계/결산 직무 면접이 어렵게 나올까 봐 걱정인데 어떤가요?
397,465,CH-068,면접·인적성,영업·마케팅,마케팅/PR/분석 직무 면접은 전반적으로 어떤 난이도와 분위기로 진행되나요?,"2026년 상반기 마케팅/PR/분석 직무 면접 후기에 따르면 난이도는 '보통', 분위기는 '매우 편안'로 평가된 사례가 있습니다. 1대 면접관 다수 면접 형태로 진행되었고, 실무진 역량 면접 위주로 진행되었습니다. 예를 들어 '이 직무와 지원자가 잘 맞는다고 생각하는지?'와 같은 질문이 나온 사례가 있었습니다.",캐치(catch.co.kr) 면접후기 API 수집,캐치 면접후기 - 위펀 (마케팅/PR/분석),https://www.catch.co.kr/Comp/InterviewReview/JJ6243 (InterviewID 94226),위펀 마케팅/PR/분석 면접 후기의 난이도·분위기·전형 유형 요약,2026-10-05,미검토,,중,"캐치(catch.co.kr) 면접후기 API 기반 수집, 원문 평가·팁(자유서술)은 저작권 보호를 위해 사용하지 않고 구조화 필드(난이도/분위기/전형유형/질문)만 근거로 재구성 | 수집일: 2026-10-05",N,"마케팅/PR/분석 직무 면접은 대체로 난이도와 분위기가 어떤가요?,마케팅 PR 분석 직무 면접 어려워? 분위기 어때?,마케팅/PR/분석 면접 난이도 분위기 머임?,마케팅/PR/분석 면접 난이도 분위기,저는 마케팅/PR/분석 직무 면접을 준비 중인데 전반적인 난이도와 분위기가 궁금해요,마케팅/PR/분석 직무 면접 후기 알려주세요,마케팅 PR 면접 난이도,마케팅/PR/분석 직무 채용 면접은 실무진 역량 면접 위주로 어떻게 진행되나요?,마케팅/PR/분석 직무 면접이 딱딱하게 진행될까요?",마케팅/PR/분석 직무 면접은 대체로 난이도와 분위기가 어떤가요?,마케팅 PR 분석 직무 면접 어려워? 분위기 어때?,마케팅/PR/분석 면접 난이도 분위기 머임?,마케팅/PR/분석 면접 난이도 분위기,저는 마케팅/PR/분석 직무 면접을 준비 중인데 전반적인 난이도와 분위기가 궁금해요,마케팅/PR/분석 직무 면접 후기 알려주세요,마케팅 PR 면접 난이도,마케팅/PR/분석 직무 채용 면접은 실무진 역량 면접 위주로 어떻게 진행되나요?,마케팅/PR/분석 직무 면접이 딱딱하게 진행될까요?
398,466,CH-069,면접·인적성,영업·마케팅,일반영업 직무 면접은 전반적으로 어떤 난이도와 분위기로 진행되나요?,"2025년 하반기 일반영업 직무 면접 후기에 따르면 난이도는 '매우 쉬움', 분위기는 '매우 편안'로 평가된 사례가 있습니다. 1:1 면접 형태로 진행되었고, 실무진 역량 면접 위주로 진행되었습니다. 예를 들어 '우리 회사에 대해 아는대로 말해주세요'와 같은 질문이 나온 사례가 있었습니다.",캐치(catch.co.kr) 면접후기 API 수집,캐치 면접후기 - 위펀 (일반영업),https://www.catch.co.kr/Comp/InterviewReview/JJ6243 (InterviewID 90706),위펀 일반영업 면접 후기의 난이도·분위기·전형 유형 요약,2026-10-05,미검토,,중,"캐치(catch.co.kr) 면접후기 API 기반 수집, 원문 평가·팁(자유서술)은 저작권 보호를 위해 사용하지 않고 구조화 필드(난이도/분위기/전형유형/질문)만 근거로 재구성 | 수집일: 2026-10-05",N,"일반영업 직무 면접은 대체로 난이도와 분위기가 어떤 편인가요?,일반영업 직무 면접 어려워? 분위기 어때?,일반영업 면접 난이도 분위기 머임?,일반영업 면접 난이도 분위기,저는 일반영업 직무 면접을 앞두고 있는데 전반적인 난이도와 분위기가 궁금해요,일반영업 직무 면접 후기 알려주세요,일반영업 면접 후기,일반영업 직무 채용 면접은 실무진 역량 면접 위주로 어떻게 진행되나요?,일반영업 직무 면접이 많이 어려울까요?",일반영업 직무 면접은 대체로 난이도와 분위기가 어떤 편인가요?,일반영업 직무 면접 어려워? 분위기 어때?,일반영업 면접 난이도 분위기 머임?,일반영업 면접 난이도 분위기,저는 일반영업 직무 면접을 앞두고 있는데 전반적인 난이도와 분위기가 궁금해요,일반영업 직무 면접 후기 알려주세요,일반영업 면접 후기,일반영업 직무 채용 면접은 실무진 역량 면접 위주로 어떻게 진행되나요?,일반영업 직무 면접이 많이 어려울까요?
399,469,CH-072,면접·인적성,영업·마케팅,영업관리/지원/영업기획 직무 면접은 전반적으로 어떤 난이도와 분위기로 진행되나요?,"2024년 하반기 영업관리/지원/영업기획 직무 면접 후기에 따르면 난이도는 '보통', 분위기는 '매우 편안'로 평가된 사례가 있습니다. 1:1 면접 형태로 진행되었고, 실무진 역량 면접 위주로 진행되었습니다. 예를 들어 '지원한 포지션으로 어떻게 기여할 수 있는지'와 같은 질문이 나온 사례가 있었습니다.",캐치(catch.co.kr) 면접후기 API 수집,캐치 면접후기 - 위펀 (영업관리/지원/영업기획),https://www.catch.co.kr/Comp/InterviewReview/JJ6243 (InterviewID 47959),위펀 영업관리/지원/영업기획 면접 후기의 난이도·분위기·전형 유형 요약,2026-10-05,미검토,,중,"캐치(catch.co.kr) 면접후기 API 기반 수집, 원문 평가·팁(자유서술)은 저작권 보호를 위해 사용하지 않고 구조화 필드(난이도/분위기/전형유형/질문)만 근거로 재구성 | 수집일: 2026-10-05",N,"영업관리/지원/영업기획 직무 면접은 대체로 난이도와 분위기가 어떤가요?,영업관리 영업기획 직무 면접 어려워? 분위기 어때?,영업관리/지원/영업기획 면접 난이도 분위기 머임?,영업관리/지원/영업기획 면접 난이도 분위기,저는 영업관리/지원/영업기획 직무 면접을 준비 중인데 전반적인 난이도와 분위기가 궁금해요,영업관리/지원/영업기획 직무 면접 후기 알려주세요,영업기획 면접 분위기,영업관리/지원/영업기획 직무 채용 면접은 실무진 역량 면접 위주로 어떻게 진행되나요?,영업관리/지원/영업기획 직무 면접이 까다로울까 봐 걱정인데 어떤가요?",영업관리/지원/영업기획 직무 면접은 대체로 난이도와 분위기가 어떤가요?,영업관리 영업기획 직무 면접 어려워? 분위기 어때?,영업관리/지원/영업기획 면접 난이도 분위기 머임?,영업관리/지원/영업기획 면접 난이도 분위기,저는 영업관리/지원/영업기획 직무 면접을 준비 중인데 전반적인 난이도와 분위기가 궁금해요,영업관리/지원/영업기획 직무 면접 후기 알려주세요,영업기획 면접 분위기,영업관리/지원/영업기획 직무 채용 면접은 실무진 역량 면접 위주로 어떻게 진행되나요?,영업관리/지원/영업기획 직무 면접이 까다로울까 봐 걱정인데 어떤가요?
400,470,CH-073,면접·인적성,IT·개발·데이터,웹개발 직무 면접에 코딩테스트가 포함되는 경우가 있나요?,"2026년 하반기 웹개발 직무 면접 후기에 따르면 난이도는 '매우 쉬움', 분위기는 '매우 편안'로 평가된 사례가 있습니다. 1대 면접관 다수 면접 형태로 진행되었고, 코딩테스트 전형이 포함되는 경우도 있었습니다. 예를 들어 'mbti가 무엇인가요? 같은 평이한 질문들'와 같은 질문이 나온 사례가 있었습니다.",캐치(catch.co.kr) 면접후기 API 수집,캐치 면접후기 - YG엔터테인먼트 (웹개발),https://www.catch.co.kr/Comp/InterviewReview/139632 (InterviewID 104698),YG엔터테인먼트 웹개발 면접 후기의 난이도·분위기·전형 유형 요약,2026-10-05,미검토,,중,"캐치(catch.co.kr) 면접후기 API 기반 수집, 원문 평가·팁(자유서술)은 저작권 보호를 위해 사용하지 않고 구조화 필드(난이도/분위기/전형유형/질문)만 근거로 재구성 | 수집일: 2026-10-05",N,"웹개발 직무 면접 과정에 코딩 테스트가 들어가기도 하나요?,웹개발 면접에 코테도 봐?,웹개발 직무 면접에 코테 포함됨?,웹개발 면접 코딩테스트 포함 여부,저는 웹개발 직무 면접을 준비 중인데 코딩테스트도 같이 보는지 궁금해요,웹개발 직무 면접에 코딩테스트가 있는지 알려주세요,웹개발 코테 여부,웹개발 직무 채용 면접 전형에 코딩테스트 단계가 포함되는 경우가 있나요?,웹개발 면접 준비하면서 코딩테스트 대비는 안 해도 될까요?",웹개발 직무 면접 과정에 코딩 테스트가 들어가기도 하나요?,웹개발 면접에 코테도 봐?,웹개발 직무 면접에 코테 포함됨?,웹개발 면접 코딩테스트 포함 여부,저는 웹개발 직무 면접을 준비 중인데 코딩테스트도 같이 보는지 궁금해요,웹개발 직무 면접에 코딩테스트가 있는지 알려주세요,웹개발 코테 여부,웹개발 직무 채용 면접 전형에 코딩테스트 단계가 포함되는 경우가 있나요?,웹개발 면접 준비하면서 코딩테스트 대비는 안 해도 될까요?
401,471,CH-074,면접·인적성,디자인·콘텐츠,그래픽디자인/CG 직무 면접에서 PT(과제수행) 전형은 어떻게 준비하면 좋을까요?,"2026년 하반기 그래픽디자인/CG 직무 면접 후기에 따르면 난이도는 '보통', 분위기는 '보통'로 평가된 사례가 있습니다. 1대 면접관 다수 면접 형태로 진행되었고, PT(과제수행) 전형이 포함되어 사전 준비가 필요했습니다. 예를 들어 '프로젝트 진행 시 외주 비율이 높은데 괜찮은지?'와 같은 질문이 나온 사례가 있었습니다.",캐치(catch.co.kr) 면접후기 API 수집,캐치 면접후기 - YG엔터테인먼트 (그래픽디자인/CG),https://www.catch.co.kr/Comp/InterviewReview/139632 (InterviewID 100083),YG엔터테인먼트 그래픽디자인/CG 면접 후기의 난이도·분위기·전형 유형 요약,2026-10-05,미검토,,중,"캐치(catch.co.kr) 면접후기 API 기반 수집, 원문 평가·팁(자유서술)은 저작권 보호를 위해 사용하지 않고 구조화 필드(난이도/분위기/전형유형/질문)만 근거로 재구성 | 수집일: 2026-10-05",N,"그래픽디자인/CG 직무 면접의 PT 과제수행 전형은 어떤 식으로 대비해야 하나요?,그래픽디자인/CG 면접 PT 전형 준비 어떻게 해?,그래픽디자인/CG 직무 면접 PT 어케 준비함?,그래픽디자인 CG 직무 면접 PT 과제수행 준비 방법,저는 그래픽디자인/CG 직무 면접을 앞두고 있는데 PT 전형은 어떻게 준비하나요?,그래픽디자인/CG 직무 면접 PT 전형 준비 방법 좀 알려주세요,그래픽디자인 CG 면접 PT 준비,그래픽디자인/CG 채용 면접의 PT 과제수행 전형은 무엇을 준비해야 하나요?,그래픽디자인/CG 면접 PT 전형을 제대로 준비 못 하면 불리할까요?",그래픽디자인/CG 직무 면접의 PT 과제수행 전형은 어떤 식으로 대비해야 하나요?,그래픽디자인/CG 면접 PT 전형 준비 어떻게 해?,그래픽디자인/CG 직무 면접 PT 어케 준비함?,그래픽디자인 CG 직무 면접 PT 과제수행 준비 방법,저는 그래픽디자인/CG 직무 면접을 앞두고 있는데 PT 전형은 어떻게 준비하나요?,그래픽디자인/CG 직무 면접 PT 전형 준비 방법 좀 알려주세요,그래픽디자인 CG 면접 PT 준비,그래픽디자인/CG 채용 면접의 PT 과제수행 전형은 무엇을 준비해야 하나요?,그래픽디자인/CG 면접 PT 전형을 제대로 준비 못 하면 불리할까요?
402,482,CH-085,면접·인적성,연구·엔지니어링·제조기술,자동차/조선/기계 직무 면접은 전반적으로 어떤 난이도와 분위기로 진행되나요?,"2026년 하반기 자동차/조선/기계 직무 면접 후기에 따르면 난이도는 '다소 어려움', 분위기는 '보통'로 평가된 사례가 있습니다. 1대 면접관 다수 면접 형태로 진행되었고, 실무진 역량 면접 위주로 진행되었습니다. 예를 들어 '차량은 있는지 출장을 상사와 같이 나갈시 운전 가능한지?'와 같은 질문이 나온 사례가 있었습니다.",캐치(catch.co.kr) 면접후기 API 수집,캐치 면접후기 - 한국콩스버그마리타임 (자동차/조선/기계),https://www.catch.co.kr/Comp/InterviewReview/131118 (InterviewID 104691),한국콩스버그마리타임 자동차/조선/기계 면접 후기의 난이도·분위기·전형 유형 요약,2026-10-05,미검토,,중,"캐치(catch.co.kr) 면접후기 API 기반 수집, 원문 평가·팁(자유서술)은 저작권 보호를 위해 사용하지 않고 구조화 필드(난이도/분위기/전형유형/질문)만 근거로 재구성 | 수집일: 2026-10-05",N,"자동차/조선/기계 직무 면접은 대체로 얼마나 어렵고 분위기는 어떤가요?,자동차/조선/기계 직무 면접 난이도랑 분위기 어때?,자동차/조선/기계 면접 후기 보면 난이도랑 분위기 머임?,자동차 조선 기계 직무 면접 난이도 분위기,저는 자동차/조선/기계 직무에 지원했는데 면접 난이도와 분위기가 어떤지 궁금해요,자동차/조선/기계 직무 면접 난이도랑 분위기 좀 알려주세요,자동차/조선/기계 면접 난이도,자동차/조선/기계 직무 채용 면접은 보통 어떤 분위기에서 진행되나요?,자동차/조선/기계 직무 면접이 많이 어려운 편이라던데 긴장해도 괜찮을까요?",자동차/조선/기계 직무 면접은 대체로 얼마나 어렵고 분위기는 어떤가요?,자동차/조선/기계 직무 면접 난이도랑 분위기 어때?,자동차/조선/기계 면접 후기 보면 난이도랑 분위기 머임?,자동차 조선 기계 직무 면접 난이도 분위기,저는 자동차/조선/기계 직무에 지원했는데 면접 난이도와 분위기가 어떤지 궁금해요,자동차/조선/기계 직무 면접 난이도랑 분위기 좀 알려주세요,자동차/조선/기계 면접 난이도,자동차/조선/기계 직무 채용 면접은 보통 어떤 분위기에서 진행되나요?,자동차/조선/기계 직무 면접이 많이 어려운 편이라던데 긴장해도 괜찮을까요?
403,483,CH-086,면접·인적성,생산·물류·서비스,생산/제조/설비/조립 직무 면접에서 PT(과제수행) 전형은 어떻게 준비하면 좋을까요?,"2026년 하반기 생산/제조/설비/조립 직무 면접 후기에 따르면 난이도는 '다소 어려움', 분위기는 '다소 편안함'로 평가된 사례가 있습니다. 1대 면접관 다수 면접 형태로 진행되었고, PT(과제수행) 전형이 포함되어 사전 준비가 필요했습니다. 예를 들어 '증명 할 수 있는 영어 성적이 없는데 어떻게 생각하냐?'와 같은 질문이 나온 사례가 있었습니다.",캐치(catch.co.kr) 면접후기 API 수집,캐치 면접후기 - 한국콩스버그마리타임 (생산/제조/설비/조립),https://www.catch.co.kr/Comp/InterviewReview/131118 (InterviewID 102727),한국콩스버그마리타임 생산/제조/설비/조립 면접 후기의 난이도·분위기·전형 유형 요약,2026-10-05,미검토,,중,"캐치(catch.co.kr) 면접후기 API 기반 수집, 원문 평가·팁(자유서술)은 저작권 보호를 위해 사용하지 않고 구조화 필드(난이도/분위기/전형유형/질문)만 근거로 재구성 | 수집일: 2026-10-05",N,"생산/제조/설비/조립 직무 면접의 PT 과제수행 전형은 어떻게 대비하나요?,생산/제조/설비/조립 면접 PT 전형 준비 어떻게 해?,생산/제조/설비/조립 직무 면접 PT 어케 준비함?,생산 제조 설비 조립 직무 면접 PT 과제수행 준비,저는 생산/제조/설비/조립 직무 면접을 보게 됐는데 PT 전형은 어떻게 준비하나요?,생산/제조/설비/조립 직무 면접 PT 전형 준비법 좀 알려주세요,생산 제조 설비 조립 면접 PT,생산/제조/설비/조립 채용 면접에 있는 PT 과제수행 전형은 뭘 준비해야 하나요?,생산/제조/설비/조립 면접에서 PT 전형 준비가 부족하면 불리한가요?",생산/제조/설비/조립 직무 면접의 PT 과제수행 전형은 어떻게 대비하나요?,생산/제조/설비/조립 면접 PT 전형 준비 어떻게 해?,생산/제조/설비/조립 직무 면접 PT 어케 준비함?,생산 제조 설비 조립 직무 면접 PT 과제수행 준비,저는 생산/제조/설비/조립 직무 면접을 보게 됐는데 PT 전형은 어떻게 준비하나요?,생산/제조/설비/조립 직무 면접 PT 전형 준비법 좀 알려주세요,생산 제조 설비 조립 면접 PT,생산/제조/설비/조립 채용 면접에 있는 PT 과제수행 전형은 뭘 준비해야 하나요?,생산/제조/설비/조립 면접에서 PT 전형 준비가 부족하면 불리한가요?
404,485,CH-088,면접·인적성,경영·사무·인사,기획/전략/경영 직무 임원/최종 면접은 어떤 분위기로 진행되는 편인가요?,"2026년 상반기 기획/전략/경영 직무 면접 후기에 따르면 난이도는 '보통', 분위기는 '보통'로 평가된 사례가 있습니다. 1:1 면접·1대 면접관 다수 면접 형태로 진행되었고, 임원/최종 면접 단계가 별도로 진행되었습니다. 예를 들어 '우리 회사에 대해 궁금한 점이 있으신가요?'와 같은 질문이 나온 사례가 있었습니다.",캐치(catch.co.kr) 면접후기 API 수집,캐치 면접후기 - 한국콩스버그마리타임 (기획/전략/경영),https://www.catch.co.kr/Comp/InterviewReview/131118 (InterviewID 93288),한국콩스버그마리타임 기획/전략/경영 면접 후기의 난이도·분위기·전형 유형 요약,2026-10-05,미검토,,중,"캐치(catch.co.kr) 면접후기 API 기반 수집, 원문 평가·팁(자유서술)은 저작권 보호를 위해 사용하지 않고 구조화 필드(난이도/분위기/전형유형/질문)만 근거로 재구성 | 수집일: 2026-10-05",N,"기획/전략/경영 직무 임원/최종 면접 분위기는 대체로 어떤가요?,기획/전략/경영 직무 임원면접 분위기 어때?,기획/전략/경영 직무 최종면접 분위기 머임?,기획 전략 경영 직무 임원 최종 면접 분위기,저는 기획/전략/경영 직무 최종 면접을 앞두고 있는데 임원 면접 분위기가 어떤가요?,기획/전략/경영 직무 임원/최종 면접 분위기 좀 알려주세요,기획 전략 경영 임원면접 분위기,기획/전략/경영 직무 채용 과정의 임원/최종 면접은 어떤 식으로 진행되나요?,기획/전략/경영 직무 임원 면접 분위기가 딱딱할까 봐 걱정인데 괜찮을까요?",기획/전략/경영 직무 임원/최종 면접 분위기는 대체로 어떤가요?,기획/전략/경영 직무 임원면접 분위기 어때?,기획/전략/경영 직무 최종면접 분위기 머임?,기획 전략 경영 직무 임원 최종 면접 분위기,저는 기획/전략/경영 직무 최종 면접을 앞두고 있는데 임원 면접 분위기가 어떤가요?,기획/전략/경영 직무 임원/최종 면접 분위기 좀 알려주세요,기획 전략 경영 임원면접 분위기,기획/전략/경영 직무 채용 과정의 임원/최종 면접은 어떤 식으로 진행되나요?,기획/전략/경영 직무 임원 면접 분위기가 딱딱할까 봐 걱정인데 괜찮을까요?
405,487,CH-090,면접·인적성,생산·물류·서비스,생산관리/공정관리/품질관리 직무 면접에서 PT(과제수행) 전형은 어떻게 준비하면 좋을까요?,"2026년 상반기 생산관리/공정관리/품질관리 직무 면접 후기에 따르면 난이도는 '보통', 분위기는 '매우 편안'로 평가된 사례가 있습니다. 1대 면접관 다수 면접 형태로 진행되었고, PT(과제수행) 전형이 포함되어 사전 준비가 필요했습니다. 예를 들어 '새롭게 도전해본 경험이 있나요? 있다면 무엇인지 설명해주세요'와 같은 질문이 나온 사례가 있었습니다.",캐치(catch.co.kr) 면접후기 API 수집,캐치 면접후기 - 한국콩스버그마리타임 (생산관리/공정관리/품질관리),https://www.catch.co.kr/Comp/InterviewReview/131118 (InterviewID 87348),한국콩스버그마리타임 생산관리/공정관리/품질관리 면접 후기의 난이도·분위기·전형 유형 요약,2026-10-05,미검토,,중,"캐치(catch.co.kr) 면접후기 API 기반 수집, 원문 평가·팁(자유서술)은 저작권 보호를 위해 사용하지 않고 구조화 필드(난이도/분위기/전형유형/질문)만 근거로 재구성 | 수집일: 2026-10-05",N,"생산관리/공정관리/품질관리 직무 면접의 PT 과제수행 전형은 어떻게 대비하나요?,생산관리/공정관리/품질관리 면접 PT 전형 준비 어떻게 해?,생산관리/공정관리/품질관리 직무 면접 PT 어케 준비함?,생산관리 공정관리 품질관리 직무 면접 PT 과제수행 준비,저는 생산관리/공정관리/품질관리 직무 면접이 잡혔는데 PT 전형은 어떻게 준비하나요?,생산관리/공정관리/품질관리 직무 면접 PT 전형 준비법 좀 알려주세요,품질관리 공정관리 면접 PT,생산관리/공정관리/품질관리 채용 면접의 PT 과제수행 전형은 무엇을 준비하나요?,생산관리/공정관리/품질관리 면접 PT 전형을 준비 안 하면 불리할까요?",생산관리/공정관리/품질관리 직무 면접의 PT 과제수행 전형은 어떻게 대비하나요?,생산관리/공정관리/품질관리 면접 PT 전형 준비 어떻게 해?,생산관리/공정관리/품질관리 직무 면접 PT 어케 준비함?,생산관리 공정관리 품질관리 직무 면접 PT 과제수행 준비,저는 생산관리/공정관리/품질관리 직무 면접이 잡혔는데 PT 전형은 어떻게 준비하나요?,생산관리/공정관리/품질관리 직무 면접 PT 전형 준비법 좀 알려주세요,품질관리 공정관리 면접 PT,생산관리/공정관리/품질관리 채용 면접의 PT 과제수행 전형은 무엇을 준비하나요?,생산관리/공정관리/품질관리 면접 PT 전형을 준비 안 하면 불리할까요?
406,488,CH-091,면접·인적성,생산·물류·서비스,생산관리/공정관리/품질관리 직무 임원/최종 면접은 어떤 분위기로 진행되는 편인가요?,"2026년 하반기 생산관리/공정관리/품질관리 직무 면접 후기에 따르면 난이도는 '다소 어려움', 분위기는 '보통'로 평가된 사례가 있습니다. 1대 면접관 다수 면접 형태로 진행되었고, 임원/최종 면접 단계가 별도로 진행되었습니다. 예를 들어 '여자 친구 있어요? 술 잘하시나요? 친구 많나요?'와 같은 질문이 나온 사례가 있었습니다.",캐치(catch.co.kr) 면접후기 API 수집,캐치 면접후기 - 테스 (생산관리/공정관리/품질관리),https://www.catch.co.kr/Comp/InterviewReview/213409 (InterviewID 104690),테스 생산관리/공정관리/품질관리 면접 후기의 난이도·분위기·전형 유형 요약,2026-10-05,미검토,,중,"캐치(catch.co.kr) 면접후기 API 기반 수집, 원문 평가·팁(자유서술)은 저작권 보호를 위해 사용하지 않고 구조화 필드(난이도/분위기/전형유형/질문)만 근거로 재구성 | 수집일: 2026-10-05",N,"생산관리/공정관리/품질관리 직무 임원/최종 면접 분위기는 대체로 어떤가요?,생산관리/공정관리/품질관리 직무 임원면접 분위기 어때?,생산관리/공정관리/품질관리 최종면접 분위기 머임?,생산관리 공정관리 품질관리 직무 임원 최종 면접 분위기,저는 생산관리/공정관리/품질관리 직무 최종 면접을 앞두고 있는데 분위기가 어떤가요?,생산관리/공정관리/품질관리 직무 임원/최종 면접 분위기 좀 알려주세요,품질관리 공정관리 임원면접 분위기,생산관리/공정관리/품질관리 채용 과정의 임원/최종 면접은 어떻게 진행되나요?,생산관리/공정관리/품질관리 임원 면접이 압박 분위기면 어쩌죠 괜찮을까요?",생산관리/공정관리/품질관리 직무 임원/최종 면접 분위기는 대체로 어떤가요?,생산관리/공정관리/품질관리 직무 임원면접 분위기 어때?,생산관리/공정관리/품질관리 최종면접 분위기 머임?,생산관리 공정관리 품질관리 직무 임원 최종 면접 분위기,저는 생산관리/공정관리/품질관리 직무 최종 면접을 앞두고 있는데 분위기가 어떤가요?,생산관리/공정관리/품질관리 직무 임원/최종 면접 분위기 좀 알려주세요,품질관리 공정관리 임원면접 분위기,생산관리/공정관리/품질관리 채용 과정의 임원/최종 면접은 어떻게 진행되나요?,생산관리/공정관리/품질관리 임원 면접이 압박 분위기면 어쩌죠 괜찮을까요?
407,491,CH-094,면접·인적성,연구·엔지니어링·제조기술,전기/소방/통신/안전 직무 임원/최종 면접은 어떤 분위기로 진행되는 편인가요?,"2026년 하반기 전기/소방/통신/안전 직무 면접 후기에 따르면 난이도는 '보통', 분위기는 '보통'로 평가된 사례가 있습니다. 1대 면접관 다수 면접 형태로 진행되었고, 임원/최종 면접 단계가 별도로 진행되었습니다. 예를 들어 '지금도 성과를 많이 내고 계신 거 같은데 왜 이직을 결심하셨나요?'와 같은 질문이 나온 사례가 있었습니다.",캐치(catch.co.kr) 면접후기 API 수집,캐치 면접후기 - 테스 (전기/소방/통신/안전),https://www.catch.co.kr/Comp/InterviewReview/213409 (InterviewID 99501),테스 전기/소방/통신/안전 면접 후기의 난이도·분위기·전형 유형 요약,2026-10-05,미검토,,중,"캐치(catch.co.kr) 면접후기 API 기반 수집, 원문 평가·팁(자유서술)은 저작권 보호를 위해 사용하지 않고 구조화 필드(난이도/분위기/전형유형/질문)만 근거로 재구성 | 수집일: 2026-10-05",N,"전기/소방/통신/안전 직무 임원/최종 면접 분위기는 대체로 어떤가요?,전기/소방/통신/안전 직무 임원면접 분위기 어때?,전기/소방/통신/안전 직무 최종면접 분위기 머임?,전기 소방 통신 안전 직무 임원 최종 면접 분위기,저는 전기/소방/통신/안전 직무 최종 면접을 앞두고 있는데 임원 면접 분위기가 궁금해요,전기/소방/통신/안전 직무 임원/최종 면접 분위기 좀 알려주세요,전기 소방 통신 안전 임원면접,전기/소방/통신/안전 채용 과정의 임원/최종 면접은 어떻게 진행되는 편인가요?,전기/소방/통신/안전 직무 임원 면접 분위기 때문에 긴장되는데 괜찮을까요?",전기/소방/통신/안전 직무 임원/최종 면접 분위기는 대체로 어떤가요?,전기/소방/통신/안전 직무 임원면접 분위기 어때?,전기/소방/통신/안전 직무 최종면접 분위기 머임?,전기 소방 통신 안전 직무 임원 최종 면접 분위기,저는 전기/소방/통신/안전 직무 최종 면접을 앞두고 있는데 임원 면접 분위기가 궁금해요,전기/소방/통신/안전 직무 임원/최종 면접 분위기 좀 알려주세요,전기 소방 통신 안전 임원면접,전기/소방/통신/안전 채용 과정의 임원/최종 면접은 어떻게 진행되는 편인가요?,전기/소방/통신/안전 직무 임원 면접 분위기 때문에 긴장되는데 괜찮을까요?
408,492,CH-095,면접·인적성,생산·물류·서비스,AS/서비스/수리 직무 임원/최종 면접은 어떤 분위기로 진행되는 편인가요?,"2026년 상반기 AS/서비스/수리 직무 면접 후기에 따르면 난이도는 '다소 쉬움', 분위기는 '다소 편안함'로 평가된 사례가 있습니다. 1대 면접관 다수 면접·그룹 면접 형태로 진행되었고, 임원/최종 면접 단계가 별도로 진행되었습니다. 예를 들어 '(본인의 경험)왜 이걸 했고, 이 경험을 통해 어떤 걸 얻었는가 말해주세요'와 같은 질문이 나온 사례가 있었습니다.",캐치(catch.co.kr) 면접후기 API 수집,캐치 면접후기 - 테스 (AS/서비스/수리),https://www.catch.co.kr/Comp/InterviewReview/213409 (InterviewID 103978),테스 AS/서비스/수리 면접 후기의 난이도·분위기·전형 유형 요약,2026-10-05,미검토,,중,"캐치(catch.co.kr) 면접후기 API 기반 수집, 원문 평가·팁(자유서술)은 저작권 보호를 위해 사용하지 않고 구조화 필드(난이도/분위기/전형유형/질문)만 근거로 재구성 | 수집일: 2026-10-05",N,"AS/서비스/수리 직무 임원/최종 면접 분위기는 대체로 어떤가요?,AS/서비스/수리 직무 임원면접 분위기 어때?,AS/서비스/수리 직무 최종면접 분위기 머임?,AS 서비스 수리 직무 임원 최종 면접 분위기,저는 AS/서비스/수리 직무 최종 면접을 보게 됐는데 임원 면접 분위기가 어떤가요?,AS/서비스/수리 직무 임원/최종 면접 분위기 좀 알려주세요,AS 서비스 수리 임원면접 분위기,AS/서비스/수리 채용 과정의 임원/최종 면접은 어떤 식으로 진행되나요?,AS/서비스/수리 직무 임원 면접 분위기가 무거울까 봐 걱정되는데 괜찮을까요?",AS/서비스/수리 직무 임원/최종 면접 분위기는 대체로 어떤가요?,AS/서비스/수리 직무 임원면접 분위기 어때?,AS/서비스/수리 직무 최종면접 분위기 머임?,AS 서비스 수리 직무 임원 최종 면접 분위기,저는 AS/서비스/수리 직무 최종 면접을 보게 됐는데 임원 면접 분위기가 어떤가요?,AS/서비스/수리 직무 임원/최종 면접 분위기 좀 알려주세요,AS 서비스 수리 임원면접 분위기,AS/서비스/수리 채용 과정의 임원/최종 면접은 어떤 식으로 진행되나요?,AS/서비스/수리 직무 임원 면접 분위기가 무거울까 봐 걱정되는데 괜찮을까요?
409,493,CH-096,면접·인적성,연구·엔지니어링·제조기술,반도체/디스플레이 직무 면접은 전반적으로 어떤 난이도와 분위기로 진행되나요?,"2026년 상반기 반도체/디스플레이 직무 면접 후기에 따르면 난이도는 '보통', 분위기는 '보통'로 평가된 사례가 있습니다. 1대 면접관 다수 면접 형태로 진행되었고, 실무진 역량 면접 위주로 진행되었습니다. 예를 들어 '본인이 생각하는 워라벨이란 무엇인지?'와 같은 질문이 나온 사례가 있었습니다.",캐치(catch.co.kr) 면접후기 API 수집,캐치 면접후기 - 테스 (반도체/디스플레이),https://www.catch.co.kr/Comp/InterviewReview/213409 (InterviewID 96951),테스 반도체/디스플레이 면접 후기의 난이도·분위기·전형 유형 요약,2026-10-05,미검토,,중,"캐치(catch.co.kr) 면접후기 API 기반 수집, 원문 평가·팁(자유서술)은 저작권 보호를 위해 사용하지 않고 구조화 필드(난이도/분위기/전형유형/질문)만 근거로 재구성 | 수집일: 2026-10-05",N,"반도체/디스플레이 직무 면접은 대체로 얼마나 어렵고 분위기는 어떤가요?,반도체/디스플레이 직무 면접 난이도랑 분위기 어때?,반도체/디스플레이 면접 후기 보면 난이도랑 분위기 머임?,반도체 디스플레이 직무 면접 난이도 분위기,저는 반도체/디스플레이 직무에 지원했는데 면접 난이도와 분위기가 궁금해요,반도체/디스플레이 직무 면접 난이도랑 분위기 좀 알려주세요,반도체 디스플레이 면접 난이도,반도체/디스플레이 직무 채용 면접은 보통 어떤 분위기에서 진행되나요?,반도체/디스플레이 직무 면접이 어렵다던데 걱정 안 해도 될까요?",반도체/디스플레이 직무 면접은 대체로 얼마나 어렵고 분위기는 어떤가요?,반도체/디스플레이 직무 면접 난이도랑 분위기 어때?,반도체/디스플레이 면접 후기 보면 난이도랑 분위기 머임?,반도체 디스플레이 직무 면접 난이도 분위기,저는 반도체/디스플레이 직무에 지원했는데 면접 난이도와 분위기가 궁금해요,반도체/디스플레이 직무 면접 난이도랑 분위기 좀 알려주세요,반도체 디스플레이 면접 난이도,반도체/디스플레이 직무 채용 면접은 보통 어떤 분위기에서 진행되나요?,반도체/디스플레이 직무 면접이 어렵다던데 걱정 안 해도 될까요?
410,497,CH-100,면접·인적성,생산·물류·서비스,AS/서비스/수리 직무 면접은 전반적으로 어떤 난이도와 분위기로 진행되나요?,"2026년 하반기 AS/서비스/수리 직무 면접 후기에 따르면 난이도는 '다소 어려움', 분위기는 '보통'로 평가된 사례가 있습니다. 그룹 면접 형태로 진행되었고, 실무진 역량 면접 위주로 진행되었습니다. 예를 들어 '사원수 , 매출 , 고객사 , 해외법인이 어디있는지 알고 계시나요?'와 같은 질문이 나온 사례가 있었습니다.",캐치(catch.co.kr) 면접후기 API 수집,캐치 면접후기 - 주성엔지니어링 (AS/서비스/수리),https://www.catch.co.kr/Comp/InterviewReview/606324 (InterviewID 103967),주성엔지니어링 AS/서비스/수리 면접 후기의 난이도·분위기·전형 유형 요약,2026-10-05,미검토,,중,"캐치(catch.co.kr) 면접후기 API 기반 수집, 원문 평가·팁(자유서술)은 저작권 보호를 위해 사용하지 않고 구조화 필드(난이도/분위기/전형유형/질문)만 근거로 재구성 | 수집일: 2026-10-05",N,"AS/서비스/수리 직무 면접은 대체로 얼마나 어렵고 분위기는 어떤가요?,AS/서비스/수리 직무 면접 난이도랑 분위기 어때?,AS/서비스/수리 면접 후기 보면 난이도랑 분위기 머임?,AS 서비스 수리 직무 면접 난이도 분위기,저는 AS/서비스/수리 직무에 지원했는데 면접 난이도와 분위기가 어떤지 궁금해요,AS/서비스/수리 직무 면접 난이도랑 분위기 좀 알려주세요,AS 서비스 수리 면접 난이도,AS/서비스/수리 직무 채용 면접은 보통 어떤 분위기에서 진행되나요?,AS/서비스/수리 직무 면접이 생각보다 어렵다던데 걱정해야 할까요?",AS/서비스/수리 직무 면접은 대체로 얼마나 어렵고 분위기는 어떤가요?,AS/서비스/수리 직무 면접 난이도랑 분위기 어때?,AS/서비스/수리 면접 후기 보면 난이도랑 분위기 머임?,AS 서비스 수리 직무 면접 난이도 분위기,저는 AS/서비스/수리 직무에 지원했는데 면접 난이도와 분위기가 어떤지 궁금해요,AS/서비스/수리 직무 면접 난이도랑 분위기 좀 알려주세요,AS 서비스 수리 면접 난이도,AS/서비스/수리 직무 채용 면접은 보통 어떤 분위기에서 진행되나요?,AS/서비스/수리 직무 면접이 생각보다 어렵다던데 걱정해야 할까요?
411,498,IG-001,면접·인적성,공통(전직무),면접을 잘 봤다고 느꼈는데도 떨어지는 이유가 뭔가요?,면접 분위기와 답변 모두 좋았다고 느꼈음에도 불구하고 불합격하는 경우가 실제로 흔하다는 취준생들의 공감대를 보여주는 사례입니다. 면접 체감 만족도와 실제 평가 기준이 다를 수 있다는 점을 보여줍니다.,인스타그램 해시태그 크롤링,인스타그램 게시물 - #면접후기,https://www.instagram.com/p/DVijE5zgT1X/ (2026-03-06),면접후기 해시태그 게시물에서 확인한 '잘봐도 탈락' 공감 사례 요약,2026-10-05,미검토,,중,"인스타그램 해시태그 크롤링 기반 수집, 원문 저작권 보호를 위해 요약만 저장, 작성자 계정명 익명화(미저장) | 수집일: 2026-10-05 | 중단된 수집(경험·포트폴리오 태그 미수집)",N,"면접을 잘 치렀다고 생각했는데 불합격하는 이유는 무엇인가요?,면접 잘 본 것 같은데 왜 떨어지는 거야?,면접 분위기 좋았는데 불합 뜨는 이유 머임?,면접 잘 봤는데 불합격 이유,저는 면접 분위기도 좋고 답변도 잘했다고 느꼈는데 떨어졌어요 왜 그런 걸까요?,면접 잘 봤다고 느꼈는데 떨어지는 이유 좀 알려주세요,면접 잘 봤는데 탈락,채용 면접 체감은 좋았는데 최종 결과가 불합격인 이유가 뭘까요?,면접 잘 봤다고 느꼈는데 떨어진 게 흔한 일인가요?",면접을 잘 치렀다고 생각했는데 불합격하는 이유는 무엇인가요?,면접 잘 본 것 같은데 왜 떨어지는 거야?,면접 분위기 좋았는데 불합 뜨는 이유 머임?,면접 잘 봤는데 불합격 이유,저는 면접 분위기도 좋고 답변도 잘했다고 느꼈는데 떨어졌어요 왜 그런 걸까요?,면접 잘 봤다고 느꼈는데 떨어지는 이유 좀 알려주세요,면접 잘 봤는데 탈락,채용 면접 체감은 좋았는데 최종 결과가 불합격인 이유가 뭘까요?,면접 잘 봤다고 느꼈는데 떨어진 게 흔한 일인가요?
412,499,IG-002,면접·인적성,공통(전직무),첫 대기업 면접을 앞두고 어떤 마음가짐으로 준비하면 좋을까요?,완벽한 답변보다 자신의 이야기를 최선을 다해 전달하겠다는 마음가짐으로 첫 대기업 면접에 임했다는 후기입니다. 긴장되면서도 설레는 감정을 함께 느꼈다고 전합니다.,인스타그램 해시태그 크롤링,인스타그램 게시물 - #면접후기,https://www.instagram.com/p/DYetLbhxX85/ (2026-05-18),면접후기 해시태그 게시물에서 확인한 첫 대기업 면접 후기 요약,2026-10-05,미검토,,중,"인스타그램 해시태그 크롤링 기반 수집, 원문 저작권 보호를 위해 요약만 저장, 작성자 계정명 익명화(미저장) | 수집일: 2026-10-05 | 중단된 수집(경험·포트폴리오 태그 미수집)",N,"처음 보는 대기업 면접은 어떤 마음으로 준비하면 좋을까요?,첫 대기업 면접 앞두고 마음가짐 어떻게 가져야 해?,첫 대기업 면접 멘탈 관리 어케 함?,첫 대기업 면접 마음가짐 준비,저는 이번에 대기업 면접을 처음 보는데 어떤 마음가짐으로 임하면 좋을까요?,첫 대기업 면접 앞두고 마음가짐 좀 알려주세요,첫 대기업 면접 마음가짐,생애 첫 대기업 채용 면접을 앞두고 어떤 자세로 준비해야 하나요?,첫 대기업 면접이라 너무 떨리는데 이래도 괜찮을까요?",처음 보는 대기업 면접은 어떤 마음으로 준비하면 좋을까요?,첫 대기업 면접 앞두고 마음가짐 어떻게 가져야 해?,첫 대기업 면접 멘탈 관리 어케 함?,첫 대기업 면접 마음가짐 준비,저는 이번에 대기업 면접을 처음 보는데 어떤 마음가짐으로 임하면 좋을까요?,첫 대기업 면접 앞두고 마음가짐 좀 알려주세요,첫 대기업 면접 마음가짐,생애 첫 대기업 채용 면접을 앞두고 어떤 자세로 준비해야 하나요?,첫 대기업 면접이라 너무 떨리는데 이래도 괜찮을까요?
413,500,IG-003,면접·인적성,공통(전직무),면접에서 자존감이 떨어지는 경험을 하면 어떻게 봐야 하나요?,면접을 보고 난 뒤 오히려 자존감이 낮아지는 경험을 하는 취준생이 생각보다 많다는 점을 짚으며 공감대를 형성한 사례입니다. 면접관의 태도나 질문 방식에 따라 심리적으로 위축될 수 있음을 보여줍니다.,인스타그램 해시태그 크롤링,인스타그램 게시물 - #면접후기,https://www.instagram.com/p/DdbLA6UgRMl/ (2026-09-18),면접후기 해시태그 게시물에서 확인한 자존감 저하 공감 사례 요약,2026-10-05,미검토,,중,"인스타그램 해시태그 크롤링 기반 수집, 원문 저작권 보호를 위해 요약만 저장, 작성자 계정명 익명화(미저장) | 수집일: 2026-10-05 | 중단된 수집(경험·포트폴리오 태그 미수집)",N,"면접을 보고 나서 자존감이 낮아졌을 때 어떻게 받아들여야 하나요?,면접 보고 자존감 떨어지면 어떻게 생각해야 해?,면접 보고 나서 자존감 바닥인데 어케 해야 함?,면접 후 자존감 하락 대처,저는 면접을 보고 오면 자존감이 많이 떨어지는데 이걸 어떻게 봐야 할까요?,면접 후 자존감 떨어질 때 마음 다잡는 법 좀 알려주세요,면접 자존감 하락,채용 면접에서 면접관 태도 때문에 자존감이 떨어지면 어떻게 생각해야 하나요?,면접 보고 자존감이 떨어지는 게 저만 그런 건 아니겠죠?",면접을 보고 나서 자존감이 낮아졌을 때 어떻게 받아들여야 하나요?,면접 보고 자존감 떨어지면 어떻게 생각해야 해?,면접 보고 나서 자존감 바닥인데 어케 해야 함?,면접 후 자존감 하락 대처,저는 면접을 보고 오면 자존감이 많이 떨어지는데 이걸 어떻게 봐야 할까요?,면접 후 자존감 떨어질 때 마음 다잡는 법 좀 알려주세요,면접 자존감 하락,채용 면접에서 면접관 태도 때문에 자존감이 떨어지면 어떻게 생각해야 하나요?,면접 보고 자존감이 떨어지는 게 저만 그런 건 아니겠죠?
414,501,IG-004,면접·인적성,공통(전직무),여러 차례 면접을 반복해서 보는 과정은 어떤 느낌인가요?,"오랜만에 다시 면접을 보고 온 일상을 담담하게 공유한 후기로, 반복되는 면접 과정에 대한 취준생의 소소한 소회를 보여줍니다.",인스타그램 해시태그 크롤링,인스타그램 게시물 - #면접후기,https://www.instagram.com/p/Dcf5SlAzBLE/ (2026-08-26),면접후기 해시태그 게시물에서 확인한 반복 면접 소회 요약,2026-10-05,미검토,,중,"인스타그램 해시태그 크롤링 기반 수집, 원문 저작권 보호를 위해 요약만 저장, 작성자 계정명 익명화(미저장) | 수집일: 2026-10-05 | 중단된 수집(경험·포트폴리오 태그 미수집)",N,"면접을 여러 번 계속 보러 다니면 어떤 기분이 드나요?,면접 계속 반복해서 보면 어떤 느낌이야?,취준하면서 면접 여러 번 보는 거 어떤 느낌임?,반복 면접 경험 느낌,저는 요즘 면접을 여러 차례 보고 있는데 다른 분들은 이 과정이 어떤 느낌인가요?,면접 여러 번 반복해서 본 후기 좀 알려주세요,면접 반복 느낌,취업 면접을 여러 차례 반복해서 보는 과정은 어떤 경험인가요?,면접을 이렇게 여러 번 반복해서 보는 게 흔한 일인가요?",면접을 여러 번 계속 보러 다니면 어떤 기분이 드나요?,면접 계속 반복해서 보면 어떤 느낌이야?,취준하면서 면접 여러 번 보는 거 어떤 느낌임?,반복 면접 경험 느낌,저는 요즘 면접을 여러 차례 보고 있는데 다른 분들은 이 과정이 어떤 느낌인가요?,면접 여러 번 반복해서 본 후기 좀 알려주세요,면접 반복 느낌,취업 면접을 여러 차례 반복해서 보는 과정은 어떤 경험인가요?,면접을 이렇게 여러 번 반복해서 보는 게 흔한 일인가요?
415,502,IG-005,면접·인적성,공통(전직무),대기업 그룹사 최종 면접에 합격한 사례는 어떤가요?,"한 대기업 그룹사 면접에서 최종 합격한 경험을 공유한 후기로, 합격까지의 과정과 소감을 다룹니다.",인스타그램 해시태그 크롤링,인스타그램 게시물 - #면접후기,https://www.instagram.com/p/DaZv-bURF4H/ (2026-07-05),면접후기 해시태그 게시물에서 확인한 그룹사 최종합격 후기 요약,2026-10-05,미검토,,중,"인스타그램 해시태그 크롤링 기반 수집, 원문 저작권 보호를 위해 요약만 저장, 작성자 계정명 익명화(미저장) | 수집일: 2026-10-05 | 중단된 수집(경험·포트폴리오 태그 미수집)",N,"대기업 그룹사 최종 면접에서 합격한 후기는 어떤가요?,대기업 그룹사 최종면접 붙은 사례 어때?,대기업 그룹사 최종합 후기 있어?,대기업 그룹사 최종 면접 합격 후기,저는 대기업 그룹사 최종 면접을 준비 중인데 실제로 합격한 사례가 궁금해요,대기업 그룹사 최종 면접 합격 사례 좀 알려주세요,그룹사 최종 합격 후기,대기업 그룹사 채용의 최종 면접을 통과한 사례는 어떤 과정이었나요?,대기업 그룹사 최종 면접 합격 후기를 참고해도 괜찮을까요?",대기업 그룹사 최종 면접에서 합격한 후기는 어떤가요?,대기업 그룹사 최종면접 붙은 사례 어때?,대기업 그룹사 최종합 후기 있어?,대기업 그룹사 최종 면접 합격 후기,저는 대기업 그룹사 최종 면접을 준비 중인데 실제로 합격한 사례가 궁금해요,대기업 그룹사 최종 면접 합격 사례 좀 알려주세요,그룹사 최종 합격 후기,대기업 그룹사 채용의 최종 면접을 통과한 사례는 어떤 과정이었나요?,대기업 그룹사 최종 면접 합격 후기를 참고해도 괜찮을까요?
416,503,IG-006,면접·인적성,공통(전직무),실제 면접 사례를 보면서 어떤 답변이 합격으로 이어지는지 배울 수 있나요?,"실제 면접에서 오간 질문과 답변 사례를 소개하며, 어떤 지원자가 합격했을지 생각해보게 하는 콘텐츠입니다. 면접 답변의 좋고 나쁨을 비교해볼 수 있는 사례입니다.",인스타그램 해시태그 크롤링,인스타그램 게시물 - #면접후기,https://www.instagram.com/p/Dbxu5kRoa52/ (2026-08-08),면접후기 해시태그 게시물에서 확인한 실제 면접 사례 비교 요약,2026-10-05,미검토,,중,"인스타그램 해시태그 크롤링 기반 수집, 원문 저작권 보호를 위해 요약만 저장, 작성자 계정명 익명화(미저장) | 수집일: 2026-10-05 | 중단된 수집(경험·포트폴리오 태그 미수집)",N,"실제 면접 사례를 통해 어떤 답변이 합격으로 연결되는지 알 수 있나요?,실제 면접 사례 보면서 합격하는 답변 배울 수 있어?,실제 면접 질문이랑 답변 보고 누가 합할지 알 수 있음?,실제 면접 사례 합격 답변 비교,저는 면접 답변을 어떻게 해야 할지 몰라서 실제 사례로 합격 답변을 배우고 싶어요,실제 면접 사례로 합격하는 답변 좀 알려주세요,면접 사례 합격 답변,채용 면접에서 실제로 오간 답변 사례로 좋은 답변을 구분할 수 있나요?,실제 면접 사례만 보고 답변을 준비해도 괜찮을까요?",실제 면접 사례를 통해 어떤 답변이 합격으로 연결되는지 알 수 있나요?,실제 면접 사례 보면서 합격하는 답변 배울 수 있어?,실제 면접 질문이랑 답변 보고 누가 합할지 알 수 있음?,실제 면접 사례 합격 답변 비교,저는 면접 답변을 어떻게 해야 할지 몰라서 실제 사례로 합격 답변을 배우고 싶어요,실제 면접 사례로 합격하는 답변 좀 알려주세요,면접 사례 합격 답변,채용 면접에서 실제로 오간 답변 사례로 좋은 답변을 구분할 수 있나요?,실제 면접 사례만 보고 답변을 준비해도 괜찮을까요?
417,504,IG-007,면접·인적성,공통(전직무),면접 중 감정이 북받쳐 눈물이 날 때는 어떻게 봐야 하나요?,"면접 도중 감정이 북받쳐 눈물을 보인 경험을 공유하며 비슷한 경험이 있는지 묻는 게시물로, 면접에서 감정 조절이 쉽지 않을 수 있다는 점을 보여줍니다.",인스타그램 해시태그 크롤링,인스타그램 게시물 - #면접후기,https://www.instagram.com/p/DdhSgBuSRsY/ (2026-09-21),면접후기 해시태그 게시물에서 확인한 면접 중 눈물 경험 공유 요약,2026-10-05,미검토,,중,"인스타그램 해시태그 크롤링 기반 수집, 원문 저작권 보호를 위해 요약만 저장, 작성자 계정명 익명화(미저장) | 수집일: 2026-10-05 | 중단된 수집(경험·포트폴리오 태그 미수집)",N,"면접을 보다가 감정이 복받쳐 울게 되면 어떻게 받아들여야 하나요?,면접 중에 눈물 나면 어떻게 생각해야 해?,면접 보다가 울컥해서 울었는데 어케 봐야 함?,면접 중 눈물 감정 조절,저는 면접 도중 감정이 북받쳐서 눈물이 났는데 이걸 어떻게 봐야 할까요?,면접 중 눈물이 날 때 어떻게 봐야 하는지 좀 알려주세요,면접 중 눈물,채용 면접 도중 감정 조절이 안 돼서 울었을 때 어떻게 생각하면 되나요?,면접 중에 눈물을 보이면 많이 불리할까요?",면접을 보다가 감정이 복받쳐 울게 되면 어떻게 받아들여야 하나요?,면접 중에 눈물 나면 어떻게 생각해야 해?,면접 보다가 울컥해서 울었는데 어케 봐야 함?,면접 중 눈물 감정 조절,저는 면접 도중 감정이 북받쳐서 눈물이 났는데 이걸 어떻게 봐야 할까요?,면접 중 눈물이 날 때 어떻게 봐야 하는지 좀 알려주세요,면접 중 눈물,채용 면접 도중 감정 조절이 안 돼서 울었을 때 어떻게 생각하면 되나요?,면접 중에 눈물을 보이면 많이 불리할까요?
418,505,IG-008,면접·인적성,공통(전직무),불합격 부담을 줄이기 위해 면접에 임하는 태도에는 어떤 것이 있나요?,"쉬는 것이 싫어 오히려 면접을 자주 보러 다닌다는 태도를 공유한 후기로, 부담을 낮추고 꾸준히 면접 기회를 늘려가는 방식의 접근을 보여줍니다.",인스타그램 해시태그 크롤링,인스타그램 게시물 - #면접후기,https://www.instagram.com/p/DaDifalBBvl/ (2026-06-27),면접후기 해시태그 게시물에서 확인한 면접 임하는 태도 공유 요약,2026-10-05,미검토,,중,"인스타그램 해시태그 크롤링 기반 수집, 원문 저작권 보호를 위해 요약만 저장, 작성자 계정명 익명화(미저장) | 수집일: 2026-10-05 | 중단된 수집(경험·포트폴리오 태그 미수집)",N,"불합격에 대한 부담을 덜기 위해 면접을 대하는 자세에는 무엇이 있나요?,떨어질 부담 줄이려면 면접 어떤 태도로 봐야 해?,불합 부담 줄이는 면접 태도 머 있음?,불합격 부담 줄이는 면접 태도,저는 면접 때마다 떨어질까 봐 부담이 큰데 어떤 태도로 임하면 좋을까요?,불합격 부담 덜 수 있는 면접 태도 좀 알려주세요,면접 불합격 부담,채용 면접에서 탈락 부담을 줄이려면 어떤 마음으로 임해야 하나요?,부담을 줄이려고 면접을 자주 보러 다녀도 괜찮을까요?",불합격에 대한 부담을 덜기 위해 면접을 대하는 자세에는 무엇이 있나요?,떨어질 부담 줄이려면 면접 어떤 태도로 봐야 해?,불합 부담 줄이는 면접 태도 머 있음?,불합격 부담 줄이는 면접 태도,저는 면접 때마다 떨어질까 봐 부담이 큰데 어떤 태도로 임하면 좋을까요?,불합격 부담 덜 수 있는 면접 태도 좀 알려주세요,면접 불합격 부담,채용 면접에서 탈락 부담을 줄이려면 어떤 마음으로 임해야 하나요?,부담을 줄이려고 면접을 자주 보러 다녀도 괜찮을까요?
419,506,IG-009,면접·인적성,공통(전직무),면접 기회가 갑자기 많아졌을 때 느끼는 복합적인 감정은 무엇인가요?,"최근 면접 기회가 부쩍 늘었지만 마냥 좋지만은 않다는 복합적인 감정을 공유한 후기로, 면접이 많아지는 시기의 체력적·심리적 부담을 보여줍니다.",인스타그램 해시태그 크롤링,인스타그램 게시물 - #면접후기,https://www.instagram.com/p/Da5frH-B4Ao/ (2026-07-18),면접후기 해시태그 게시물에서 확인한 다수 면접 체감 소회 요약,2026-10-05,미검토,,중,"인스타그램 해시태그 크롤링 기반 수집, 원문 저작권 보호를 위해 요약만 저장, 작성자 계정명 익명화(미저장) | 수집일: 2026-10-05 | 중단된 수집(경험·포트폴리오 태그 미수집)",N,"면접 볼 기회가 갑자기 늘었을 때 드는 복잡한 감정은 어떤 건가요?,면접 갑자기 많아지면 어떤 감정 들어?,면접 기회 확 늘었는데 마냥 좋지만은 않은 거 머임?,면접 기회 증가 복합 감정,저는 최근 면접 기회가 갑자기 많아졌는데 기쁘면서도 지치는 감정이 들어요 이게 어떤 걸까요?,면접이 몰릴 때 느끼는 감정 좀 알려주세요,면접 많아질 때 감정,채용 면접 일정이 갑자기 몰릴 때 느끼는 복합적인 감정은 무엇인가요?,면접 기회가 많아졌는데도 마냥 좋지 않은 게 정상일까요?",면접 볼 기회가 갑자기 늘었을 때 드는 복잡한 감정은 어떤 건가요?,면접 갑자기 많아지면 어떤 감정 들어?,면접 기회 확 늘었는데 마냥 좋지만은 않은 거 머임?,면접 기회 증가 복합 감정,저는 최근 면접 기회가 갑자기 많아졌는데 기쁘면서도 지치는 감정이 들어요 이게 어떤 걸까요?,면접이 몰릴 때 느끼는 감정 좀 알려주세요,면접 많아질 때 감정,채용 면접 일정이 갑자기 몰릴 때 느끼는 복합적인 감정은 무엇인가요?,면접 기회가 많아졌는데도 마냥 좋지 않은 게 정상일까요?
420,507,IG-010,이력서·자소서,공통(전직무),자기소개서를 쓸 때 참고할 만한 실전 꿀팁은 무엇인가요?,"취준생들을 위한 자기소개서 작성 꿀팁을 정리해 소개하는 게시물로, 저장해두고 참고하기 좋은 실전 팁 모음입니다.",인스타그램 해시태그 크롤링,인스타그램 게시물 - #자기소개서,https://www.instagram.com/p/DFzDHRvsPXK/ (2025-02-08),자기소개서 해시태그 게시물에서 확인한 작성 꿀팁 요약,2026-10-05,미검토,,중,"인스타그램 해시태그 크롤링 기반 수집, 원문 저작권 보호를 위해 요약만 저장, 작성자 계정명 익명화(미저장) | 수집일: 2026-10-05 | 중단된 수집(경험·포트폴리오 태그 미수집)",N,"자기소개서 작성할 때 도움이 되는 실전 팁은 어떤 게 있나요?,자기소개서 쓸 때 참고할 꿀팁 뭐 있어?,자소서 쓸 때 실전 꿀팁 머 있음?,자기소개서 작성 실전 꿀팁,저는 자기소개서를 처음 써보는데 참고할 만한 실전 꿀팁이 있을까요?,자기소개서 실전 꿀팁 좀 정리해 주세요,자소서 꿀팁,입사 지원용 자기소개서를 쓸 때 참고할 실전 팁은 무엇인가요?,자기소개서 꿀팁만 참고해서 써도 괜찮을까요?",자기소개서 작성할 때 도움이 되는 실전 팁은 어떤 게 있나요?,자기소개서 쓸 때 참고할 꿀팁 뭐 있어?,자소서 쓸 때 실전 꿀팁 머 있음?,자기소개서 작성 실전 꿀팁,저는 자기소개서를 처음 써보는데 참고할 만한 실전 꿀팁이 있을까요?,자기소개서 실전 꿀팁 좀 정리해 주세요,자소서 꿀팁,입사 지원용 자기소개서를 쓸 때 참고할 실전 팁은 무엇인가요?,자기소개서 꿀팁만 참고해서 써도 괜찮을까요?
421,508,IG-011,이력서·자소서,공통(전직무),채용담당자가 꼽는 자소서·면접의 좋은 답변과 나쁜 답변은 무엇인가요?,"실제 채용담당자가 선정한 자기소개서와 면접의 최고·최악 답변 사례를 비교해 소개하는 콘텐츠로, 좋은 답변과 피해야 할 답변의 차이를 보여줍니다.",인스타그램 해시태그 크롤링,인스타그램 게시물 - #자기소개서,https://www.instagram.com/p/DGiTyO6h7Iv/ (2025-02-26),자기소개서 해시태그 게시물에서 확인한 채용담당자 평가 기준 요약,2026-10-05,미검토,,중,"인스타그램 해시태그 크롤링 기반 수집, 원문 저작권 보호를 위해 요약만 저장, 작성자 계정명 익명화(미저장) | 수집일: 2026-10-05 | 중단된 수집(경험·포트폴리오 태그 미수집)",N,"인사담당자가 뽑은 자기소개서와 면접의 좋은 답변과 나쁜 답변은 어떤 건가요?,채용담당자가 말하는 자소서랑 면접 좋은 답변 나쁜 답변 뭐야?,채용담당자 픽 자소서 면접 최고 답변 최악 답변 머임?,채용담당자 자소서 면접 좋은 답변 나쁜 답변,저는 자소서와 면접 답변을 준비 중인데 채용담당자가 보는 좋은 답변과 나쁜 답변이 궁금해요,채용담당자가 꼽은 자소서와 면접 좋은 답변 나쁜 답변 좀 알려주세요,채용담당자 최악 답변,채용 담당자 기준으로 자기소개서와 면접에서 피해야 할 답변은 무엇인가요?,채용담당자가 싫어하는 자소서나 면접 답변을 쓰면 불리한가요?",인사담당자가 뽑은 자기소개서와 면접의 좋은 답변과 나쁜 답변은 어떤 건가요?,채용담당자가 말하는 자소서랑 면접 좋은 답변 나쁜 답변 뭐야?,채용담당자 픽 자소서 면접 최고 답변 최악 답변 머임?,채용담당자 자소서 면접 좋은 답변 나쁜 답변,저는 자소서와 면접 답변을 준비 중인데 채용담당자가 보는 좋은 답변과 나쁜 답변이 궁금해요,채용담당자가 꼽은 자소서와 면접 좋은 답변 나쁜 답변 좀 알려주세요,채용담당자 최악 답변,채용 담당자 기준으로 자기소개서와 면접에서 피해야 할 답변은 무엇인가요?,채용담당자가 싫어하는 자소서나 면접 답변을 쓰면 불리한가요?
422,509,IG-012,이력서·자소서,공통(전직무),채용 플랫폼이 제시하는 이력서 작성 가이드는 어떤 내용인가요?,"채용 플랫폼 공식 계정이 연재한 이력서 작성 가이드 시리즈 중 하나로, 이력서 작성 시 참고할 수 있는 기본 가이드를 제공합니다.",인스타그램 해시태그 크롤링,인스타그램 게시물 - #자기소개서,https://www.instagram.com/p/CMblsQ3BV2Y/ (2021-03-15),자기소개서 해시태그 게시물에서 확인한 이력서 가이드 요약,2026-10-05,미검토,,중,"인스타그램 해시태그 크롤링 기반 수집, 원문 저작권 보호를 위해 요약만 저장, 작성자 계정명 익명화(미저장) | 수집일: 2026-10-05 | 중단된 수집(경험·포트폴리오 태그 미수집)",N,"채용 사이트에서 안내하는 이력서 작성 가이드에는 어떤 내용이 있나요?,채용 플랫폼 이력서 작성 가이드 내용 뭐야?,채용 플랫폼에서 알려주는 이력서 쓰는 법 머임?,채용 플랫폼 이력서 작성 가이드,저는 이력서를 처음 써보는데 채용 플랫폼에서 주는 작성 가이드가 어떤 내용인지 궁금해요,채용 플랫폼 이력서 작성 가이드 내용 좀 정리해 주세요,플랫폼 이력서 가이드,입사 지원용 이력서 작성에 대해 채용 플랫폼이 안내하는 내용은 무엇인가요?,채용 플랫폼 이력서 가이드만 따라 써도 괜찮을까요?",채용 사이트에서 안내하는 이력서 작성 가이드에는 어떤 내용이 있나요?,채용 플랫폼 이력서 작성 가이드 내용 뭐야?,채용 플랫폼에서 알려주는 이력서 쓰는 법 머임?,채용 플랫폼 이력서 작성 가이드,저는 이력서를 처음 써보는데 채용 플랫폼에서 주는 작성 가이드가 어떤 내용인지 궁금해요,채용 플랫폼 이력서 작성 가이드 내용 좀 정리해 주세요,플랫폼 이력서 가이드,입사 지원용 이력서 작성에 대해 채용 플랫폼이 안내하는 내용은 무엇인가요?,채용 플랫폼 이력서 가이드만 따라 써도 괜찮을까요?
423,510,IG-013,이력서·자소서,공통(전직무),공기업 자기소개서의 지원동기 항목은 어떻게 작성하면 좋을까요?,"공기업 자기소개서 작성법과 예시를 다루는 콘텐츠로, 지원동기 항목을 중심으로 작성 방법을 안내합니다.",인스타그램 해시태그 크롤링,인스타그램 게시물 - #자기소개서,https://www.instagram.com/p/Cl5kKaOvkko/ (2022-12-08),자기소개서 해시태그 게시물에서 확인한 공기업 지원동기 작성법 요약,2026-10-05,미검토,,중,"인스타그램 해시태그 크롤링 기반 수집, 원문 저작권 보호를 위해 요약만 저장, 작성자 계정명 익명화(미저장) | 수집일: 2026-10-05 | 중단된 수집(경험·포트폴리오 태그 미수집)",N,"공기업 자기소개서 지원동기 문항은 어떤 식으로 쓰면 좋을까요?,공기업 자소서 지원동기 어떻게 써?,공기업 자소서 지원동기 어케 씀?,공기업 자기소개서 지원동기 작성법 예시,저는 공기업 입사를 준비 중인데 자기소개서 지원동기 항목을 어떻게 써야 할까요?,공기업 자기소개서 지원동기 쓰는 법 좀 알려주세요,공기업 지원동기 작성,공기업 입사 지원 자기소개서의 지원동기는 무엇을 중심으로 작성하나요?,공기업 자기소개서 지원동기를 평범하게 쓰면 불리할까요?",공기업 자기소개서 지원동기 문항은 어떤 식으로 쓰면 좋을까요?,공기업 자소서 지원동기 어떻게 써?,공기업 자소서 지원동기 어케 씀?,공기업 자기소개서 지원동기 작성법 예시,저는 공기업 입사를 준비 중인데 자기소개서 지원동기 항목을 어떻게 써야 할까요?,공기업 자기소개서 지원동기 쓰는 법 좀 알려주세요,공기업 지원동기 작성,공기업 입사 지원 자기소개서의 지원동기는 무엇을 중심으로 작성하나요?,공기업 자기소개서 지원동기를 평범하게 쓰면 불리할까요?
424,511,IG-014,이력서·자소서,공통(전직무),자기소개서에서 계속 탈락하는 경우 어떤 점을 점검해봐야 하나요?,"반복해서 자기소개서 단계에서 탈락하는 이유를 짚어보는 콘텐츠로, 흔히 놓치기 쉬운 자소서 작성의 문제점을 점검하도록 안내합니다.",인스타그램 해시태그 크롤링,인스타그램 게시물 - #자기소개서,https://www.instagram.com/p/DUr_18hE5dY/ (2026-02-13),자기소개서 해시태그 게시물에서 확인한 탈락 원인 점검 요약,2026-10-05,미검토,,중,"인스타그램 해시태그 크롤링 기반 수집, 원문 저작권 보호를 위해 요약만 저장, 작성자 계정명 익명화(미저장) | 수집일: 2026-10-05 | 중단된 수집(경험·포트폴리오 태그 미수집)",N,"자기소개서 단계에서 자꾸 떨어진다면 무엇을 확인해봐야 하나요?,자소서에서 계속 떨어지면 뭘 점검해야 해?,자소서 계속 서탈하는데 머가 문제임?,자기소개서 반복 탈락 점검 사항,저는 자기소개서에서 계속 탈락하고 있는데 어떤 부분을 점검해봐야 할까요?,자기소개서 계속 떨어질 때 점검할 점 좀 알려주세요,자소서 계속 탈락,서류 전형 자기소개서에서 반복 탈락할 때 놓치기 쉬운 문제는 무엇인가요?,자기소개서에서 계속 떨어지는 게 제 자소서 문제일까요?",자기소개서 단계에서 자꾸 떨어진다면 무엇을 확인해봐야 하나요?,자소서에서 계속 떨어지면 뭘 점검해야 해?,자소서 계속 서탈하는데 머가 문제임?,자기소개서 반복 탈락 점검 사항,저는 자기소개서에서 계속 탈락하고 있는데 어떤 부분을 점검해봐야 할까요?,자기소개서 계속 떨어질 때 점검할 점 좀 알려주세요,자소서 계속 탈락,서류 전형 자기소개서에서 반복 탈락할 때 놓치기 쉬운 문제는 무엇인가요?,자기소개서에서 계속 떨어지는 게 제 자소서 문제일까요?
425,512,IG-015,이력서·자소서,공통(전직무),자기소개서의 성장과정·성격소개 항목은 어떻게 작성하나요?,"자기소개서의 성장과정과 성격소개 항목에 대한 작성 샘플을 제공하는 콘텐츠로, 해당 항목을 어떻게 구성하면 좋을지 예시를 통해 보여줍니다.",인스타그램 해시태그 크롤링,인스타그램 게시물 - #자기소개서,https://www.instagram.com/p/Bu_l9xiB6ww/ (2019-03-15),자기소개서 해시태그 게시물에서 확인한 성장과정·성격소개 작성 예시 요약,2026-10-05,미검토,,중,"인스타그램 해시태그 크롤링 기반 수집, 원문 저작권 보호를 위해 요약만 저장, 작성자 계정명 익명화(미저장) | 수집일: 2026-10-05 | 중단된 수집(경험·포트폴리오 태그 미수집)",N,"자기소개서 성장과정과 성격소개 문항은 어떻게 쓰면 되나요?,자소서 성장과정이랑 성격소개 어떻게 써?,자소서 성장과정 성격 장단점 칸 어케 씀?,자기소개서 성장과정 성격소개 작성 예시,저는 자기소개서 성장과정과 성격소개 항목을 쓰다가 막혔는데 어떻게 작성하나요?,자기소개서 성장과정 성격소개 작성 샘플 좀 알려주세요,성장과정 성격소개 작성,입사 지원 자기소개서의 성장과정과 성격소개 항목은 어떻게 구성하나요?,자기소개서 성장과정을 평범하게 써도 괜찮을까요?",자기소개서 성장과정과 성격소개 문항은 어떻게 쓰면 되나요?,자소서 성장과정이랑 성격소개 어떻게 써?,자소서 성장과정 성격 장단점 칸 어케 씀?,자기소개서 성장과정 성격소개 작성 예시,저는 자기소개서 성장과정과 성격소개 항목을 쓰다가 막혔는데 어떻게 작성하나요?,자기소개서 성장과정 성격소개 작성 샘플 좀 알려주세요,성장과정 성격소개 작성,입사 지원 자기소개서의 성장과정과 성격소개 항목은 어떻게 구성하나요?,자기소개서 성장과정을 평범하게 써도 괜찮을까요?
426,513,R-C02-001,채용공고·지원전략,경영·사무·인사,"최근 청년층 취업 경기가 전반적으로 어려워졌다고 하는데, 실제 지표로 확인되나요?","2026년 들어 청년실업률이 7.7%까지 올라 5년 만에 가장 높은 수준을 기록했고, 청년고용률도 43.6%로 23개월 연속 하락했습니다. 청년취업자 수 자체도 41개월 연속 감소하는 등 여러 지표가 동시에 나빠지고 있어, 특정 업종만의 문제가 아니라 신입 채용시장 전반이 위축된 상태로 보는 것이 맞습니다.",Claude 웹 리서치(채용공고 해석·지원전략 및 직무군별 채용시장 트렌드 조사),통계청/국가데이터처 고용동향 보도 - 한국경제,https://www.hankyung.com/article/202603188385Y,"2026년 청년실업률 7.7%(5년 만 최고), 청년고용률 43.6%(23개월 연속 감소) 등 청년 고용지표 보도",2026-10-05,미검토,,상,웹 리서치(공공기관 통계·언론 보도) 기반 자체 조사·작성 | 수집일: 2026-10-05,N,"요즘 청년 취업 시장이 나빠졌다는 게 실제 통계로도 나타나나요?,청년 취업 경기 어려워진 거 실제 지표로도 맞아?,요즘 청년 취준 시장 어렵다는 거 통계로 확인됨?,청년 취업 경기 지표 청년실업률 고용률,저는 취준 중인데 요즘 청년 취업이 어렵다는 게 실제 지표로도 확인되는지 궁금해요,청년층 취업 경기 관련 실제 지표 좀 알려주세요,청년 취업 경기 지표,청년층 채용 시장이 위축됐다는 게 고용 통계로도 확인되나요?,청년 취업 경기가 이렇게 안 좋으면 지금 취준하는 게 불리할까요?",요즘 청년 취업 시장이 나빠졌다는 게 실제 통계로도 나타나나요?,청년 취업 경기 어려워진 거 실제 지표로도 맞아?,요즘 청년 취준 시장 어렵다는 거 통계로 확인됨?,청년 취업 경기 지표 청년실업률 고용률,저는 취준 중인데 요즘 청년 취업이 어렵다는 게 실제 지표로도 확인되는지 궁금해요,청년층 취업 경기 관련 실제 지표 좀 알려주세요,청년 취업 경기 지표,청년층 채용 시장이 위축됐다는 게 고용 통계로도 확인되나요?,청년 취업 경기가 이렇게 안 좋으면 지금 취준하는 게 불리할까요?
427,514,R-C02-002,채용공고·지원전략,연구·엔지니어링·제조기술,"제조업 쪽 신입 공채가 줄었다는 이야기가 있는데, 실제로도 그런가요?","최근 발표된 고용동향에 따르면 청년취업자 수가 41개월 연속 줄어드는 가운데 제조업에서도 청년 취업자가 뚜렷하게 감소한 것으로 나타났습니다. 전체 채용시장이 위축된 흐름 속에서 제조업 역시 예외가 아니므로, 신입 지원자는 특정 기업 한두 곳의 공고 유무보다는 업종 전반의 채용 속도가 느려졌다는 점을 염두에 두고 지원 범위를 넓게 잡는 것이 좋습니다.",Claude 웹 리서치(채용공고 해석·지원전략 및 직무군별 채용시장 트렌드 조사),통계청 고용동향 보도 - 데일리안,https://dailian.co.kr/news/view/1633708,"2026년 청년취업자 41개월 연속 감소, 제조업·건설업·도소매업 청년 취업자 감소 보도",2026-10-05,미검토,,중,웹 리서치(공공기관 통계·언론 보도) 기반 자체 조사·작성 | 수집일: 2026-10-05,N,"제조업 분야 신입 공개채용이 감소했다는 말이 사실인가요?,제조업 신입 공채 줄었다는 거 진짜야?,제조업 신입 공채 줄었다던데 진짜임?,제조업 신입 공채 감소,저는 제조업 쪽 취업을 준비하는데 신입 공채가 줄었다는 이야기가 사실인가요?,제조업 신입 공채 감소 추세 좀 알려주세요,제조업 공채 감소,제조업 신입 채용 공고가 실제로 줄어들고 있는 건가요?,제조업 신입 공채가 줄었다면 지금 지원하기 불리할까요?",제조업 분야 신입 공개채용이 감소했다는 말이 사실인가요?,제조업 신입 공채 줄었다는 거 진짜야?,제조업 신입 공채 줄었다던데 진짜임?,제조업 신입 공채 감소,저는 제조업 쪽 취업을 준비하는데 신입 공채가 줄었다는 이야기가 사실인가요?,제조업 신입 공채 감소 추세 좀 알려주세요,제조업 공채 감소,제조업 신입 채용 공고가 실제로 줄어들고 있는 건가요?,제조업 신입 공채가 줄었다면 지금 지원하기 불리할까요?
428,515,R-C02-003,채용공고·지원전략,생산·물류·서비스,도소매·서비스 직군도 청년 채용이 줄어드는 추세인가요?,"통계청 고용동향 발표에서 도소매업도 제조업·건설업과 함께 청년 취업자가 줄어든 업종으로 언급됐습니다. 다만 아래에서 다룰 이커머스·물류 쪽은 오히려 인력을 늘리는 기업도 있어, '도소매·서비스'로 묶어 일반화하기보다는 세부 업태(오프라인 유통 vs 이커머스·물류)별로 채용 분위기가 다르다는 점을 구분해서 보는 것이 더 정확합니다.",Claude 웹 리서치(채용공고 해석·지원전략 및 직무군별 채용시장 트렌드 조사),통계청 고용동향 보도 - 데일리안,https://dailian.co.kr/news/view/1633708,제조업·건설업·도소매업 청년 취업자 감소 보도(업종별 세부 차이 존재),2026-10-05,미검토,,중,웹 리서치(공공기관 통계·언론 보도) 기반 자체 조사·작성 | 수집일: 2026-10-05,N,"도소매/서비스 직군에서도 청년 채용이 감소하고 있나요?,도소매 서비스 쪽도 청년 채용 줄어드는 중이야?,도소매 서비스 직군 청년 채용 TO 줄었음?,도소매 서비스 직군 청년 채용 감소 추세,저는 도소매/서비스 직군을 준비 중인데 청년 채용이 줄고 있는지 궁금해요,도소매/서비스 직군 청년 채용 추세 좀 알려주세요,도소매 서비스 청년 채용,도소매/서비스 업종의 청년 신규 채용도 줄어드는 흐름인가요?,도소매/서비스 직군 청년 채용이 줄면 지원하기 불리할까요?",도소매/서비스 직군에서도 청년 채용이 감소하고 있나요?,도소매 서비스 쪽도 청년 채용 줄어드는 중이야?,도소매 서비스 직군 청년 채용 TO 줄었음?,도소매 서비스 직군 청년 채용 감소 추세,저는 도소매/서비스 직군을 준비 중인데 청년 채용이 줄고 있는지 궁금해요,도소매/서비스 직군 청년 채용 추세 좀 알려주세요,도소매 서비스 청년 채용,도소매/서비스 업종의 청년 신규 채용도 줄어드는 흐름인가요?,도소매/서비스 직군 청년 채용이 줄면 지원하기 불리할까요?
429,516,R-C02-004,채용공고·지원전략,IT·개발·데이터,개발자 취업이 예전보다 어려워졌다는 게 체감이 아니라 실제 데이터로도 나오나요?,"2026년 하반기 기준 소프트웨어 인력 증가율이 0.2%로, 전년의 7.3%에 비해 크게 꺾인 것으로 나타났습니다. 산업 전체가 인력을 늘리던 속도가 거의 멈춘 수준이라, 신입 개발자가 느끼는 채용 체감 난이도가 실제로도 높아졌다고 볼 수 있는 수치입니다.",Claude 웹 리서치(채용공고 해석·지원전략 및 직무군별 채용시장 트렌드 조사),잡플래닛 취업 콘텐츠,https://www.jobplanet.co.kr/contents/news-8452/2026-하반기-신입-개발자-취업-현실과-전략은,"2026년 하반기 SW 인력 증가율 0.2%(전년 7.3%)로 급감, 신입 개발자 채용시장 분석",2026-10-05,미검토,,상,웹 리서치(공공기관 통계·언론 보도) 기반 자체 조사·작성 | 수집일: 2026-10-05,N,"개발자 취업이 힘들어졌다는 게 느낌이 아니라 실제 통계로도 확인되나요?,개발자 취업 어려워진 거 데이터로도 나와?,개발자 취준 힘들어진 거 체감 말고 실제 수치로 나옴?,개발자 취업 난이도 실제 데이터 SW 인력 증가율,저는 개발자 취업을 준비하는데 예전보다 어려워졌다는 게 실제 데이터로도 맞는지 궁금해요,개발자 취업이 어려워졌다는 실제 데이터 좀 알려주세요,개발자 취업 데이터,개발자 채용 시장 위축이 소프트웨어 인력 통계로도 확인되나요?,개발자 취업이 어려워졌다면 지금 준비해도 괜찮을까요?",개발자 취업이 힘들어졌다는 게 느낌이 아니라 실제 통계로도 확인되나요?,개발자 취업 어려워진 거 데이터로도 나와?,개발자 취준 힘들어진 거 체감 말고 실제 수치로 나옴?,개발자 취업 난이도 실제 데이터 SW 인력 증가율,저는 개발자 취업을 준비하는데 예전보다 어려워졌다는 게 실제 데이터로도 맞는지 궁금해요,개발자 취업이 어려워졌다는 실제 데이터 좀 알려주세요,개발자 취업 데이터,개발자 채용 시장 위축이 소프트웨어 인력 통계로도 확인되나요?,개발자 취업이 어려워졌다면 지금 준비해도 괜찮을까요?
430,517,R-C02-005,채용공고·지원전략,IT·개발·데이터,AI 관련 직무는 지금도 신입을 많이 뽑는 편인가요?,"전체 SW 인력 증가세가 꺾인 것과 달리 AI 관련 채용공고는 신입 대상 공고가 전년 대비 약 80% 늘어난 것으로 나타났습니다. 즉 개발 직군 전체가 아니라 AI·데이터 관련 세부 직무로 신입 채용 수요가 몰리고 있는 모습이므로, 지원 방향을 잡을 때 '개발자'로 넓게 보지 말고 AI·데이터 관련 세부 역량을 어필하는 쪽이 유리합니다.",Claude 웹 리서치(채용공고 해석·지원전략 및 직무군별 채용시장 트렌드 조사),잡플래닛 취업 콘텐츠,https://www.jobplanet.co.kr/contents/news-8452/2026-하반기-신입-개발자-취업-현실과-전략은,AI 관련 채용공고 신입 대상 전년 대비 약 80% 증가 보도,2026-10-05,미검토,,상,웹 리서치(공공기관 통계·언론 보도) 기반 자체 조사·작성 | 수집일: 2026-10-05,N,"AI 관련 직무는 요즘도 신입 채용이 활발한 편인가요?,AI 직무는 지금도 신입 많이 뽑아?,AI 직무 신입 TO 요즘도 많음?,AI 직무 신입 채용 공고 추세,저는 AI 관련 직무로 신입 지원을 생각 중인데 요즘도 많이 뽑는지 궁금해요,AI 관련 직무 신입 채용 현황 좀 알려주세요,AI 직무 신입 채용,AI 관련 직무의 신입 채용 공고는 최근 늘어나고 있나요?,AI 관련 직무로 신입 지원해도 승산이 있을까요?",AI 관련 직무는 요즘도 신입 채용이 활발한 편인가요?,AI 직무는 지금도 신입 많이 뽑아?,AI 직무 신입 TO 요즘도 많음?,AI 직무 신입 채용 공고 추세,저는 AI 관련 직무로 신입 지원을 생각 중인데 요즘도 많이 뽑는지 궁금해요,AI 관련 직무 신입 채용 현황 좀 알려주세요,AI 직무 신입 채용,AI 관련 직무의 신입 채용 공고는 최근 늘어나고 있나요?,AI 관련 직무로 신입 지원해도 승산이 있을까요?
431,518,R-C02-006,채용공고·지원전략,IT·개발·데이터,"개발 직군 신입 공채가 줄었다면, 인턴이나 부트캠프 경력이 더 중요해진 건가요?","SW 인력 증가율이 전년보다 크게 둔화된 시기에는 기업들이 바로 실무에 투입할 수 있는 지원자를 선호하는 경향이 커지는 것이 일반적인 채용시장 흐름입니다. 신입 공채 문이 좁아진 시기일수록 인턴·부트캠프·사이드 프로젝트 등으로 실무 경험을 쌓은 지원자가 상대적으로 눈에 띄기 쉬우므로, 지원 전에 짧은 프로젝트라도 결과물로 정리해두는 것이 좋습니다.",Claude 웹 리서치(채용공고 해석·지원전략 및 직무군별 채용시장 트렌드 조사),잡플래닛 취업 콘텐츠(해석),https://www.jobplanet.co.kr/contents/news-8452/2026-하반기-신입-개발자-취업-현실과-전략은,SW 인력 증가율 급감 시기의 신입 채용 경향에 대한 해석,2026-10-05,미검토,,중,통계 자체보다 Claude의 해석을 포함한 답변 | 수집일: 2026-10-05,N,"개발 직군 신입 공개채용이 감소했다면 인턴이나 부트캠프 이력이 더 중요해졌나요?,개발 직군 신입 공채 줄었으면 인턴이나 부트캠프 경력이 더 중요해진 거야?,개발 신입 공채 줄어서 인턴이나 부트캠프 스펙이 더 중요해짐?,개발 직군 신입 공채 감소 인턴 부트캠프 경력 중요도,저는 개발 직군 신입 공채를 준비 중인데 인턴이나 부트캠프 경력이 더 중요해졌는지 궁금해요,개발 직군 신입 공채 줄었을 때 인턴이나 부트캠프 경력 중요성 좀 알려주세요,개발 신입 인턴 부트캠프,개발 직군 신입 채용이 줄어든 상황에서 인턴이나 부트캠프 경험이 더 유리한가요?,개발 직군 신입인데 인턴이나 부트캠프 경력이 없으면 불리할까요?",개발 직군 신입 공개채용이 감소했다면 인턴이나 부트캠프 이력이 더 중요해졌나요?,개발 직군 신입 공채 줄었으면 인턴이나 부트캠프 경력이 더 중요해진 거야?,개발 신입 공채 줄어서 인턴이나 부트캠프 스펙이 더 중요해짐?,개발 직군 신입 공채 감소 인턴 부트캠프 경력 중요도,저는 개발 직군 신입 공채를 준비 중인데 인턴이나 부트캠프 경력이 더 중요해졌는지 궁금해요,개발 직군 신입 공채 줄었을 때 인턴이나 부트캠프 경력 중요성 좀 알려주세요,개발 신입 인턴 부트캠프,개발 직군 신입 채용이 줄어든 상황에서 인턴이나 부트캠프 경험이 더 유리한가요?,개발 직군 신입인데 인턴이나 부트캠프 경력이 없으면 불리할까요?
432,519,R-C04-001,경험·포트폴리오,경영·사무·인사,신입 지원할 때 인턴 경험이 없으면 많이 불리한가요?,"인사담당자를 대상으로 한 설문에서 51%가 '인턴 경력이 필요하다'고 답했고, 신입 평가 시 가장 중요하게 보는 항목 1위로 인턴 경험이 32.1%의 응답을 받았습니다. 절반 이상의 기업이 인턴 경험을 필요로 한다고 보는 셈이라, 불리함이 전혀 없다고 말하기는 어렵지만, 나머지 다수는 다른 경험(공모전·프로젝트 등)으로도 보완 가능하다고 보고 있다는 뜻이기도 합니다.",Claude 웹 리서치(채용공고 해석·지원전략 및 직무군별 채용시장 트렌드 조사),SBS Biz 채용 설문 보도,https://biz.sbs.co.kr/amp/article/10000836834,"인사담당자 51% 인턴경력 필요 응답, 신입 평가 중점항목 1위 인턴경험(32.1%)",2026-10-05,미검토,,상,웹 리서치(공공기관 통계·언론 보도) 기반 자체 조사·작성 | 수집일: 2026-10-05,N,"신입으로 지원할 때 인턴 경력이 없으면 많이 손해인가요?,신입 지원하는데 인턴 경험 없으면 많이 불리해?,신입 지원할 때 인턴 경험 없으면 서탈 각임?,신입 지원 인턴 경험 없음 불리,저는 신입으로 지원하려는데 인턴 경험이 없어서 많이 불리한지 궁금해요,신입 지원 시 인턴 경험이 없을 때 불리한 정도 좀 알려주세요,인턴 경험 없는 신입,신입 입사 지원에서 인턴 경력이 없으면 평가에 영향이 큰가요?,인턴 경험 없이 신입 지원해도 괜찮을까요?",신입으로 지원할 때 인턴 경력이 없으면 많이 손해인가요?,신입 지원하는데 인턴 경험 없으면 많이 불리해?,신입 지원할 때 인턴 경험 없으면 서탈 각임?,신입 지원 인턴 경험 없음 불리,저는 신입으로 지원하려는데 인턴 경험이 없어서 많이 불리한지 궁금해요,신입 지원 시 인턴 경험이 없을 때 불리한 정도 좀 알려주세요,인턴 경험 없는 신입,신입 입사 지원에서 인턴 경력이 없으면 평가에 영향이 큰가요?,인턴 경험 없이 신입 지원해도 괜찮을까요?
433,520,R-C04-002,경험·포트폴리오,영업·마케팅,인턴 경험이 없다면 서류에서 어떤 걸로 대신 어필하는 게 좋을까요?,"신입 평가에서 인턴 경험이 가장 많이 언급되긴 하지만 32.1%라는 수치는 '전부'가 아니라 '가장 많이 언급된 하나'라는 뜻이기도 합니다. 영업·마케팅 직무는 공모전 성과, 서포터즈·대외활동, 아르바이트에서의 고객 대응 경험처럼 실제 사람을 상대한 사례를 구체적인 숫자(참여 인원, 매출·조회수 변화 등)와 함께 정리해두면 인턴 경험의 공백을 상당 부분 메울 수 있습니다.",Claude 웹 리서치(채용공고 해석·지원전략 및 직무군별 채용시장 트렌드 조사),SBS Biz 채용 설문 보도(해석),https://biz.sbs.co.kr/amp/article/10000836834,신입 평가 중점항목 1위 인턴경험(32.1%) - 나머지 비중에 대한 해석,2026-10-05,미검토,,중,통계 자체보다 Claude의 해석을 포함한 답변 | 수집일: 2026-10-05,N,"인턴 경력이 없을 때 서류 전형에서 무엇으로 대신 강조하면 좋을까요?,인턴 경험 없으면 서류에서 뭘로 어필해야 해?,인턴 경험 없는데 서류에서 머로 어필함?,인턴 경험 없을 때 서류 대체 어필 방법,저는 인턴 경험이 없는데 서류에서 어떤 걸로 대신 어필하면 좋을까요?,인턴 경험 없을 때 서류에서 어필할 방법 좀 알려주세요,인턴 없이 서류 어필,인턴 경험이 없는 지원자는 서류 전형에서 어떤 경험을 내세우면 좋나요?,인턴 경험 없이 다른 경험만으로 서류 내도 괜찮을까요?",인턴 경력이 없을 때 서류 전형에서 무엇으로 대신 강조하면 좋을까요?,인턴 경험 없으면 서류에서 뭘로 어필해야 해?,인턴 경험 없는데 서류에서 머로 어필함?,인턴 경험 없을 때 서류 대체 어필 방법,저는 인턴 경험이 없는데 서류에서 어떤 걸로 대신 어필하면 좋을까요?,인턴 경험 없을 때 서류에서 어필할 방법 좀 알려주세요,인턴 없이 서류 어필,인턴 경험이 없는 지원자는 서류 전형에서 어떤 경험을 내세우면 좋나요?,인턴 경험 없이 다른 경험만으로 서류 내도 괜찮을까요?
434,521,R-C04-003,경험·포트폴리오,디자인·콘텐츠,디자인 직군은 포트폴리오가 인턴 경험보다 더 중요하게 평가되나요?,"전체 신입 평가 설문에서는 인턴 경험이 가장 많이 언급된 항목이었지만, 디자인·콘텐츠처럼 결과물로 역량을 바로 확인할 수 있는 직무는 포트폴리오 자체가 사실상 '실무 경험의 증거'로 함께 작용하는 경우가 많습니다. 다만 이는 설문에서 직군별로 세분화해 확인된 수치는 아니므로, 디자인 직군이라면 포트폴리오 완성도와 함께 짧은 인턴·외주 경험이 있는지도 같이 챙기는 것이 안전합니다.",Claude 웹 리서치(채용공고 해석·지원전략 및 직무군별 채용시장 트렌드 조사),SBS Biz 채용 설문 보도(해석),https://biz.sbs.co.kr/amp/article/10000836834,신입 평가 중점항목 설문 결과를 디자인 직군 관점에서 해석,2026-10-05,미검토,,중,직군별 세분화 수치는 확인되지 않아 Claude의 해석을 포함 | 수집일: 2026-10-05,N,"디자인 직군에서는 포트폴리오가 인턴 경력보다 더 높게 평가되나요?,디자인 직군은 포폴이 인턴 경험보다 더 중요해?,디자인 직군 포폴 vs 인턴 경험 머가 더 중요함?,디자인 직군 포트폴리오 인턴 경험 중요도 비교,저는 디자인 직군을 준비하는데 인턴 경험보다 포트폴리오가 더 중요한지 궁금해요,디자인 직군에서 포트폴리오와 인턴 경험 중 뭐가 중요한지 좀 알려주세요,디자인 포폴 인턴 비교,디자인 직군 신입 채용에서 포트폴리오가 인턴 경험보다 우선 평가되나요?,디자인 직군인데 인턴 경험 없이 포트폴리오만 있어도 괜찮을까요?",디자인 직군에서는 포트폴리오가 인턴 경력보다 더 높게 평가되나요?,디자인 직군은 포폴이 인턴 경험보다 더 중요해?,디자인 직군 포폴 vs 인턴 경험 머가 더 중요함?,디자인 직군 포트폴리오 인턴 경험 중요도 비교,저는 디자인 직군을 준비하는데 인턴 경험보다 포트폴리오가 더 중요한지 궁금해요,디자인 직군에서 포트폴리오와 인턴 경험 중 뭐가 중요한지 좀 알려주세요,디자인 포폴 인턴 비교,디자인 직군 신입 채용에서 포트폴리오가 인턴 경험보다 우선 평가되나요?,디자인 직군인데 인턴 경험 없이 포트폴리오만 있어도 괜찮을까요?
435,522,R-C02-007,채용공고·지원전략,금융·회계,은행권 신입 공채 규모가 예전보다 줄었다는 게 맞나요?,"4대 은행의 2026년 상반기 신입 채용 규모는 485명으로, 전년 같은 기간 595명보다 약 18.5% 줄었습니다. 은행권 전통적인 공채 규모가 축소되는 흐름이 실제 수치로 확인되는 만큼, 은행 신입 지원자는 한두 번의 대규모 공채만 기다리기보다 수시 채용 공고도 함께 챙겨보는 것이 필요합니다.",Claude 웹 리서치(채용공고 해석·지원전략 및 직무군별 채용시장 트렌드 조사),새한일보/상주경제 금융권 채용 보도,https://sateconomy.co.kr/news/view/1065571246306524,"4대 은행 2026년 상반기 신입채용 485명(전년 595명, -18.5%) 보도",2026-10-05,미검토,,상,웹 리서치(공공기관 통계·언론 보도) 기반 자체 조사·작성 | 수집일: 2026-10-05,N,"은행권 신입 공개채용 인원이 예전에 비해 감소한 게 사실인가요?,은행권 신입 공채 규모 줄었다는 거 맞아?,은행권 신입 공채 TO 줄었다던데 진짜임?,은행권 신입 공채 규모 감소,저는 은행권 취업을 준비하는데 신입 공채 규모가 줄었다는 게 맞는지 궁금해요,은행권 신입 공채 규모 변화 좀 알려주세요,은행 공채 규모 감소,은행권 신입 채용 인원이 전년보다 실제로 줄어들었나요?,은행권 신입 공채가 줄었다면 지금 준비해도 괜찮을까요?",은행권 신입 공개채용 인원이 예전에 비해 감소한 게 사실인가요?,은행권 신입 공채 규모 줄었다는 거 맞아?,은행권 신입 공채 TO 줄었다던데 진짜임?,은행권 신입 공채 규모 감소,저는 은행권 취업을 준비하는데 신입 공채 규모가 줄었다는 게 맞는지 궁금해요,은행권 신입 공채 규모 변화 좀 알려주세요,은행 공채 규모 감소,은행권 신입 채용 인원이 전년보다 실제로 줄어들었나요?,은행권 신입 공채가 줄었다면 지금 준비해도 괜찮을까요?
436,523,R-C02-008,채용공고·지원전략,금융·회계,"은행권은 이제 신입을 거의 안 뽑는 건가요, 아니면 채용 방식이 바뀐 건가요?","전체 신입 채용 규모는 줄었지만 동시에 AI·디지털 인재를 별도 전형으로 채용하는 은행들이 늘고 있는 것으로 보도됐습니다. 즉 '전체 인원 축소'와 'AI·디지털 등 특정 역량 인재 별도 채용 확대'가 함께 나타나는 구조이므로, 전통적인 일반 공채보다 디지털·데이터 역량을 갖춘 지원자에게 열리는 문이 상대적으로 넓어지고 있다고 볼 수 있습니다.",Claude 웹 리서치(채용공고 해석·지원전략 및 직무군별 채용시장 트렌드 조사),새한일보/상주경제 금융권 채용 보도,https://sateconomy.co.kr/news/view/1065571246306524,4대 은행 신입채용 축소와 AI·디지털 인재 별도채용 확대 동시 보도,2026-10-05,미검토,,중,웹 리서치(공공기관 통계·언론 보도) 기반 자체 조사·작성 | 수집일: 2026-10-05,N,"은행권은 신입 채용을 거의 중단한 건가요 아니면 뽑는 방식이 달라진 건가요?,은행권 이제 신입 거의 안 뽑는 거야 아니면 채용 방식이 바뀐 거야?,은행권 신입 공채 이제 안 하는 거임 아니면 방식 바뀐 거임?,은행권 신입 채용 방식 변화 AI 디지털 전형,저는 은행권을 준비하는데 신입을 안 뽑는 건지 채용 방식이 바뀐 건지 헷갈려요,은행권 신입 채용 방식이 어떻게 바뀌었는지 좀 알려주세요,은행 신입 채용 방식,은행권 신입 채용 전형이 디지털 인재 위주로 바뀌고 있는 건가요?,은행권 신입 채용이 줄면 일반 전형으로 지원하는 건 불리할까요?",은행권은 신입 채용을 거의 중단한 건가요 아니면 뽑는 방식이 달라진 건가요?,은행권 이제 신입 거의 안 뽑는 거야 아니면 채용 방식이 바뀐 거야?,은행권 신입 공채 이제 안 하는 거임 아니면 방식 바뀐 거임?,은행권 신입 채용 방식 변화 AI 디지털 전형,저는 은행권을 준비하는데 신입을 안 뽑는 건지 채용 방식이 바뀐 건지 헷갈려요,은행권 신입 채용 방식이 어떻게 바뀌었는지 좀 알려주세요,은행 신입 채용 방식,은행권 신입 채용 전형이 디지털 인재 위주로 바뀌고 있는 건가요?,은행권 신입 채용이 줄면 일반 전형으로 지원하는 건 불리할까요?
437,524,R-C02-009,채용공고·지원전략,생산·물류·서비스,"전체 채용시장이 안 좋다고 하는데, 물류·이커머스 쪽은 분위기가 다른가요?","쿠팡의 경우 전체 고용 인원이 108,131명으로 전년 대비 8,250명(8.2%) 늘었고, 그중 물류센터(CFS) 인력만 5,517명이 늘어난 것으로 보도됐습니다. 청년 고용 지표 전반이 위축된 가운데서도 이커머스·물류처럼 현장 인력 수요가 꾸준한 업종은 채용을 늘리고 있어, 업종에 따라 체감 채용 분위기가 꽤 다르게 나타납니다.",Claude 웹 리서치(채용공고 해석·지원전략 및 직무군별 채용시장 트렌드 조사),헤럴드경제 쿠팡 고용 현황 보도,https://heraldk.com/article/2026062121493978468,"쿠팡 전체 고용 108,131명(전년 대비 +8,250명, +8.2%), 물류센터(CFS) +5,517명 보도",2026-10-05,미검토,,상,웹 리서치(공공기관 통계·언론 보도) 기반 자체 조사·작성 | 수집일: 2026-10-05,N,"채용시장 전반이 침체됐다는데 물류/이커머스 분야는 상황이 다른가요?,채용시장 안 좋다는데 물류랑 이커머스 쪽은 분위기 달라?,취준 시장 다 안 좋다는데 물류 이커머스는 채용 늘어남?,물류 이커머스 채용 분위기,저는 물류/이커머스 쪽을 생각 중인데 전체 채용시장과 분위기가 다른지 궁금해요,물류/이커머스 쪽 채용 분위기 좀 알려주세요,물류 이커머스 채용,전체 채용 경기가 나빠도 물류/이커머스 업종 채용은 늘고 있나요?,채용시장이 안 좋은데 물류/이커머스 쪽으로 지원해도 괜찮을까요?",채용시장 전반이 침체됐다는데 물류/이커머스 분야는 상황이 다른가요?,채용시장 안 좋다는데 물류랑 이커머스 쪽은 분위기 달라?,취준 시장 다 안 좋다는데 물류 이커머스는 채용 늘어남?,물류 이커머스 채용 분위기,저는 물류/이커머스 쪽을 생각 중인데 전체 채용시장과 분위기가 다른지 궁금해요,물류/이커머스 쪽 채용 분위기 좀 알려주세요,물류 이커머스 채용,전체 채용 경기가 나빠도 물류/이커머스 업종 채용은 늘고 있나요?,채용시장이 안 좋은데 물류/이커머스 쪽으로 지원해도 괜찮을까요?
438,525,R-C02-010,채용공고·지원전략,생산·물류·서비스,물류센터 쪽 채용이 늘고 있다면 어떤 직무에서 사람을 더 많이 뽑는다는 뜻인가요?,"보도에 따르면 쿠팡의 고용 증가분 중 물류센터(CFS) 인력 증가가 5,517명으로 전체 증가분(8,250명)의 상당 부분을 차지합니다. 이는 본사 사무직보다 물류센터 현장 운영·관리 인력 쪽 채용이 더 활발하다는 뜻으로, 생산·물류 직군을 준비한다면 본사 공채 공고뿐 아니라 지역 물류센터 단위로 올라오는 채용공고도 함께 확인하는 것이 좋습니다.",Claude 웹 리서치(채용공고 해석·지원전략 및 직무군별 채용시장 트렌드 조사),헤럴드경제 쿠팡 고용 현황 보도,https://heraldk.com/article/2026062121493978468,쿠팡 전체 고용 증가분 중 물류센터(CFS) 인력 증가 비중 보도,2026-10-05,미검토,,중,웹 리서치(공공기관 통계·언론 보도) 기반 자체 조사·작성 | 수집일: 2026-10-05,N,"물류센터 채용이 늘어난다면 어떤 직무 인력을 주로 더 뽑는다는 의미인가요?,물류센터 채용 늘면 어떤 직무를 더 뽑는다는 거야?,물류센터 채용 늘었다는데 머 하는 직무 뽑는 거임?,물류센터 채용 증가 직무,저는 물류센터 쪽 취업을 생각 중인데 채용이 늘면 어떤 직무를 많이 뽑는지 궁금해요,물류센터 채용 증가로 많이 뽑는 직무 좀 알려주세요,물류센터 채용 직무,물류센터 인력 채용 증가는 어떤 직무의 수요가 늘었다는 뜻인가요?,물류센터 채용이 늘었다고 사무직으로 지원해도 될까요?",물류센터 채용이 늘어난다면 어떤 직무 인력을 주로 더 뽑는다는 의미인가요?,물류센터 채용 늘면 어떤 직무를 더 뽑는다는 거야?,물류센터 채용 늘었다는데 머 하는 직무 뽑는 거임?,물류센터 채용 증가 직무,저는 물류센터 쪽 취업을 생각 중인데 채용이 늘면 어떤 직무를 많이 뽑는지 궁금해요,물류센터 채용 증가로 많이 뽑는 직무 좀 알려주세요,물류센터 채용 직무,물류센터 인력 채용 증가는 어떤 직무의 수요가 늘었다는 뜻인가요?,물류센터 채용이 늘었다고 사무직으로 지원해도 될까요?
439,526,R-C02-011,채용공고·지원전략,의료·보건,간호사·의료 인력은 앞으로도 수요가 많을까요?,"보건사회연구원 전망에 따르면 2030년까지 간호사 인력이 약 158,554명 부족할 것으로 예측됐습니다. 지금 당장의 채용 공고 수만으로는 체감하기 어려울 수 있지만, 중장기적으로 간호 인력에 대한 수요 자체는 계속 늘어날 것으로 보는 전망이 나와 있는 상태입니다.",Claude 웹 리서치(채용공고 해석·지원전략 및 직무군별 채용시장 트렌드 조사),보건사회연구원 전망 - 데일리팜,https://m.dailypharm.com/user/news/100256,"2030년 간호사 인력 약 158,554명 부족 전망 보도",2026-10-05,미검토,,상,웹 리서치(공공기관 통계·언론 보도) 기반 자체 조사·작성 | 수집일: 2026-10-05,N,"간호사와 의료 인력은 앞으로도 꾸준히 필요할까요?,간호사나 의료 인력 앞으로도 수요 많아?,취준생인데 간호사 의료 인력 수요 앞으로도 많음?,간호사 의료 인력 수요 전망,저는 간호사를 준비하고 있는데 앞으로도 의료 인력 수요가 많을지 궁금해요,간호사와 의료 인력 수요 전망 좀 알려주세요,간호사 수요 전망,간호사 등 의료 인력의 향후 채용 수요는 어떻게 전망되나요?,간호사 의료 인력 수요가 줄어들까 봐 걱정인데 괜찮을까요?",간호사와 의료 인력은 앞으로도 꾸준히 필요할까요?,간호사나 의료 인력 앞으로도 수요 많아?,취준생인데 간호사 의료 인력 수요 앞으로도 많음?,간호사 의료 인력 수요 전망,저는 간호사를 준비하고 있는데 앞으로도 의료 인력 수요가 많을지 궁금해요,간호사와 의료 인력 수요 전망 좀 알려주세요,간호사 수요 전망,간호사 등 의료 인력의 향후 채용 수요는 어떻게 전망되나요?,간호사 의료 인력 수요가 줄어들까 봐 걱정인데 괜찮을까요?
440,527,R-C02-012,채용공고·지원전략,의료·보건,의사나 약사 쪽도 인력이 부족해질 거라는 전망이 있나요?,"같은 보건사회연구원 전망에서 2030년까지 의사 약 7,646명, 약사 약 10,742명이 부족할 것으로 예측됐습니다. 간호 인력에 비해 규모는 작지만 세 직군 모두 공급보다 수요가 더 빠르게 늘어날 것으로 보는 전망이라는 공통점이 있습니다.",Claude 웹 리서치(채용공고 해석·지원전략 및 직무군별 채용시장 트렌드 조사),보건사회연구원 전망 - 데일리팜,https://m.dailypharm.com/user/news/100256,"2030년 의사 약 7,646명, 약사 약 10,742명 부족 전망 보도",2026-10-05,미검토,,중,웹 리서치(공공기관 통계·언론 보도) 기반 자체 조사·작성 | 수집일: 2026-10-05,N,"의사나 약사 인력도 부족해질 것으로 예측되나요?,의사나 약사도 인력 부족해질 거라는 전망 있어?,의사 약사도 인력 부족 전망 머 있음?,의사 약사 인력 부족 전망,저는 약사 쪽 진로를 고민 중인데 의사나 약사도 인력이 부족해질 거라는 전망이 있나요?,의사와 약사 인력 수급 전망 좀 알려주세요,의사 약사 인력 부족,의사나 약사 직군의 향후 인력 수급 전망은 어떤가요?,의사나 약사 인력 전망을 믿고 진로를 정해도 괜찮을까요?",의사나 약사 인력도 부족해질 것으로 예측되나요?,의사나 약사도 인력 부족해질 거라는 전망 있어?,의사 약사도 인력 부족 전망 머 있음?,의사 약사 인력 부족 전망,저는 약사 쪽 진로를 고민 중인데 의사나 약사도 인력이 부족해질 거라는 전망이 있나요?,의사와 약사 인력 수급 전망 좀 알려주세요,의사 약사 인력 부족,의사나 약사 직군의 향후 인력 수급 전망은 어떤가요?,의사나 약사 인력 전망을 믿고 진로를 정해도 괜찮을까요?
441,528,R-C02-013,채용공고·지원전략,경영·사무·인사,"요즘은 '공채'가 아니라 '수시채용'이 대세라고 하는데, 실제 조사로도 확인되나요?","사람인이 기업 428곳을 조사한 결과 78.7%가 수시채용 방식으로 뽑겠다고 답했고, 이는 전년 조사(69%)보다 9.7%포인트 늘어난 수치입니다. 다만 이 조사는 2020년에 발표된 자료이므로, 최근 수치는 아니지만 '정기 공채 중심에서 수시채용 중심으로' 옮겨가는 흐름의 방향성 자체는 이 조사 이후로도 계속 이어져 온 것으로 알려져 있습니다.",Claude 웹 리서치(채용공고 해석·지원전략 및 직무군별 채용시장 트렌드 조사),사람인 설문조사 보도 - 디지털데일리뉴스,https://dhnews.co.kr/news/view/179520964784782,"사람인 조사(기업 428곳) 78.7% 수시채용 방식 채용 계획, 전년(69%) 대비 증가(2020년 발표)",2026-10-05,미검토,,중,조사 발표 시점이 2020년으로 다소 오래된 자료이나 공채→수시채용 전환 흐름의 근거로 인용 | 수집일: 2026-10-05,N,"요즘 정기 공채 대신 수시채용이 주류라는데 실제 조사 결과로도 그런가요?,요즘 공채 말고 수시채용이 대세라는 거 조사로도 맞아?,요즘 공채보다 수시가 대세라던데 조사 결과 있음?,공채 수시채용 대세 조사 결과,저는 공채 시즌만 기다리고 있었는데 요즘은 수시채용이 대세라는 게 조사로도 확인되나요?,공채보다 수시채용이 많다는 조사 결과 좀 알려주세요,수시채용 대세 조사,기업 채용 방식이 공채에서 수시채용으로 바뀌었다는 게 설문으로 확인되나요?,수시채용이 대세라면 공채만 준비하는 건 불리할까요?",요즘 정기 공채 대신 수시채용이 주류라는데 실제 조사 결과로도 그런가요?,요즘 공채 말고 수시채용이 대세라는 거 조사로도 맞아?,요즘 공채보다 수시가 대세라던데 조사 결과 있음?,공채 수시채용 대세 조사 결과,저는 공채 시즌만 기다리고 있었는데 요즘은 수시채용이 대세라는 게 조사로도 확인되나요?,공채보다 수시채용이 많다는 조사 결과 좀 알려주세요,수시채용 대세 조사,기업 채용 방식이 공채에서 수시채용으로 바뀌었다는 게 설문으로 확인되나요?,수시채용이 대세라면 공채만 준비하는 건 불리할까요?
442,529,R-C02-014,채용공고·지원전략,경영·사무·인사,수시채용이 많아지면 지원자 입장에서는 뭐가 달라지나요?,"수시채용은 정해진 공채 시즌(상반기/하반기)에 한 번에 모집하는 방식과 달리, 결원이나 필요 인력이 생길 때마다 공고가 열리고 모집 인원이 다 차면 예정보다 일찍 마감되는 경우가 많습니다. 수시채용 비중이 높아졌다는 조사 결과를 고려하면, 관심 있는 회사·직무는 공채 시즌만 기다리지 말고 평소에도 채용 페이지를 주기적으로 확인하는 습관이 더 중요해졌다고 볼 수 있습니다.",Claude 웹 리서치(채용공고 해석·지원전략 및 직무군별 채용시장 트렌드 조사),사람인 설문조사 보도(해석),https://dhnews.co.kr/news/view/179520964784782,수시채용 확산 조사 결과를 지원자 관점의 실무적 전략으로 해석,2026-10-05,미검토,,중,통계 자체보다 Claude의 해석을 포함한 답변 | 수집일: 2026-10-05,N,"수시채용이 늘어나면 구직자 입장에서 무엇이 바뀌나요?,수시채용 많아지면 지원자 입장에서 뭐가 달라져?,수시채용 늘면 취준생 입장에서 머가 바뀜?,수시채용 증가 지원자 변화,저는 공채 위주로 준비해왔는데 수시채용이 많아지면 제 입장에서 뭐가 달라지나요?,수시채용 확대로 지원자가 달라져야 할 점 좀 알려주세요,수시채용 지원자 변화,수시채용 비중이 커지면 입사 지원 방식에서 무엇이 달라지나요?,수시채용이 많아지면 공채만 기다리는 게 불리할까요?",수시채용이 늘어나면 구직자 입장에서 무엇이 바뀌나요?,수시채용 많아지면 지원자 입장에서 뭐가 달라져?,수시채용 늘면 취준생 입장에서 머가 바뀜?,수시채용 증가 지원자 변화,저는 공채 위주로 준비해왔는데 수시채용이 많아지면 제 입장에서 뭐가 달라지나요?,수시채용 확대로 지원자가 달라져야 할 점 좀 알려주세요,수시채용 지원자 변화,수시채용 비중이 커지면 입사 지원 방식에서 무엇이 달라지나요?,수시채용이 많아지면 공채만 기다리는 게 불리할까요?
443,530,R-C02-015,채용공고·지원전략,연구·엔지니어링·제조기술,"연구·엔지니어링·제조기술 직무 공고에 '신입/경력'이 같이 적혀 있으면, 신입인 저도 지원해도 되는 건가요?","'신입/경력' 또는 '신입·경력' 형태로 함께 표기된 공고는 특정 연차를 정해놓고 그 범위에 맞는 사람만 받는 것이 아니라, 신입과 경력 지원자를 모두 열어두고 서류·면접에서 역량을 보고 판단하겠다는 뜻으로 올리는 경우가 많습니다. 실제로 이런 형태의 공고가 채용 사이트에 다수 게시되어 있으므로, 공고 본문에 '경력 O년 이상 필수'처럼 별도의 하한 조건이 적혀 있지 않다면 신입도 정상적으로 지원 대상에 포함된다고 보면 됩니다.",Claude 웹 리서치(채용공고 해석·지원전략 및 직무군별 채용시장 트렌드 조사),채용 사이트 공고 표기 사례 분석,https://www.catch.co.kr/NCS/RecruitInfoDetails/557924,"'신입/경력', '학력무관' 등으로 표기된 실제 채용공고 사례를 바탕으로 한 표기 관행 설명",2026-10-05,미검토,,중,통계가 아닌 실제 공고 표기 사례를 근거로 한 해석형 답변 | 수집일: 2026-10-05,N,"연구/엔지니어링/제조기술 직무 공고에 신입/경력이 함께 표기돼 있으면 신입도 지원 가능한가요?,연구/엔지니어링/제조기술 직무 공고에 신입/경력 같이 써 있으면 신입도 지원해도 돼?,연구/엔지니어링/제조기술 공고 신입/경력이면 경력 없는 취준생도 지원 가능임?,연구 엔지니어링 제조기술 공고 신입/경력 표기 신입 지원,저는 신입인데 연구/엔지니어링/제조기술 직무 공고에 신입/경력이 같이 적혀 있으면 지원해도 될까요?,연구/엔지니어링/제조기술 공고의 신입/경력 표기 의미 좀 알려주세요,연구 엔지니어링 신입/경력 공고,연구/엔지니어링/제조기술 채용공고에 신입/경력이 함께 있으면 신입 입사 지원이 가능한가요?,연구/엔지니어링/제조기술 신입/경력 공고에 신입으로 지원하면 불리할까요?",연구/엔지니어링/제조기술 직무 공고에 신입/경력이 함께 표기돼 있으면 신입도 지원 가능한가요?,연구/엔지니어링/제조기술 직무 공고에 신입/경력 같이 써 있으면 신입도 지원해도 돼?,연구/엔지니어링/제조기술 공고 신입/경력이면 경력 없는 취준생도 지원 가능임?,연구 엔지니어링 제조기술 공고 신입/경력 표기 신입 지원,저는 신입인데 연구/엔지니어링/제조기술 직무 공고에 신입/경력이 같이 적혀 있으면 지원해도 될까요?,연구/엔지니어링/제조기술 공고의 신입/경력 표기 의미 좀 알려주세요,연구 엔지니어링 신입/경력 공고,연구/엔지니어링/제조기술 채용공고에 신입/경력이 함께 있으면 신입 입사 지원이 가능한가요?,연구/엔지니어링/제조기술 신입/경력 공고에 신입으로 지원하면 불리할까요?
444,531,R-C02-016,채용공고·지원전략,IT·개발·데이터,"IT·개발·데이터 직무 공고에 '신입/경력'이 같이 적혀 있으면, 신입인 저도 지원해도 되는 건가요?","'신입/경력' 또는 '신입·경력' 형태로 함께 표기된 공고는 특정 연차를 정해놓고 그 범위에 맞는 사람만 받는 것이 아니라, 신입과 경력 지원자를 모두 열어두고 서류·면접에서 역량을 보고 판단하겠다는 뜻으로 올리는 경우가 많습니다. 실제로 이런 형태의 공고가 채용 사이트에 다수 게시되어 있으므로, 공고 본문에 '경력 O년 이상 필수'처럼 별도의 하한 조건이 적혀 있지 않다면 신입도 정상적으로 지원 대상에 포함된다고 보면 됩니다.",Claude 웹 리서치(채용공고 해석·지원전략 및 직무군별 채용시장 트렌드 조사),채용 사이트 공고 표기 사례 분석,https://www.catch.co.kr/NCS/RecruitInfoDetails/557924,"'신입/경력', '학력무관' 등으로 표기된 실제 채용공고 사례를 바탕으로 한 표기 관행 설명",2026-10-05,미검토,,중,통계가 아닌 실제 공고 표기 사례를 근거로 한 해석형 답변 | 수집일: 2026-10-05,N,"IT/개발/데이터 직무 공고에 신입/경력이 함께 표기돼 있으면 신입도 지원 가능한가요?,IT/개발/데이터 직무 공고에 신입/경력 같이 써 있으면 신입도 지원해도 돼?,IT/개발/데이터 공고 신입/경력이면 경력 없는 취준생도 지원 가능임?,IT 개발 데이터 공고 신입/경력 표기 신입 지원,저는 신입인데 IT/개발/데이터 직무 공고에 신입/경력이 같이 적혀 있으면 지원해도 될까요?,IT/개발/데이터 공고의 신입/경력 표기 의미 좀 알려주세요,IT 개발 데이터 신입/경력 공고,IT/개발/데이터 채용공고에 신입/경력이 함께 있으면 신입 입사 지원이 가능한가요?,IT/개발/데이터 신입/경력 공고에 신입으로 지원하면 불리할까요?",IT/개발/데이터 직무 공고에 신입/경력이 함께 표기돼 있으면 신입도 지원 가능한가요?,IT/개발/데이터 직무 공고에 신입/경력 같이 써 있으면 신입도 지원해도 돼?,IT/개발/데이터 공고 신입/경력이면 경력 없는 취준생도 지원 가능임?,IT 개발 데이터 공고 신입/경력 표기 신입 지원,저는 신입인데 IT/개발/데이터 직무 공고에 신입/경력이 같이 적혀 있으면 지원해도 될까요?,IT/개발/데이터 공고의 신입/경력 표기 의미 좀 알려주세요,IT 개발 데이터 신입/경력 공고,IT/개발/데이터 채용공고에 신입/경력이 함께 있으면 신입 입사 지원이 가능한가요?,IT/개발/데이터 신입/경력 공고에 신입으로 지원하면 불리할까요?
445,532,R-C02-017,채용공고·지원전략,경영·사무·인사,"경영·사무·인사 직무 공고에 '신입/경력'이 같이 적혀 있으면, 신입인 저도 지원해도 되는 건가요?","'신입/경력' 또는 '신입·경력' 형태로 함께 표기된 공고는 특정 연차를 정해놓고 그 범위에 맞는 사람만 받는 것이 아니라, 신입과 경력 지원자를 모두 열어두고 서류·면접에서 역량을 보고 판단하겠다는 뜻으로 올리는 경우가 많습니다. 실제로 이런 형태의 공고가 채용 사이트에 다수 게시되어 있으므로, 공고 본문에 '경력 O년 이상 필수'처럼 별도의 하한 조건이 적혀 있지 않다면 신입도 정상적으로 지원 대상에 포함된다고 보면 됩니다.",Claude 웹 리서치(채용공고 해석·지원전략 및 직무군별 채용시장 트렌드 조사),채용 사이트 공고 표기 사례 분석,https://www.catch.co.kr/NCS/RecruitInfoDetails/557924,"'신입/경력', '학력무관' 등으로 표기된 실제 채용공고 사례를 바탕으로 한 표기 관행 설명",2026-10-05,미검토,,중,통계가 아닌 실제 공고 표기 사례를 근거로 한 해석형 답변 | 수집일: 2026-10-05,N,"경영/사무/인사 직무 공고에 신입/경력이 함께 표기돼 있으면 신입도 지원 가능한가요?,경영/사무/인사 직무 공고에 신입/경력 같이 써 있으면 신입도 지원해도 돼?,경영/사무/인사 공고 신입/경력이면 경력 없는 취준생도 지원 가능임?,경영 사무 인사 공고 신입/경력 표기 신입 지원,저는 신입인데 경영/사무/인사 직무 공고에 신입/경력이 같이 적혀 있으면 지원해도 될까요?,경영/사무/인사 공고의 신입/경력 표기 의미 좀 알려주세요,경영 사무 인사 신입/경력 공고,경영/사무/인사 채용공고에 신입/경력이 함께 있으면 신입 입사 지원이 가능한가요?,경영/사무/인사 신입/경력 공고에 신입으로 지원하면 불리할까요?",경영/사무/인사 직무 공고에 신입/경력이 함께 표기돼 있으면 신입도 지원 가능한가요?,경영/사무/인사 직무 공고에 신입/경력 같이 써 있으면 신입도 지원해도 돼?,경영/사무/인사 공고 신입/경력이면 경력 없는 취준생도 지원 가능임?,경영 사무 인사 공고 신입/경력 표기 신입 지원,저는 신입인데 경영/사무/인사 직무 공고에 신입/경력이 같이 적혀 있으면 지원해도 될까요?,경영/사무/인사 공고의 신입/경력 표기 의미 좀 알려주세요,경영 사무 인사 신입/경력 공고,경영/사무/인사 채용공고에 신입/경력이 함께 있으면 신입 입사 지원이 가능한가요?,경영/사무/인사 신입/경력 공고에 신입으로 지원하면 불리할까요?
446,533,R-C02-018,채용공고·지원전략,금융·회계,"금융·회계 직무 공고에 '신입/경력'이 같이 적혀 있으면, 신입인 저도 지원해도 되는 건가요?","'신입/경력' 또는 '신입·경력' 형태로 함께 표기된 공고는 특정 연차를 정해놓고 그 범위에 맞는 사람만 받는 것이 아니라, 신입과 경력 지원자를 모두 열어두고 서류·면접에서 역량을 보고 판단하겠다는 뜻으로 올리는 경우가 많습니다. 실제로 이런 형태의 공고가 채용 사이트에 다수 게시되어 있으므로, 공고 본문에 '경력 O년 이상 필수'처럼 별도의 하한 조건이 적혀 있지 않다면 신입도 정상적으로 지원 대상에 포함된다고 보면 됩니다.",Claude 웹 리서치(채용공고 해석·지원전략 및 직무군별 채용시장 트렌드 조사),채용 사이트 공고 표기 사례 분석,https://www.catch.co.kr/NCS/RecruitInfoDetails/557924,"'신입/경력', '학력무관' 등으로 표기된 실제 채용공고 사례를 바탕으로 한 표기 관행 설명",2026-10-05,미검토,,중,통계가 아닌 실제 공고 표기 사례를 근거로 한 해석형 답변 | 수집일: 2026-10-05,N,"금융/회계 직무 공고에 신입/경력이 함께 표기돼 있으면 신입도 지원 가능한가요?,금융/회계 직무 공고에 신입/경력 같이 써 있으면 신입도 지원해도 돼?,금융/회계 공고 신입/경력이면 경력 없는 취준생도 지원 가능임?,금융 회계 공고 신입/경력 표기 신입 지원,저는 신입인데 금융/회계 직무 공고에 신입/경력이 같이 적혀 있으면 지원해도 될까요?,금융/회계 공고의 신입/경력 표기 의미 좀 알려주세요,금융 회계 신입/경력 공고,금융/회계 채용공고에 신입/경력이 함께 있으면 신입 입사 지원이 가능한가요?,금융/회계 신입/경력 공고에 신입으로 지원하면 불리할까요?",금융/회계 직무 공고에 신입/경력이 함께 표기돼 있으면 신입도 지원 가능한가요?,금융/회계 직무 공고에 신입/경력 같이 써 있으면 신입도 지원해도 돼?,금융/회계 공고 신입/경력이면 경력 없는 취준생도 지원 가능임?,금융 회계 공고 신입/경력 표기 신입 지원,저는 신입인데 금융/회계 직무 공고에 신입/경력이 같이 적혀 있으면 지원해도 될까요?,금융/회계 공고의 신입/경력 표기 의미 좀 알려주세요,금융 회계 신입/경력 공고,금융/회계 채용공고에 신입/경력이 함께 있으면 신입 입사 지원이 가능한가요?,금융/회계 신입/경력 공고에 신입으로 지원하면 불리할까요?
447,534,R-C02-019,채용공고·지원전략,영업·마케팅,"영업·마케팅 직무 공고에 '신입/경력'이 같이 적혀 있으면, 신입인 저도 지원해도 되는 건가요?","'신입/경력' 또는 '신입·경력' 형태로 함께 표기된 공고는 특정 연차를 정해놓고 그 범위에 맞는 사람만 받는 것이 아니라, 신입과 경력 지원자를 모두 열어두고 서류·면접에서 역량을 보고 판단하겠다는 뜻으로 올리는 경우가 많습니다. 실제로 이런 형태의 공고가 채용 사이트에 다수 게시되어 있으므로, 공고 본문에 '경력 O년 이상 필수'처럼 별도의 하한 조건이 적혀 있지 않다면 신입도 정상적으로 지원 대상에 포함된다고 보면 됩니다.",Claude 웹 리서치(채용공고 해석·지원전략 및 직무군별 채용시장 트렌드 조사),채용 사이트 공고 표기 사례 분석,https://www.catch.co.kr/NCS/RecruitInfoDetails/557924,"'신입/경력', '학력무관' 등으로 표기된 실제 채용공고 사례를 바탕으로 한 표기 관행 설명",2026-10-05,미검토,,중,통계가 아닌 실제 공고 표기 사례를 근거로 한 해석형 답변 | 수집일: 2026-10-05,N,"영업/마케팅 직무 공고에 신입/경력이 함께 표기돼 있으면 신입도 지원 가능한가요?,영업/마케팅 직무 공고에 신입/경력 같이 써 있으면 신입도 지원해도 돼?,영업/마케팅 공고 신입/경력이면 경력 없는 취준생도 지원 가능임?,영업 마케팅 공고 신입/경력 표기 신입 지원,저는 신입인데 영업/마케팅 직무 공고에 신입/경력이 같이 적혀 있으면 지원해도 될까요?,영업/마케팅 공고의 신입/경력 표기 의미 좀 알려주세요,영업 마케팅 신입/경력 공고,영업/마케팅 채용공고에 신입/경력이 함께 있으면 신입 입사 지원이 가능한가요?,영업/마케팅 신입/경력 공고에 신입으로 지원하면 불리할까요?",영업/마케팅 직무 공고에 신입/경력이 함께 표기돼 있으면 신입도 지원 가능한가요?,영업/마케팅 직무 공고에 신입/경력 같이 써 있으면 신입도 지원해도 돼?,영업/마케팅 공고 신입/경력이면 경력 없는 취준생도 지원 가능임?,영업 마케팅 공고 신입/경력 표기 신입 지원,저는 신입인데 영업/마케팅 직무 공고에 신입/경력이 같이 적혀 있으면 지원해도 될까요?,영업/마케팅 공고의 신입/경력 표기 의미 좀 알려주세요,영업 마케팅 신입/경력 공고,영업/마케팅 채용공고에 신입/경력이 함께 있으면 신입 입사 지원이 가능한가요?,영업/마케팅 신입/경력 공고에 신입으로 지원하면 불리할까요?
448,535,R-C02-020,채용공고·지원전략,생산·물류·서비스,"생산·물류·서비스 직무 공고에 '신입/경력'이 같이 적혀 있으면, 신입인 저도 지원해도 되는 건가요?","'신입/경력' 또는 '신입·경력' 형태로 함께 표기된 공고는 특정 연차를 정해놓고 그 범위에 맞는 사람만 받는 것이 아니라, 신입과 경력 지원자를 모두 열어두고 서류·면접에서 역량을 보고 판단하겠다는 뜻으로 올리는 경우가 많습니다. 실제로 이런 형태의 공고가 채용 사이트에 다수 게시되어 있으므로, 공고 본문에 '경력 O년 이상 필수'처럼 별도의 하한 조건이 적혀 있지 않다면 신입도 정상적으로 지원 대상에 포함된다고 보면 됩니다.",Claude 웹 리서치(채용공고 해석·지원전략 및 직무군별 채용시장 트렌드 조사),채용 사이트 공고 표기 사례 분석,https://www.catch.co.kr/NCS/RecruitInfoDetails/557924,"'신입/경력', '학력무관' 등으로 표기된 실제 채용공고 사례를 바탕으로 한 표기 관행 설명",2026-10-05,미검토,,중,통계가 아닌 실제 공고 표기 사례를 근거로 한 해석형 답변 | 수집일: 2026-10-05,N,"생산/물류/서비스 직무 공고에 신입/경력이 함께 표기돼 있으면 신입도 지원 가능한가요?,생산/물류/서비스 직무 공고에 신입/경력 같이 써 있으면 신입도 지원해도 돼?,생산/물류/서비스 공고 신입/경력이면 경력 없는 취준생도 지원 가능임?,생산 물류 서비스 공고 신입/경력 표기 신입 지원,저는 신입인데 생산/물류/서비스 직무 공고에 신입/경력이 같이 적혀 있으면 지원해도 될까요?,생산/물류/서비스 공고의 신입/경력 표기 의미 좀 알려주세요,생산 물류 서비스 신입/경력 공고,생산/물류/서비스 채용공고에 신입/경력이 함께 있으면 신입 입사 지원이 가능한가요?,생산/물류/서비스 신입/경력 공고에 신입으로 지원하면 불리할까요?",생산/물류/서비스 직무 공고에 신입/경력이 함께 표기돼 있으면 신입도 지원 가능한가요?,생산/물류/서비스 직무 공고에 신입/경력 같이 써 있으면 신입도 지원해도 돼?,생산/물류/서비스 공고 신입/경력이면 경력 없는 취준생도 지원 가능임?,생산 물류 서비스 공고 신입/경력 표기 신입 지원,저는 신입인데 생산/물류/서비스 직무 공고에 신입/경력이 같이 적혀 있으면 지원해도 될까요?,생산/물류/서비스 공고의 신입/경력 표기 의미 좀 알려주세요,생산 물류 서비스 신입/경력 공고,생산/물류/서비스 채용공고에 신입/경력이 함께 있으면 신입 입사 지원이 가능한가요?,생산/물류/서비스 신입/경력 공고에 신입으로 지원하면 불리할까요?
449,536,R-C02-021,채용공고·지원전략,디자인·콘텐츠,"디자인·콘텐츠 직무 공고에 '신입/경력'이 같이 적혀 있으면, 신입인 저도 지원해도 되는 건가요?","'신입/경력' 또는 '신입·경력' 형태로 함께 표기된 공고는 특정 연차를 정해놓고 그 범위에 맞는 사람만 받는 것이 아니라, 신입과 경력 지원자를 모두 열어두고 서류·면접에서 역량을 보고 판단하겠다는 뜻으로 올리는 경우가 많습니다. 실제로 이런 형태의 공고가 채용 사이트에 다수 게시되어 있으므로, 공고 본문에 '경력 O년 이상 필수'처럼 별도의 하한 조건이 적혀 있지 않다면 신입도 정상적으로 지원 대상에 포함된다고 보면 됩니다.",Claude 웹 리서치(채용공고 해석·지원전략 및 직무군별 채용시장 트렌드 조사),채용 사이트 공고 표기 사례 분석,https://www.catch.co.kr/NCS/RecruitInfoDetails/557924,"'신입/경력', '학력무관' 등으로 표기된 실제 채용공고 사례를 바탕으로 한 표기 관행 설명",2026-10-05,미검토,,중,통계가 아닌 실제 공고 표기 사례를 근거로 한 해석형 답변 | 수집일: 2026-10-05,N,"디자인/콘텐츠 직무 공고에 신입/경력이 함께 표기돼 있으면 신입도 지원 가능한가요?,디자인/콘텐츠 직무 공고에 신입/경력 같이 써 있으면 신입도 지원해도 돼?,디자인/콘텐츠 공고 신입/경력이면 경력 없는 취준생도 지원 가능임?,디자인 콘텐츠 공고 신입/경력 표기 신입 지원,저는 신입인데 디자인/콘텐츠 직무 공고에 신입/경력이 같이 적혀 있으면 지원해도 될까요?,디자인/콘텐츠 공고의 신입/경력 표기 의미 좀 알려주세요,디자인 콘텐츠 신입/경력 공고,디자인/콘텐츠 채용공고에 신입/경력이 함께 있으면 신입 입사 지원이 가능한가요?,디자인/콘텐츠 신입/경력 공고에 신입으로 지원하면 불리할까요?",디자인/콘텐츠 직무 공고에 신입/경력이 함께 표기돼 있으면 신입도 지원 가능한가요?,디자인/콘텐츠 직무 공고에 신입/경력 같이 써 있으면 신입도 지원해도 돼?,디자인/콘텐츠 공고 신입/경력이면 경력 없는 취준생도 지원 가능임?,디자인 콘텐츠 공고 신입/경력 표기 신입 지원,저는 신입인데 디자인/콘텐츠 직무 공고에 신입/경력이 같이 적혀 있으면 지원해도 될까요?,디자인/콘텐츠 공고의 신입/경력 표기 의미 좀 알려주세요,디자인 콘텐츠 신입/경력 공고,디자인/콘텐츠 채용공고에 신입/경력이 함께 있으면 신입 입사 지원이 가능한가요?,디자인/콘텐츠 신입/경력 공고에 신입으로 지원하면 불리할까요?
450,537,R-C02-022,채용공고·지원전략,의료·보건,"의료·보건 직무 공고에 '신입/경력'이 같이 적혀 있으면, 신입인 저도 지원해도 되는 건가요?","'신입/경력' 또는 '신입·경력' 형태로 함께 표기된 공고는 특정 연차를 정해놓고 그 범위에 맞는 사람만 받는 것이 아니라, 신입과 경력 지원자를 모두 열어두고 서류·면접에서 역량을 보고 판단하겠다는 뜻으로 올리는 경우가 많습니다. 실제로 이런 형태의 공고가 채용 사이트에 다수 게시되어 있으므로, 공고 본문에 '경력 O년 이상 필수'처럼 별도의 하한 조건이 적혀 있지 않다면 신입도 정상적으로 지원 대상에 포함된다고 보면 됩니다.",Claude 웹 리서치(채용공고 해석·지원전략 및 직무군별 채용시장 트렌드 조사),채용 사이트 공고 표기 사례 분석,https://www.catch.co.kr/NCS/RecruitInfoDetails/557924,"'신입/경력', '학력무관' 등으로 표기된 실제 채용공고 사례를 바탕으로 한 표기 관행 설명",2026-10-05,미검토,,중,통계가 아닌 실제 공고 표기 사례를 근거로 한 해석형 답변 | 수집일: 2026-10-05,N,"의료/보건 직무 공고에 신입/경력이 함께 표기돼 있으면 신입도 지원 가능한가요?,의료/보건 직무 공고에 신입/경력 같이 써 있으면 신입도 지원해도 돼?,의료/보건 공고 신입/경력이면 경력 없는 취준생도 지원 가능임?,의료 보건 공고 신입/경력 표기 신입 지원,저는 신입인데 의료/보건 직무 공고에 신입/경력이 같이 적혀 있으면 지원해도 될까요?,의료/보건 공고의 신입/경력 표기 의미 좀 알려주세요,의료 보건 신입/경력 공고,의료/보건 채용공고에 신입/경력이 함께 있으면 신입 입사 지원이 가능한가요?,의료/보건 신입/경력 공고에 신입으로 지원하면 불리할까요?",의료/보건 직무 공고에 신입/경력이 함께 표기돼 있으면 신입도 지원 가능한가요?,의료/보건 직무 공고에 신입/경력 같이 써 있으면 신입도 지원해도 돼?,의료/보건 공고 신입/경력이면 경력 없는 취준생도 지원 가능임?,의료 보건 공고 신입/경력 표기 신입 지원,저는 신입인데 의료/보건 직무 공고에 신입/경력이 같이 적혀 있으면 지원해도 될까요?,의료/보건 공고의 신입/경력 표기 의미 좀 알려주세요,의료 보건 신입/경력 공고,의료/보건 채용공고에 신입/경력이 함께 있으면 신입 입사 지원이 가능한가요?,의료/보건 신입/경력 공고에 신입으로 지원하면 불리할까요?
451,538,R-C02-023,채용공고·지원전략,경영·사무·인사,채용공고에 '학력무관'이라고 적혀 있으면 정말 학력을 전혀 안 보는 건가요?,"'학력무관'은 보통 고졸부터 대졸까지 특정 학력 이상을 지원 자격 조건으로 걸지 않겠다는 뜻으로 쓰이는 표기입니다. 다만 이는 '서류 통과 조건'에서 학력을 제외한다는 의미이고, 실제 평가 과정에서 전공·경험이 직무와 얼마나 맞는지는 여전히 함께 보는 경우가 많으므로, '학력무관 = 학력이 아예 영향을 안 준다'고 단정하기보다는 '최소 학력 기준을 두지 않는다' 정도로 이해하는 것이 정확합니다.",Claude 웹 리서치(채용공고 해석·지원전략 및 직무군별 채용시장 트렌드 조사),채용 사이트 공고 표기 사례 분석,https://www.catch.co.kr/NCS/RecruitInfoDetails/557924,'학력무관' 표기가 포함된 실제 채용공고 사례를 바탕으로 한 표기 의미 설명,2026-10-05,미검토,,중,통계가 아닌 실제 공고 표기 사례를 근거로 한 해석형 답변 | 수집일: 2026-10-05,N,"채용공고에 학력무관이라고 쓰여 있으면 학력을 아예 평가하지 않는 건가요?,공고에 학력무관이면 진짜 학력 하나도 안 봐?,학력무관 공고면 스펙에서 학력 진짜 안 봄?,채용공고 학력무관 의미,저는 학력이 걱정되는데 채용공고에 학력무관이라고 적혀 있으면 정말 학력을 안 보나요?,채용공고 학력무관 표기의 정확한 의미 좀 알려주세요,학력무관 의미,채용공고 지원 자격의 학력무관은 서류 평가에서 학력을 완전히 빼는 건가요?,학력무관 공고에 지원하면 학력 때문에 불리할까요?",채용공고에 학력무관이라고 쓰여 있으면 학력을 아예 평가하지 않는 건가요?,공고에 학력무관이면 진짜 학력 하나도 안 봐?,학력무관 공고면 스펙에서 학력 진짜 안 봄?,채용공고 학력무관 의미,저는 학력이 걱정되는데 채용공고에 학력무관이라고 적혀 있으면 정말 학력을 안 보나요?,채용공고 학력무관 표기의 정확한 의미 좀 알려주세요,학력무관 의미,채용공고 지원 자격의 학력무관은 서류 평가에서 학력을 완전히 빼는 건가요?,학력무관 공고에 지원하면 학력 때문에 불리할까요?
452,539,R-C02-024,채용공고·지원전략,경영·사무·인사,'자격요건'과 '우대사항'은 실제로 어떻게 다르게 봐야 하나요?,"'자격요건'은 서류 지원 자체가 가능한지를 가르는 최소 기준(필수 학력, 필수 경력, 필수 자격증 등)인 경우가 많고, '우대사항'은 그 기준을 충족한 지원자들 사이에서 더 긍정적으로 평가받을 수 있는 가산 요소(관련 경험, 특정 자격증, 특정 툴 사용 경험 등)인 경우가 많습니다. 즉 자격요건은 없으면 지원 자체가 애매해질 수 있는 항목이고, 우대사항은 없어도 지원은 가능하지만 있으면 유리한 항목이라는 차이로 구분해서 보는 것이 일반적입니다.",Claude 웹 리서치(채용공고 해석·지원전략 및 직무군별 채용시장 트렌드 조사),채용공고 구조 일반 관행 설명,https://www.catch.co.kr/NCS/RecruitInfoDetails/557924,자격요건/우대사항 항목 구분이 포함된 실제 채용공고 사례를 바탕으로 한 설명,2026-10-05,미검토,,중,통계가 아닌 공고 구조 관행을 근거로 한 해석형 답변 | 수집일: 2026-10-05,N,"채용공고의 자격요건과 우대사항은 실제로 어떻게 구분해서 봐야 하나요?,자격요건이랑 우대사항 실제로 어떻게 다르게 봐야 해?,공고 자격요건 우대사항 차이 머임?,자격요건 우대사항 차이,저는 공고를 볼 때 자격요건과 우대사항이 헷갈리는데 어떻게 다르게 봐야 하나요?,자격요건과 우대사항 차이 좀 정리해 주세요,자격요건 우대사항,채용공고 지원 자격에서 자격요건과 우대사항은 어떻게 구분되나요?,자격요건은 맞는데 우대사항이 없으면 지원해도 될까요?",채용공고의 자격요건과 우대사항은 실제로 어떻게 구분해서 봐야 하나요?,자격요건이랑 우대사항 실제로 어떻게 다르게 봐야 해?,공고 자격요건 우대사항 차이 머임?,자격요건 우대사항 차이,저는 공고를 볼 때 자격요건과 우대사항이 헷갈리는데 어떻게 다르게 봐야 하나요?,자격요건과 우대사항 차이 좀 정리해 주세요,자격요건 우대사항,채용공고 지원 자격에서 자격요건과 우대사항은 어떻게 구분되나요?,자격요건은 맞는데 우대사항이 없으면 지원해도 될까요?
453,540,R-C02-025,채용공고·지원전략,경영·사무·인사,'상시채용(채용 시 마감)'으로 올라온 공고는 언제까지 지원해야 안전한가요?,"'상시채용'이나 '채용 시 마감'으로 표시된 공고는 정해진 마감일 없이 적합한 인원이 뽑히면 공고가 조기에 내려가는 방식입니다. 앞서 다룬 수시채용 확산 흐름과 맞물려 이런 형태의 공고가 늘고 있으므로, 마감일만 보고 여유를 두기보다는 관심 공고를 발견한 시점에 최대한 빨리 서류를 준비해서 지원하는 것이 안전합니다.",Claude 웹 리서치(채용공고 해석·지원전략 및 직무군별 채용시장 트렌드 조사),채용공고 표기 관행 + 사람인 수시채용 조사(해석),https://dhnews.co.kr/news/view/179520964784782,상시채용 공고 표기 방식과 수시채용 확산 조사 결과를 연결한 지원 전략 설명,2026-10-05,미검토,,중,통계 자체보다 Claude의 해석을 포함한 답변 | 수집일: 2026-10-05,N,"상시채용이나 채용 시 마감으로 게시된 공고는 언제까지 지원해야 안전할까요?,상시채용 채용 시 마감 공고는 언제까지 지원해야 안전해?,상시채용 공고 지원 타이밍 어케 잡음?,상시채용 채용 시 마감 공고 지원 시기,저는 상시채용 공고를 보고 여유 있게 준비하려는데 언제까지 지원해야 안전한가요?,상시채용 공고 지원 타이밍 좀 알려주세요,상시채용 지원 시기,마감일 없는 상시채용 공고에 입사 지원은 언제 하는 게 좋나요?,상시채용 공고에 천천히 지원해도 괜찮을까요?",상시채용이나 채용 시 마감으로 게시된 공고는 언제까지 지원해야 안전할까요?,상시채용 채용 시 마감 공고는 언제까지 지원해야 안전해?,상시채용 공고 지원 타이밍 어케 잡음?,상시채용 채용 시 마감 공고 지원 시기,저는 상시채용 공고를 보고 여유 있게 준비하려는데 언제까지 지원해야 안전한가요?,상시채용 공고 지원 타이밍 좀 알려주세요,상시채용 지원 시기,마감일 없는 상시채용 공고에 입사 지원은 언제 하는 게 좋나요?,상시채용 공고에 천천히 지원해도 괜찮을까요?
454,541,R-C04-004,경험·포트폴리오,IT·개발·데이터,개발 직군은 인턴 경험이 없을 때 포트폴리오로 얼마나 보완이 되나요?,"개발 직군은 깃허브 커밋 이력이나 배포된 프로젝트처럼 결과물을 직접 확인할 수 있는 포트폴리오가 인턴 경험의 공백을 비교적 잘 메워주는 편입니다. 신입 평가에서 인턴 경험이 가장 많이 언급된다는 설문 결과(32.1%)를 고려하더라도, 개발 직군은 '무엇을 했는지'를 코드와 결과물로 보여줄 수 있다는 점에서 다른 직군보다 포트폴리오의 설득력이 상대적으로 큰 편입니다.",Claude 웹 리서치(채용공고 해석·지원전략 및 직무군별 채용시장 트렌드 조사),SBS Biz 채용 설문 보도(해석) + 잡플래닛 개발자 채용 트렌드(해석),https://biz.sbs.co.kr/amp/article/10000836834 | https://www.jobplanet.co.kr/contents/news-8452/2026-하반기-신입-개발자-취업-현실과-전략은,신입 평가 중점항목 설문과 개발직군 채용 트렌드를 결합한 포트폴리오 보완 전략 해석,2026-10-05,미검토,,중,통계 자체보다 Claude의 해석을 포함한 답변 | 수집일: 2026-10-05,N,"개발 직군에서 인턴 경력이 없을 때 포트폴리오로 어느 정도 만회할 수 있나요?,개발 직군 인턴 경험 없으면 포트폴리오로 얼마나 커버돼?,개발 직군 인턴 없을 때 포폴로 어디까지 커버됨?,개발 직군 인턴 경험 없음 포트폴리오 보완,저는 개발 직군 신입인데 인턴 경험이 없어서 포트폴리오로 얼마나 보완될지 궁금해요,개발 직군 인턴 공백을 포트폴리오로 보완하는 정도 좀 알려주세요,개발 포폴 인턴 보완,개발 직군 신입 채용에서 인턴 경험 대신 포트폴리오가 얼마나 인정되나요?,개발 직군인데 인턴 없이 포트폴리오만 있어도 괜찮을까요?",개발 직군에서 인턴 경력이 없을 때 포트폴리오로 어느 정도 만회할 수 있나요?,개발 직군 인턴 경험 없으면 포트폴리오로 얼마나 커버돼?,개발 직군 인턴 없을 때 포폴로 어디까지 커버됨?,개발 직군 인턴 경험 없음 포트폴리오 보완,저는 개발 직군 신입인데 인턴 경험이 없어서 포트폴리오로 얼마나 보완될지 궁금해요,개발 직군 인턴 공백을 포트폴리오로 보완하는 정도 좀 알려주세요,개발 포폴 인턴 보완,개발 직군 신입 채용에서 인턴 경험 대신 포트폴리오가 얼마나 인정되나요?,개발 직군인데 인턴 없이 포트폴리오만 있어도 괜찮을까요?
455,542,R-C04-005,경험·포트폴리오,금융·회계,은행권처럼 공채가 줄어드는 직군은 어떤 경험을 미리 준비해두면 좋을까요?,"4대 은행 신입 채용이 줄어드는 동시에 AI·디지털 인재를 별도로 채용하는 흐름이 함께 나타나고 있으므로, 금융 직군을 준비한다면 전통적인 금융 자격증 외에도 데이터 분석·디지털 금융 관련 프로젝트나 교육 이수 경험을 함께 준비해두는 것이 채용문이 상대적으로 넓어진 쪽(AI·디지털 전형)에서 유리하게 작용할 수 있습니다.",Claude 웹 리서치(채용공고 해석·지원전략 및 직무군별 채용시장 트렌드 조사),새한일보/상주경제 금융권 채용 보도(해석),https://sateconomy.co.kr/news/view/1065571246306524,은행권 신입채용 축소와 AI·디지털 인재 별도채용 보도를 결합한 경험 준비 전략 해석,2026-10-05,미검토,,중,통계 자체보다 Claude의 해석을 포함한 답변 | 수집일: 2026-10-05,N,"은행권처럼 공개채용이 감소하는 직군은 어떤 경험을 미리 쌓아두면 좋을까요?,은행권처럼 공채 줄어드는 직군은 어떤 경험 미리 준비해야 해?,은행권 공채 줄어드는데 미리 쌓을 스펙 머 있음?,은행권 공채 감소 직군 준비 경험,저는 은행권 취업을 준비하는데 공채가 줄고 있어서 어떤 경험을 미리 쌓아야 할지 궁금해요,은행권처럼 공채 줄어드는 직군에서 미리 준비할 경험 좀 알려주세요,은행권 준비 경험,은행권 신입 채용이 줄어드는 상황에서 입사 준비 경험은 무엇이 유리한가요?,은행권 준비하면서 금융 자격증만 따도 괜찮을까요?",은행권처럼 공개채용이 감소하는 직군은 어떤 경험을 미리 쌓아두면 좋을까요?,은행권처럼 공채 줄어드는 직군은 어떤 경험 미리 준비해야 해?,은행권 공채 줄어드는데 미리 쌓을 스펙 머 있음?,은행권 공채 감소 직군 준비 경험,저는 은행권 취업을 준비하는데 공채가 줄고 있어서 어떤 경험을 미리 쌓아야 할지 궁금해요,은행권처럼 공채 줄어드는 직군에서 미리 준비할 경험 좀 알려주세요,은행권 준비 경험,은행권 신입 채용이 줄어드는 상황에서 입사 준비 경험은 무엇이 유리한가요?,은행권 준비하면서 금융 자격증만 따도 괜찮을까요?
456,543,R-C04-006,경험·포트폴리오,의료·보건,의료·보건 직군은 지금 당장 자격증 공부를 서두르는 게 나을까요?,"보건사회연구원이 2030년까지 간호사·의사·약사 모두 인력 부족을 전망하고 있다는 점에서, 관련 국가자격증을 준비 중이라면 중장기 수요 전망은 긍정적인 편입니다. 다만 부족 전망은 2030년 기준의 중장기 수치이므로, 당장의 채용공고 수가 적게 느껴지더라도 자격증 취득 계획 자체를 서두를 필요는 없고, 정해진 교육·실습 과정을 충실히 마치는 것이 더 중요합니다.",Claude 웹 리서치(채용공고 해석·지원전략 및 직무군별 채용시장 트렌드 조사),보건사회연구원 전망 - 데일리팜(해석),https://m.dailypharm.com/user/news/100256,2030년 의료인력 부족 전망을 신입 준비 전략 관점에서 해석,2026-10-05,미검토,,중,통계 자체보다 Claude의 해석을 포함한 답변 | 수집일: 2026-10-05,N,"의료/보건 직군은 자격증 준비를 지금 급하게 시작하는 게 좋을까요?,의료/보건 쪽은 지금 바로 자격증 공부 서둘러야 해?,의료/보건 취준생인데 자격증 공부 지금 급하게 해야 함?,의료 보건 직군 자격증 준비 시기,저는 의료/보건 직군을 준비하는데 지금 당장 자격증 공부를 서둘러야 할지 고민이에요,의료/보건 직군 자격증 준비 시기 좀 알려주세요,의료 보건 자격증 시기,의료/보건 직군 취업 준비에서 국가자격증 공부는 언제 시작하는 게 좋나요?,의료/보건 직군 자격증 공부를 서두르지 않아도 괜찮을까요?",의료/보건 직군은 자격증 준비를 지금 급하게 시작하는 게 좋을까요?,의료/보건 쪽은 지금 바로 자격증 공부 서둘러야 해?,의료/보건 취준생인데 자격증 공부 지금 급하게 해야 함?,의료 보건 직군 자격증 준비 시기,저는 의료/보건 직군을 준비하는데 지금 당장 자격증 공부를 서둘러야 할지 고민이에요,의료/보건 직군 자격증 준비 시기 좀 알려주세요,의료 보건 자격증 시기,의료/보건 직군 취업 준비에서 국가자격증 공부는 언제 시작하는 게 좋나요?,의료/보건 직군 자격증 공부를 서두르지 않아도 괜찮을까요?
457,544,R-C04-007,경험·포트폴리오,생산·물류·서비스,물류·현장직 쪽은 포트폴리오보다 어떤 경험이 더 잘 어필되나요?,"물류센터처럼 현장 운영 인력 수요가 꾸준히 늘고 있는 직무는 결과물 중심 포트폴리오보다, 교대 근무·현장 안전수칙 준수·단기간 집중 업무 경험처럼 '현장에서 바로 적응할 수 있다'는 점을 보여주는 아르바이트·실습 경험이 더 실질적으로 어필되는 편입니다.",Claude 웹 리서치(채용공고 해석·지원전략 및 직무군별 채용시장 트렌드 조사),헤럴드경제 쿠팡 고용 현황 보도(해석),https://heraldk.com/article/2026062121493978468,물류센터 고용 증가 보도를 현장직 지원자의 경험 어필 전략 관점에서 해석,2026-10-05,미검토,,중,통계 자체보다 Claude의 해석을 포함한 답변 | 수집일: 2026-10-05,N,"물류/현장직은 포트폴리오보다 어떤 경험이 더 효과적으로 어필되나요?,물류 현장직은 포트폴리오 말고 어떤 경험이 더 잘 먹혀?,물류 현장직은 포폴 말고 머로 어필함?,물류 현장직 어필 경험,저는 물류/현장직에 지원하려는데 포트폴리오보다 어떤 경험을 내세우면 좋을까요?,물류/현장직에서 잘 어필되는 경험 좀 알려주세요,물류 현장직 경험 어필,물류/현장직 채용에서 포트폴리오 대신 인정받는 직무 경험은 무엇인가요?,물류/현장직 지원할 때 포트폴리오가 없어도 괜찮을까요?",물류/현장직은 포트폴리오보다 어떤 경험이 더 효과적으로 어필되나요?,물류 현장직은 포트폴리오 말고 어떤 경험이 더 잘 먹혀?,물류 현장직은 포폴 말고 머로 어필함?,물류 현장직 어필 경험,저는 물류/현장직에 지원하려는데 포트폴리오보다 어떤 경험을 내세우면 좋을까요?,물류/현장직에서 잘 어필되는 경험 좀 알려주세요,물류 현장직 경험 어필,물류/현장직 채용에서 포트폴리오 대신 인정받는 직무 경험은 무엇인가요?,물류/현장직 지원할 때 포트폴리오가 없어도 괜찮을까요?
458,545,R-C02-026,채용공고·지원전략,영업·마케팅,영업·마케팅 직군은 요즘 채용시장에서 어떤 분위기인가요?,"영업·마케팅이 포함되는 도소매·서비스 업종은 통계청 고용동향에서 청년 취업자가 줄어든 업종 중 하나로 언급됐습니다. 다만 이커머스·물류처럼 디지털 전환이 활발한 영역에서는 채용이 늘고 있다는 점을 함께 고려하면, 오프라인 중심 영업·마케팅보다는 데이터 기반 마케팅·퍼포먼스 마케팅 쪽에 상대적인 기회가 더 있을 가능성이 높습니다.",Claude 웹 리서치(채용공고 해석·지원전략 및 직무군별 채용시장 트렌드 조사),통계청 고용동향 보도(해석) + 헤럴드경제 쿠팡 고용 현황 보도(해석),https://dailian.co.kr/news/view/1633708 | https://heraldk.com/article/2026062121493978468,도소매업 청년취업자 감소 보도와 이커머스 고용 증가 보도를 결합한 영업·마케팅 직군 해석,2026-10-05,미검토,,중,직군 특화 통계가 부족해 관련 업종 통계를 결합한 해석형 답변 | 수집일: 2026-10-05,N,"영업/마케팅 직군은 최근 채용시장 분위기가 어떤가요?,영업/마케팅 직군 요즘 채용 분위기 어때?,영업/마케팅 요즘 취준 시장 분위기 머임?,영업 마케팅 직군 채용시장 분위기,저는 영업/마케팅 직군을 준비하는데 요즘 채용시장 분위기가 어떤지 궁금해요,영업/마케팅 직군 채용시장 분위기 좀 알려주세요,영업 마케팅 채용 분위기,영업/마케팅 직군의 최근 신입 채용 흐름은 어떤가요?,영업/마케팅 직군 채용 분위기가 안 좋으면 지원하기 불리할까요?",영업/마케팅 직군은 최근 채용시장 분위기가 어떤가요?,영업/마케팅 직군 요즘 채용 분위기 어때?,영업/마케팅 요즘 취준 시장 분위기 머임?,영업 마케팅 직군 채용시장 분위기,저는 영업/마케팅 직군을 준비하는데 요즘 채용시장 분위기가 어떤지 궁금해요,영업/마케팅 직군 채용시장 분위기 좀 알려주세요,영업 마케팅 채용 분위기,영업/마케팅 직군의 최근 신입 채용 흐름은 어떤가요?,영업/마케팅 직군 채용 분위기가 안 좋으면 지원하기 불리할까요?
459,546,R-C02-027,채용공고·지원전략,연구·엔지니어링·제조기술,"제조·엔지니어링 직군은 공채가 줄어든다는데, 그럼 수시채용 공고라도 꾸준히 올라오나요?","제조업은 청년 취업자가 줄어든 업종으로 보도된 동시에, 전체 채용시장이 정기 공채에서 수시채용 중심으로 옮겨가는 흐름도 함께 나타나고 있습니다. 두 흐름을 종합하면, 제조·엔지니어링 직군은 대규모 정기 공채 공고 수 자체는 줄어들더라도 결원이 생길 때마다 올라오는 수시채용 공고는 꾸준히 존재할 가능성이 높으므로, 관심 기업의 채용 페이지를 주기적으로 확인하는 것이 중요합니다.",Claude 웹 리서치(채용공고 해석·지원전략 및 직무군별 채용시장 트렌드 조사),통계청 고용동향 보도 + 사람인 수시채용 조사 보도(해석),https://dailian.co.kr/news/view/1633708 | https://dhnews.co.kr/news/view/179520964784782,제조업 청년취업자 감소 보도와 수시채용 확산 조사를 결합한 해석,2026-10-05,미검토,,중,통계 자체보다 Claude의 해석을 포함한 답변 | 수집일: 2026-10-05,N,"제조/엔지니어링 직군 공채가 감소한다는데 수시채용 공고는 꾸준히 나오나요?,제조/엔지니어링 직군 공채 줄었다는데 수시채용 공고는 꾸준히 올라와?,제조/엔지니어링 공채 줄어도 수시 공고는 계속 뜸?,제조 엔지니어링 직군 공채 감소 수시채용 공고,저는 제조/엔지니어링 직군을 준비하는데 공채가 줄었다면 수시채용 공고라도 꾸준히 나오는지 궁금해요,제조/엔지니어링 직군 수시채용 공고 현황 좀 알려주세요,제조 엔지니어링 수시채용,제조/엔지니어링 직군의 채용 방식이 공채에서 수시채용으로 바뀌고 있나요?,제조/엔지니어링 직군 공채만 기다리면 불리할까요?",제조/엔지니어링 직군 공채가 감소한다는데 수시채용 공고는 꾸준히 나오나요?,제조/엔지니어링 직군 공채 줄었다는데 수시채용 공고는 꾸준히 올라와?,제조/엔지니어링 공채 줄어도 수시 공고는 계속 뜸?,제조 엔지니어링 직군 공채 감소 수시채용 공고,저는 제조/엔지니어링 직군을 준비하는데 공채가 줄었다면 수시채용 공고라도 꾸준히 나오는지 궁금해요,제조/엔지니어링 직군 수시채용 공고 현황 좀 알려주세요,제조 엔지니어링 수시채용,제조/엔지니어링 직군의 채용 방식이 공채에서 수시채용으로 바뀌고 있나요?,제조/엔지니어링 직군 공채만 기다리면 불리할까요?
460,547,R-C04-008,경험·포트폴리오,디자인·콘텐츠,디자인·콘텐츠 직군은 신입 지원 시 어떤 경험을 우선적으로 준비해야 할까요?,"신입 평가에서 가장 많이 언급되는 항목이 인턴 경험(32.1%)이라는 점을 고려하면, 디자인·콘텐츠 직군도 짧더라도 실제 클라이언트나 팀 프로젝트를 경험해본 사례가 포트폴리오에 함께 들어있을 때 더 설득력을 갖습니다. 개인 작업물만 나열하기보다, 협업 과정에서 피드백을 반영해 결과물을 수정한 경험을 포트폴리오 설명에 포함하는 것이 좋습니다.",Claude 웹 리서치(채용공고 해석·지원전략 및 직무군별 채용시장 트렌드 조사),SBS Biz 채용 설문 보도(해석),https://biz.sbs.co.kr/amp/article/10000836834,신입 평가 중점항목 설문을 디자인·콘텐츠 직군의 포트폴리오 구성 전략으로 해석,2026-10-05,미검토,,중,통계 자체보다 Claude의 해석을 포함한 답변 | 수집일: 2026-10-05,N,"디자인/콘텐츠 직군은 신입으로 지원할 때 어떤 경험부터 쌓아야 할까요?,디자인/콘텐츠 직군 신입 지원할 때 어떤 경험부터 준비해야 해?,디자인/콘텐츠 신입 지원 전에 쌓을 스펙 머부터 해야 함?,디자인 콘텐츠 직군 신입 우선 준비 경험,저는 디자인/콘텐츠 직군 신입 지원을 준비하는데 어떤 경험을 먼저 쌓아야 할지 궁금해요,디자인/콘텐츠 직군 신입 지원 시 우선 준비할 경험 좀 알려주세요,디자인 콘텐츠 신입 경험,디자인/콘텐츠 직군 신입 채용에서 우선 갖춰야 할 실무 경험은 무엇인가요?,디자인/콘텐츠 직군 신입인데 실무 경험이 없으면 불리할까요?",디자인/콘텐츠 직군은 신입으로 지원할 때 어떤 경험부터 쌓아야 할까요?,디자인/콘텐츠 직군 신입 지원할 때 어떤 경험부터 준비해야 해?,디자인/콘텐츠 신입 지원 전에 쌓을 스펙 머부터 해야 함?,디자인 콘텐츠 직군 신입 우선 준비 경험,저는 디자인/콘텐츠 직군 신입 지원을 준비하는데 어떤 경험을 먼저 쌓아야 할지 궁금해요,디자인/콘텐츠 직군 신입 지원 시 우선 준비할 경험 좀 알려주세요,디자인 콘텐츠 신입 경험,디자인/콘텐츠 직군 신입 채용에서 우선 갖춰야 할 실무 경험은 무엇인가요?,디자인/콘텐츠 직군 신입인데 실무 경험이 없으면 불리할까요?
461,548,R-C02-028,채용공고·지원전략,연구·엔지니어링·제조기술,"연구·엔지니어링·제조기술 직무 공고의 '우대사항'에 적힌 자격증이나 툴 경험이 저한테 없는데, 그래도 지원해도 될까요?","우대사항은 앞서 설명한 것처럼 지원 자체를 막는 조건이 아니라 '있으면 가산점을 주는' 항목으로 쓰이는 경우가 대부분입니다. 실제 채용공고들에서도 자격요건과 우대사항을 구분해 표기하는 관행이 일반적이므로, 자격요건(필수 조건)을 충족했다면 우대사항 일부가 없다고 지원 자체를 포기할 필요는 없고, 서류나 자기소개서에서 그 부분을 어떻게 보완할 수 있는지를 설명하는 방식으로 접근하는 것이 더 효율적입니다.",Claude 웹 리서치(채용공고 해석·지원전략 및 직무군별 채용시장 트렌드 조사),채용 사이트 공고 표기 사례 분석,https://www.catch.co.kr/NCS/RecruitInfoDetails/557924,자격요건/우대사항 구분 표기 관행을 근거로 한 우대사항 미충족 시 지원 전략 설명,2026-10-05,미검토,,중,통계가 아닌 실제 공고 표기 사례를 근거로 한 해석형 답변 | 수집일: 2026-10-05,N,"연구/엔지니어링/제조기술 직무 공고 우대사항에 있는 자격증이나 툴 경험이 없어도 지원 가능한가요?,연구/엔지니어링/제조기술 공고 우대사항 자격증이나 툴 경험 없는데 지원해도 돼?,연구/엔지니어링/제조기술 우대사항 자격증 툴 스펙 없는데 지원 가능임?,연구 엔지니어링 제조기술 우대사항 자격증 툴 경험 없음 지원,저는 연구/엔지니어링/제조기술 직무에 관심 있는데 우대사항의 자격증이나 툴 경험이 없어요 지원해도 될까요?,연구/엔지니어링/제조기술 공고 우대사항 없을 때 지원 가능 여부 좀 알려주세요,연구 엔지니어링 우대사항 없음,연구/엔지니어링/제조기술 채용공고 우대사항을 못 갖춰도 입사 지원할 수 있나요?,연구/엔지니어링/제조기술 우대사항이 없으면 서류에서 많이 불리할까요?",연구/엔지니어링/제조기술 직무 공고 우대사항에 있는 자격증이나 툴 경험이 없어도 지원 가능한가요?,연구/엔지니어링/제조기술 공고 우대사항 자격증이나 툴 경험 없는데 지원해도 돼?,연구/엔지니어링/제조기술 우대사항 자격증 툴 스펙 없는데 지원 가능임?,연구 엔지니어링 제조기술 우대사항 자격증 툴 경험 없음 지원,저는 연구/엔지니어링/제조기술 직무에 관심 있는데 우대사항의 자격증이나 툴 경험이 없어요 지원해도 될까요?,연구/엔지니어링/제조기술 공고 우대사항 없을 때 지원 가능 여부 좀 알려주세요,연구 엔지니어링 우대사항 없음,연구/엔지니어링/제조기술 채용공고 우대사항을 못 갖춰도 입사 지원할 수 있나요?,연구/엔지니어링/제조기술 우대사항이 없으면 서류에서 많이 불리할까요?
462,549,R-C02-029,채용공고·지원전략,IT·개발·데이터,"IT·개발·데이터 직무 공고의 '우대사항'에 적힌 자격증이나 툴 경험이 저한테 없는데, 그래도 지원해도 될까요?","우대사항은 앞서 설명한 것처럼 지원 자체를 막는 조건이 아니라 '있으면 가산점을 주는' 항목으로 쓰이는 경우가 대부분입니다. 실제 채용공고들에서도 자격요건과 우대사항을 구분해 표기하는 관행이 일반적이므로, 자격요건(필수 조건)을 충족했다면 우대사항 일부가 없다고 지원 자체를 포기할 필요는 없고, 서류나 자기소개서에서 그 부분을 어떻게 보완할 수 있는지를 설명하는 방식으로 접근하는 것이 더 효율적입니다.",Claude 웹 리서치(채용공고 해석·지원전략 및 직무군별 채용시장 트렌드 조사),채용 사이트 공고 표기 사례 분석,https://www.catch.co.kr/NCS/RecruitInfoDetails/557924,자격요건/우대사항 구분 표기 관행을 근거로 한 우대사항 미충족 시 지원 전략 설명,2026-10-05,미검토,,중,통계가 아닌 실제 공고 표기 사례를 근거로 한 해석형 답변 | 수집일: 2026-10-05,N,"IT/개발/데이터 직무 공고 우대사항에 있는 자격증이나 툴 경험이 없어도 지원 가능한가요?,IT/개발/데이터 공고 우대사항 자격증이나 툴 경험 없는데 지원해도 돼?,IT/개발/데이터 우대사항 자격증 툴 스펙 없는데 지원 가능임?,IT 개발 데이터 우대사항 자격증 툴 경험 없음 지원,저는 IT/개발/데이터 직무에 관심 있는데 우대사항의 자격증이나 툴 경험이 없어요 지원해도 될까요?,IT/개발/데이터 공고 우대사항 없을 때 지원 가능 여부 좀 알려주세요,IT 개발 우대사항 없음,IT/개발/데이터 채용공고 우대사항을 못 갖춰도 입사 지원할 수 있나요?,IT/개발/데이터 우대사항이 없으면 서류에서 많이 불리할까요?",IT/개발/데이터 직무 공고 우대사항에 있는 자격증이나 툴 경험이 없어도 지원 가능한가요?,IT/개발/데이터 공고 우대사항 자격증이나 툴 경험 없는데 지원해도 돼?,IT/개발/데이터 우대사항 자격증 툴 스펙 없는데 지원 가능임?,IT 개발 데이터 우대사항 자격증 툴 경험 없음 지원,저는 IT/개발/데이터 직무에 관심 있는데 우대사항의 자격증이나 툴 경험이 없어요 지원해도 될까요?,IT/개발/데이터 공고 우대사항 없을 때 지원 가능 여부 좀 알려주세요,IT 개발 우대사항 없음,IT/개발/데이터 채용공고 우대사항을 못 갖춰도 입사 지원할 수 있나요?,IT/개발/데이터 우대사항이 없으면 서류에서 많이 불리할까요?
463,550,R-C02-030,채용공고·지원전략,경영·사무·인사,"경영·사무·인사 직무 공고의 '우대사항'에 적힌 자격증이나 툴 경험이 저한테 없는데, 그래도 지원해도 될까요?","우대사항은 앞서 설명한 것처럼 지원 자체를 막는 조건이 아니라 '있으면 가산점을 주는' 항목으로 쓰이는 경우가 대부분입니다. 실제 채용공고들에서도 자격요건과 우대사항을 구분해 표기하는 관행이 일반적이므로, 자격요건(필수 조건)을 충족했다면 우대사항 일부가 없다고 지원 자체를 포기할 필요는 없고, 서류나 자기소개서에서 그 부분을 어떻게 보완할 수 있는지를 설명하는 방식으로 접근하는 것이 더 효율적입니다.",Claude 웹 리서치(채용공고 해석·지원전략 및 직무군별 채용시장 트렌드 조사),채용 사이트 공고 표기 사례 분석,https://www.catch.co.kr/NCS/RecruitInfoDetails/557924,자격요건/우대사항 구분 표기 관행을 근거로 한 우대사항 미충족 시 지원 전략 설명,2026-10-05,미검토,,중,통계가 아닌 실제 공고 표기 사례를 근거로 한 해석형 답변 | 수집일: 2026-10-05,N,"경영/사무/인사 직무 공고 우대사항에 있는 자격증이나 툴 경험이 없어도 지원 가능한가요?,경영/사무/인사 공고 우대사항 자격증이나 툴 경험 없는데 지원해도 돼?,경영/사무/인사 우대사항 자격증 툴 스펙 없는데 지원 가능임?,경영 사무 인사 우대사항 자격증 툴 경험 없음 지원,저는 경영/사무/인사 직무에 관심 있는데 우대사항의 자격증이나 툴 경험이 없어요 지원해도 될까요?,경영/사무/인사 공고 우대사항 없을 때 지원 가능 여부 좀 알려주세요,경영 사무 우대사항 없음,경영/사무/인사 채용공고 우대사항을 못 갖춰도 입사 지원할 수 있나요?,경영/사무/인사 우대사항이 없으면 서류에서 많이 불리할까요?",경영/사무/인사 직무 공고 우대사항에 있는 자격증이나 툴 경험이 없어도 지원 가능한가요?,경영/사무/인사 공고 우대사항 자격증이나 툴 경험 없는데 지원해도 돼?,경영/사무/인사 우대사항 자격증 툴 스펙 없는데 지원 가능임?,경영 사무 인사 우대사항 자격증 툴 경험 없음 지원,저는 경영/사무/인사 직무에 관심 있는데 우대사항의 자격증이나 툴 경험이 없어요 지원해도 될까요?,경영/사무/인사 공고 우대사항 없을 때 지원 가능 여부 좀 알려주세요,경영 사무 우대사항 없음,경영/사무/인사 채용공고 우대사항을 못 갖춰도 입사 지원할 수 있나요?,경영/사무/인사 우대사항이 없으면 서류에서 많이 불리할까요?
464,551,R-C02-031,채용공고·지원전략,금융·회계,"금융·회계 직무 공고의 '우대사항'에 적힌 자격증이나 툴 경험이 저한테 없는데, 그래도 지원해도 될까요?","우대사항은 앞서 설명한 것처럼 지원 자체를 막는 조건이 아니라 '있으면 가산점을 주는' 항목으로 쓰이는 경우가 대부분입니다. 실제 채용공고들에서도 자격요건과 우대사항을 구분해 표기하는 관행이 일반적이므로, 자격요건(필수 조건)을 충족했다면 우대사항 일부가 없다고 지원 자체를 포기할 필요는 없고, 서류나 자기소개서에서 그 부분을 어떻게 보완할 수 있는지를 설명하는 방식으로 접근하는 것이 더 효율적입니다.",Claude 웹 리서치(채용공고 해석·지원전략 및 직무군별 채용시장 트렌드 조사),채용 사이트 공고 표기 사례 분석,https://www.catch.co.kr/NCS/RecruitInfoDetails/557924,자격요건/우대사항 구분 표기 관행을 근거로 한 우대사항 미충족 시 지원 전략 설명,2026-10-05,미검토,,중,통계가 아닌 실제 공고 표기 사례를 근거로 한 해석형 답변 | 수집일: 2026-10-05,N,"금융/회계 직무 공고 우대사항에 있는 자격증이나 툴 경험이 없어도 지원 가능한가요?,금융/회계 공고 우대사항 자격증이나 툴 경험 없는데 지원해도 돼?,금융/회계 우대사항 자격증 툴 스펙 없는데 지원 가능임?,금융 회계 우대사항 자격증 툴 경험 없음 지원,저는 금융/회계 직무에 관심 있는데 우대사항의 자격증이나 툴 경험이 없어요 지원해도 될까요?,금융/회계 공고 우대사항 없을 때 지원 가능 여부 좀 알려주세요,금융 회계 우대사항 없음,금융/회계 채용공고 우대사항을 못 갖춰도 입사 지원할 수 있나요?,금융/회계 우대사항이 없으면 서류에서 많이 불리할까요?",금융/회계 직무 공고 우대사항에 있는 자격증이나 툴 경험이 없어도 지원 가능한가요?,금융/회계 공고 우대사항 자격증이나 툴 경험 없는데 지원해도 돼?,금융/회계 우대사항 자격증 툴 스펙 없는데 지원 가능임?,금융 회계 우대사항 자격증 툴 경험 없음 지원,저는 금융/회계 직무에 관심 있는데 우대사항의 자격증이나 툴 경험이 없어요 지원해도 될까요?,금융/회계 공고 우대사항 없을 때 지원 가능 여부 좀 알려주세요,금융 회계 우대사항 없음,금융/회계 채용공고 우대사항을 못 갖춰도 입사 지원할 수 있나요?,금융/회계 우대사항이 없으면 서류에서 많이 불리할까요?
465,552,R-C02-032,채용공고·지원전략,영업·마케팅,"영업·마케팅 직무 공고의 '우대사항'에 적힌 자격증이나 툴 경험이 저한테 없는데, 그래도 지원해도 될까요?","우대사항은 앞서 설명한 것처럼 지원 자체를 막는 조건이 아니라 '있으면 가산점을 주는' 항목으로 쓰이는 경우가 대부분입니다. 실제 채용공고들에서도 자격요건과 우대사항을 구분해 표기하는 관행이 일반적이므로, 자격요건(필수 조건)을 충족했다면 우대사항 일부가 없다고 지원 자체를 포기할 필요는 없고, 서류나 자기소개서에서 그 부분을 어떻게 보완할 수 있는지를 설명하는 방식으로 접근하는 것이 더 효율적입니다.",Claude 웹 리서치(채용공고 해석·지원전략 및 직무군별 채용시장 트렌드 조사),채용 사이트 공고 표기 사례 분석,https://www.catch.co.kr/NCS/RecruitInfoDetails/557924,자격요건/우대사항 구분 표기 관행을 근거로 한 우대사항 미충족 시 지원 전략 설명,2026-10-05,미검토,,중,통계가 아닌 실제 공고 표기 사례를 근거로 한 해석형 답변 | 수집일: 2026-10-05,N,"영업/마케팅 직무 공고 우대사항에 있는 자격증이나 툴 경험이 없어도 지원 가능한가요?,영업/마케팅 공고 우대사항 자격증이나 툴 경험 없는데 지원해도 돼?,영업/마케팅 우대사항 자격증 툴 스펙 없는데 지원 가능임?,영업 마케팅 우대사항 자격증 툴 경험 없음 지원,저는 영업/마케팅 직무에 관심 있는데 우대사항의 자격증이나 툴 경험이 없어요 지원해도 될까요?,영업/마케팅 공고 우대사항 없을 때 지원 가능 여부 좀 알려주세요,영업 마케팅 우대사항 없음,영업/마케팅 채용공고 우대사항을 못 갖춰도 입사 지원할 수 있나요?,영업/마케팅 우대사항이 없으면 서류에서 많이 불리할까요?",영업/마케팅 직무 공고 우대사항에 있는 자격증이나 툴 경험이 없어도 지원 가능한가요?,영업/마케팅 공고 우대사항 자격증이나 툴 경험 없는데 지원해도 돼?,영업/마케팅 우대사항 자격증 툴 스펙 없는데 지원 가능임?,영업 마케팅 우대사항 자격증 툴 경험 없음 지원,저는 영업/마케팅 직무에 관심 있는데 우대사항의 자격증이나 툴 경험이 없어요 지원해도 될까요?,영업/마케팅 공고 우대사항 없을 때 지원 가능 여부 좀 알려주세요,영업 마케팅 우대사항 없음,영업/마케팅 채용공고 우대사항을 못 갖춰도 입사 지원할 수 있나요?,영업/마케팅 우대사항이 없으면 서류에서 많이 불리할까요?
466,553,R-C02-033,채용공고·지원전략,생산·물류·서비스,"생산·물류·서비스 직무 공고의 '우대사항'에 적힌 자격증이나 툴 경험이 저한테 없는데, 그래도 지원해도 될까요?","우대사항은 앞서 설명한 것처럼 지원 자체를 막는 조건이 아니라 '있으면 가산점을 주는' 항목으로 쓰이는 경우가 대부분입니다. 실제 채용공고들에서도 자격요건과 우대사항을 구분해 표기하는 관행이 일반적이므로, 자격요건(필수 조건)을 충족했다면 우대사항 일부가 없다고 지원 자체를 포기할 필요는 없고, 서류나 자기소개서에서 그 부분을 어떻게 보완할 수 있는지를 설명하는 방식으로 접근하는 것이 더 효율적입니다.",Claude 웹 리서치(채용공고 해석·지원전략 및 직무군별 채용시장 트렌드 조사),채용 사이트 공고 표기 사례 분석,https://www.catch.co.kr/NCS/RecruitInfoDetails/557924,자격요건/우대사항 구분 표기 관행을 근거로 한 우대사항 미충족 시 지원 전략 설명,2026-10-05,미검토,,중,통계가 아닌 실제 공고 표기 사례를 근거로 한 해석형 답변 | 수집일: 2026-10-05,N,"생산/물류/서비스 직무 공고 우대사항에 있는 자격증이나 툴 경험이 없어도 지원 가능한가요?,생산/물류/서비스 공고 우대사항 자격증이나 툴 경험 없는데 지원해도 돼?,생산/물류/서비스 우대사항 자격증 툴 스펙 없는데 지원 가능임?,생산 물류 서비스 우대사항 자격증 툴 경험 없음 지원,저는 생산/물류/서비스 직무에 관심 있는데 우대사항의 자격증이나 툴 경험이 없어요 지원해도 될까요?,생산/물류/서비스 공고 우대사항 없을 때 지원 가능 여부 좀 알려주세요,생산 물류 우대사항 없음,생산/물류/서비스 채용공고 우대사항을 못 갖춰도 입사 지원할 수 있나요?,생산/물류/서비스 우대사항이 없으면 서류에서 많이 불리할까요?",생산/물류/서비스 직무 공고 우대사항에 있는 자격증이나 툴 경험이 없어도 지원 가능한가요?,생산/물류/서비스 공고 우대사항 자격증이나 툴 경험 없는데 지원해도 돼?,생산/물류/서비스 우대사항 자격증 툴 스펙 없는데 지원 가능임?,생산 물류 서비스 우대사항 자격증 툴 경험 없음 지원,저는 생산/물류/서비스 직무에 관심 있는데 우대사항의 자격증이나 툴 경험이 없어요 지원해도 될까요?,생산/물류/서비스 공고 우대사항 없을 때 지원 가능 여부 좀 알려주세요,생산 물류 우대사항 없음,생산/물류/서비스 채용공고 우대사항을 못 갖춰도 입사 지원할 수 있나요?,생산/물류/서비스 우대사항이 없으면 서류에서 많이 불리할까요?
467,554,R-C02-034,채용공고·지원전략,디자인·콘텐츠,"디자인·콘텐츠 직무 공고의 '우대사항'에 적힌 자격증이나 툴 경험이 저한테 없는데, 그래도 지원해도 될까요?","우대사항은 앞서 설명한 것처럼 지원 자체를 막는 조건이 아니라 '있으면 가산점을 주는' 항목으로 쓰이는 경우가 대부분입니다. 실제 채용공고들에서도 자격요건과 우대사항을 구분해 표기하는 관행이 일반적이므로, 자격요건(필수 조건)을 충족했다면 우대사항 일부가 없다고 지원 자체를 포기할 필요는 없고, 서류나 자기소개서에서 그 부분을 어떻게 보완할 수 있는지를 설명하는 방식으로 접근하는 것이 더 효율적입니다.",Claude 웹 리서치(채용공고 해석·지원전략 및 직무군별 채용시장 트렌드 조사),채용 사이트 공고 표기 사례 분석,https://www.catch.co.kr/NCS/RecruitInfoDetails/557924,자격요건/우대사항 구분 표기 관행을 근거로 한 우대사항 미충족 시 지원 전략 설명,2026-10-05,미검토,,중,통계가 아닌 실제 공고 표기 사례를 근거로 한 해석형 답변 | 수집일: 2026-10-05,N,"디자인/콘텐츠 직무 공고 우대사항에 있는 자격증이나 툴 경험이 없어도 지원 가능한가요?,디자인/콘텐츠 공고 우대사항 자격증이나 툴 경험 없는데 지원해도 돼?,디자인/콘텐츠 우대사항 자격증 툴 스펙 없는데 지원 가능임?,디자인 콘텐츠 우대사항 자격증 툴 경험 없음 지원,저는 디자인/콘텐츠 직무에 관심 있는데 우대사항의 자격증이나 툴 경험이 없어요 지원해도 될까요?,디자인/콘텐츠 공고 우대사항 없을 때 지원 가능 여부 좀 알려주세요,디자인 콘텐츠 우대사항 없음,디자인/콘텐츠 채용공고 우대사항을 못 갖춰도 입사 지원할 수 있나요?,디자인/콘텐츠 우대사항이 없으면 서류에서 많이 불리할까요?",디자인/콘텐츠 직무 공고 우대사항에 있는 자격증이나 툴 경험이 없어도 지원 가능한가요?,디자인/콘텐츠 공고 우대사항 자격증이나 툴 경험 없는데 지원해도 돼?,디자인/콘텐츠 우대사항 자격증 툴 스펙 없는데 지원 가능임?,디자인 콘텐츠 우대사항 자격증 툴 경험 없음 지원,저는 디자인/콘텐츠 직무에 관심 있는데 우대사항의 자격증이나 툴 경험이 없어요 지원해도 될까요?,디자인/콘텐츠 공고 우대사항 없을 때 지원 가능 여부 좀 알려주세요,디자인 콘텐츠 우대사항 없음,디자인/콘텐츠 채용공고 우대사항을 못 갖춰도 입사 지원할 수 있나요?,디자인/콘텐츠 우대사항이 없으면 서류에서 많이 불리할까요?
468,555,R-C02-035,채용공고·지원전략,의료·보건,"의료·보건 직무 공고의 '우대사항'에 적힌 자격증이나 툴 경험이 저한테 없는데, 그래도 지원해도 될까요?","우대사항은 앞서 설명한 것처럼 지원 자체를 막는 조건이 아니라 '있으면 가산점을 주는' 항목으로 쓰이는 경우가 대부분입니다. 실제 채용공고들에서도 자격요건과 우대사항을 구분해 표기하는 관행이 일반적이므로, 자격요건(필수 조건)을 충족했다면 우대사항 일부가 없다고 지원 자체를 포기할 필요는 없고, 서류나 자기소개서에서 그 부분을 어떻게 보완할 수 있는지를 설명하는 방식으로 접근하는 것이 더 효율적입니다.",Claude 웹 리서치(채용공고 해석·지원전략 및 직무군별 채용시장 트렌드 조사),채용 사이트 공고 표기 사례 분석,https://www.catch.co.kr/NCS/RecruitInfoDetails/557924,자격요건/우대사항 구분 표기 관행을 근거로 한 우대사항 미충족 시 지원 전략 설명,2026-10-05,미검토,,중,통계가 아닌 실제 공고 표기 사례를 근거로 한 해석형 답변 | 수집일: 2026-10-05,N,"의료/보건 직무 공고 우대사항에 있는 자격증이나 툴 경험이 없어도 지원 가능한가요?,의료/보건 공고 우대사항 자격증이나 툴 경험 없는데 지원해도 돼?,의료/보건 우대사항 자격증 툴 스펙 없는데 지원 가능임?,의료 보건 우대사항 자격증 툴 경험 없음 지원,저는 의료/보건 직무에 관심 있는데 우대사항의 자격증이나 툴 경험이 없어요 지원해도 될까요?,의료/보건 공고 우대사항 없을 때 지원 가능 여부 좀 알려주세요,의료 보건 우대사항 없음,의료/보건 채용공고 우대사항을 못 갖춰도 입사 지원할 수 있나요?,의료/보건 우대사항이 없으면 서류에서 많이 불리할까요?",의료/보건 직무 공고 우대사항에 있는 자격증이나 툴 경험이 없어도 지원 가능한가요?,의료/보건 공고 우대사항 자격증이나 툴 경험 없는데 지원해도 돼?,의료/보건 우대사항 자격증 툴 스펙 없는데 지원 가능임?,의료 보건 우대사항 자격증 툴 경험 없음 지원,저는 의료/보건 직무에 관심 있는데 우대사항의 자격증이나 툴 경험이 없어요 지원해도 될까요?,의료/보건 공고 우대사항 없을 때 지원 가능 여부 좀 알려주세요,의료 보건 우대사항 없음,의료/보건 채용공고 우대사항을 못 갖춰도 입사 지원할 수 있나요?,의료/보건 우대사항이 없으면 서류에서 많이 불리할까요?
469,556,R-C02-036,채용공고·지원전략,경영·사무·인사,"'경력직' 공고인데 '신입 지원 가능'이라는 말이 따로 없으면, 신입은 서류에서 자동으로 걸러지나요?","경력 연차를 숫자로 명확히 못박아둔 공고(예: '경력 3년 이상')는 그 기준에 못 미치는 신입이 서류 단계에서 불리하게 걸러질 가능성이 높습니다. 반면 '경력'이라고만 적혀 있고 구체적인 연차 하한이 없는 경우에는 기업마다 운영 기준이 달라, 자동으로 걸러진다고 단정하기보다는 채용 담당자에게 지원 가능 여부를 문의해보거나, 공고에 적힌 연락처·채용 FAQ를 먼저 확인해보는 것이 안전합니다.",Claude 웹 리서치(채용공고 해석·지원전략 및 직무군별 채용시장 트렌드 조사),채용공고 표기 관행 설명,https://www.catch.co.kr/NCS/RecruitInfoDetails/557924,경력직 공고의 연차 표기 유무에 따른 신입 지원 가능성 차이 설명,2026-10-05,미검토,,중,통계가 아닌 공고 표기 관행을 근거로 한 해석형 답변 | 수집일: 2026-10-05,N,"경력직 공고에 신입 지원 가능이라는 문구가 없으면 신입은 서류에서 바로 탈락하나요?,경력직 공고에 신입 가능 안 써 있으면 신입은 서류에서 자동으로 걸러져?,경력 공고에 신입 가능 문구 없으면 신입은 서탈 확정임?,경력직 공고 신입 지원 가능 문구 없음 서류 탈락,저는 신입인데 경력직 공고에 신입 지원 가능이라는 말이 없으면 서류에서 걸러지나요?,경력직 공고에 신입이 지원하면 서류에서 어떻게 되는지 좀 알려주세요,경력직 공고 신입 지원,경력직 채용공고에 신입이 입사 지원하면 서류 전형에서 자동 탈락하나요?,경력직 공고에 신입으로 지원해도 괜찮을까요?",경력직 공고에 신입 지원 가능이라는 문구가 없으면 신입은 서류에서 바로 탈락하나요?,경력직 공고에 신입 가능 안 써 있으면 신입은 서류에서 자동으로 걸러져?,경력 공고에 신입 가능 문구 없으면 신입은 서탈 확정임?,경력직 공고 신입 지원 가능 문구 없음 서류 탈락,저는 신입인데 경력직 공고에 신입 지원 가능이라는 말이 없으면 서류에서 걸러지나요?,경력직 공고에 신입이 지원하면 서류에서 어떻게 되는지 좀 알려주세요,경력직 공고 신입 지원,경력직 채용공고에 신입이 입사 지원하면 서류 전형에서 자동 탈락하나요?,경력직 공고에 신입으로 지원해도 괜찮을까요?
470,557,R-C04-009,경험·포트폴리오,경영·사무·인사,정식 인턴이 아니라 짧은 아르바이트 경험도 신입 지원서에 경력처럼 적어도 되나요?,"신입 평가에서 '인턴 경험'이 가장 많이 언급된다는 설문 결과가 있지만, 이는 '정식 인턴'이라는 타이틀 자체보다 그 경험을 통해 실무와 비슷한 책임을 수행했는지를 보는 경향이 큽니다. 아르바이트라도 특정 업무를 꾸준히 책임지고 처리한 경험이라면, 직책을 허위로 포장하지 않는 선에서 '맡은 역할·성과' 중심으로 자기소개서나 경력 란에 구체적으로 풀어서 적는 것이 도움이 됩니다.",Claude 웹 리서치(채용공고 해석·지원전략 및 직무군별 채용시장 트렌드 조사),SBS Biz 채용 설문 보도(해석),https://biz.sbs.co.kr/amp/article/10000836834,신입 평가 중점항목 설문 결과를 아르바이트 경험 작성 전략 관점에서 해석,2026-10-05,미검토,,중,통계 자체보다 Claude의 해석을 포함한 답변 | 수집일: 2026-10-05,N,"정식 인턴이 아닌 단기 아르바이트 경험도 신입 지원서에 경력으로 쓸 수 있나요?,정식 인턴 아니고 짧은 알바 경험도 신입 지원서에 경력처럼 써도 돼?,짧은 알바 경험 신입 지원서 경력 칸에 써도 됨?,단기 아르바이트 경험 신입 지원서 경력 기재,저는 정식 인턴 경험은 없고 짧은 아르바이트만 해봤는데 신입 지원서에 경력처럼 적어도 될까요?,짧은 아르바이트 경험을 신입 지원서에 적는 방법 좀 알려주세요,아르바이트 경력 기재,신입 입사 지원서에 아르바이트 경험을 경력 사항으로 적어도 되나요?,짧은 아르바이트 경험을 신입 지원서에 경력처럼 적으면 문제가 될까요?",정식 인턴이 아닌 단기 아르바이트 경험도 신입 지원서에 경력으로 쓸 수 있나요?,정식 인턴 아니고 짧은 알바 경험도 신입 지원서에 경력처럼 써도 돼?,짧은 알바 경험 신입 지원서 경력 칸에 써도 됨?,단기 아르바이트 경험 신입 지원서 경력 기재,저는 정식 인턴 경험은 없고 짧은 아르바이트만 해봤는데 신입 지원서에 경력처럼 적어도 될까요?,짧은 아르바이트 경험을 신입 지원서에 적는 방법 좀 알려주세요,아르바이트 경력 기재,신입 입사 지원서에 아르바이트 경험을 경력 사항으로 적어도 되나요?,짧은 아르바이트 경험을 신입 지원서에 경력처럼 적으면 문제가 될까요?
471,558,R-C02-037,채용공고·지원전략,경영·사무·인사,"채용공고가 마감일 없이 '채용 시 마감'으로 계속 떠 있으면, 아직도 뽑고 있다는 뜻인가요?","'채용 시 마감'은 정해진 날짜가 아니라 적합한 인원이 채워지는 시점에 공고가 내려간다는 뜻으로 쓰이는 표기입니다. 공고가 며칠째 그대로 떠 있다고 해서 반드시 '아직 못 뽑았다'는 의미는 아니고, 이미 뽑았지만 공고 삭제가 늦어졌거나 추가 인원을 위해 계속 열어둔 경우도 있으므로, 관심 있는 공고라면 올라온 지 오래되지 않은 시점에 최대한 빨리 지원하는 것이 안전합니다.",Claude 웹 리서치(채용공고 해석·지원전략 및 직무군별 채용시장 트렌드 조사),채용공고 표기 관행 + 사람인 수시채용 조사 보도(해석),https://www.catch.co.kr/NCS/RecruitInfoDetails/557924 | https://dhnews.co.kr/news/view/179520964784782,'채용 시 마감' 표기 관행과 수시채용 확산 조사 결과를 결합한 지원 타이밍 설명,2026-10-05,미검토,,중,통계 자체보다 Claude의 해석을 포함한 답변 | 수집일: 2026-10-05,N,"마감일 없이 채용 시 마감으로 계속 게시된 공고는 아직 채용 중이라는 의미인가요?,채용 시 마감 공고가 계속 떠 있으면 아직 뽑는 중이야?,채용 시 마감 공고 계속 떠 있으면 아직 TO 남은 거임?,채용 시 마감 공고 계속 게시 의미,저는 채용 시 마감 공고가 며칠째 그대로 떠 있는 걸 봤는데 아직 뽑고 있다는 뜻인가요?,채용 시 마감 공고가 계속 떠 있을 때 의미 좀 알려주세요,채용 시 마감 의미,채용 시 마감으로 오래 걸린 채용공고는 여전히 모집 중인 건가요?,오래 떠 있는 채용 시 마감 공고에 지금 지원해도 괜찮을까요?",마감일 없이 채용 시 마감으로 계속 게시된 공고는 아직 채용 중이라는 의미인가요?,채용 시 마감 공고가 계속 떠 있으면 아직 뽑는 중이야?,채용 시 마감 공고 계속 떠 있으면 아직 TO 남은 거임?,채용 시 마감 공고 계속 게시 의미,저는 채용 시 마감 공고가 며칠째 그대로 떠 있는 걸 봤는데 아직 뽑고 있다는 뜻인가요?,채용 시 마감 공고가 계속 떠 있을 때 의미 좀 알려주세요,채용 시 마감 의미,채용 시 마감으로 오래 걸린 채용공고는 여전히 모집 중인 건가요?,오래 떠 있는 채용 시 마감 공고에 지금 지원해도 괜찮을까요?
472,601,R-C04-017,경험·포트폴리오,경영·사무·인사,"'경험기술서'와 '경력기술서'는 같은 걸 다르게 부르는 건가요, 실제로 다른 문서인가요?","NCS 채용 가이드에 따르면 두 문서는 명확히 구분됩니다. 경력기술서는 실제 직업 경력(정식으로 근무한 이력)에 대한 내용을 담고, 경험기술서는 아르바이트·동아리·공모전처럼 정식 경력은 아니지만 직무와 관련된 경험을 담는 문서입니다. 신입 지원자는 경력기술서보다 경험기술서를 채워야 하는 경우가 많으므로, 두 문서를 혼동해서 같은 내용을 중복으로 적지 않도록 주의하는 것이 좋습니다.",Claude 웹 리서치(채용공고 해석·지원전략 및 직무군별 채용시장 트렌드 조사),NCS 가이드 - 캐치(catch.co.kr),https://www.catch.co.kr/Guide/NCSGuideAtoZ3,NCS 기반 경험기술서/경력기술서 작성 가이드 - 두 문서의 정의와 차이 설명,2026-10-05,미검토,,상,웹 리서치(공공기관 통계·언론 보도) 기반 자체 조사·작성 | 수집일: 2026-10-05 | faq_id 중복으로 R-C04-009에서 R-C04-017로 변경(2026-10-05),N,"경험기술서와 경력기술서는 같은 서류인가요 아니면 서로 다른 문서인가요?,경험기술서랑 경력기술서 같은 거야 다른 거야?,NCS 경험기술서 경력기술서 차이 머임?,경험기술서 경력기술서 차이,저는 공기업 지원서를 쓰다가 경험기술서와 경력기술서가 헷갈리는데 다른 문서인가요?,경험기술서와 경력기술서 차이 좀 알려주세요,경험기술서 경력기술서,입사 지원 서류 중 경험기술서와 경력기술서는 어떻게 구분되나요?,경험기술서와 경력기술서를 같은 내용으로 써도 괜찮을까요?",경험기술서와 경력기술서는 같은 서류인가요 아니면 서로 다른 문서인가요?,경험기술서랑 경력기술서 같은 거야 다른 거야?,NCS 경험기술서 경력기술서 차이 머임?,경험기술서 경력기술서 차이,저는 공기업 지원서를 쓰다가 경험기술서와 경력기술서가 헷갈리는데 다른 문서인가요?,경험기술서와 경력기술서 차이 좀 알려주세요,경험기술서 경력기술서,입사 지원 서류 중 경험기술서와 경력기술서는 어떻게 구분되나요?,경험기술서와 경력기술서를 같은 내용으로 써도 괜찮을까요?
473,602,R-C04-010,경험·포트폴리오,경영·사무·인사,경험기술서를 쓸 때 꼭 들어가야 하는 내용이 따로 있나요?,"NCS 가이드에서는 경험기술서에 당시 '맡았던 역할', '주요 수행업무', '성과'이 세 가지를 구체적으로 적도록 안내하고 있습니다. 단순히 '동아리 활동을 했다'처럼 사실만 나열하기보다, 그 안에서 본인이 실제로 어떤 역할을 맡았고 무엇을 했는지, 그 결과 무엇을 이뤄냈는지까지 세 단계로 구조화해서 써야 평가자가 역량을 판단하기 쉬워집니다.",Claude 웹 리서치(채용공고 해석·지원전략 및 직무군별 채용시장 트렌드 조사),NCS 가이드 - 캐치(catch.co.kr),https://www.catch.co.kr/Guide/NCSGuideAtoZ3,NCS 경험기술서 필수 포함 항목(역할·수행업무·성과) 안내,2026-10-05,미검토,,상,웹 리서치(공공기관 통계·언론 보도) 기반 자체 조사·작성 | 수집일: 2026-10-05,N,"경험기술서 작성 시 반드시 포함해야 할 내용이 정해져 있나요?,경험기술서 쓸 때 꼭 넣어야 하는 내용 있어?,NCS 경험기술서 필수로 들어갈 내용 머임?,경험기술서 필수 포함 내용,저는 경험기술서를 처음 써보는데 꼭 들어가야 하는 내용이 있나요?,경험기술서에 꼭 들어가야 할 내용 좀 알려주세요,경험기술서 필수 내용,입사 지원용 경험기술서에 반드시 적어야 하는 항목은 무엇인가요?,경험기술서에 활동 내용만 간단히 적어도 괜찮을까요?",경험기술서 작성 시 반드시 포함해야 할 내용이 정해져 있나요?,경험기술서 쓸 때 꼭 넣어야 하는 내용 있어?,NCS 경험기술서 필수로 들어갈 내용 머임?,경험기술서 필수 포함 내용,저는 경험기술서를 처음 써보는데 꼭 들어가야 하는 내용이 있나요?,경험기술서에 꼭 들어가야 할 내용 좀 알려주세요,경험기술서 필수 내용,입사 지원용 경험기술서에 반드시 적어야 하는 항목은 무엇인가요?,경험기술서에 활동 내용만 간단히 적어도 괜찮을까요?
474,603,R-C04-011,경험·포트폴리오,경영·사무·인사,"경험기술서는 실제로 서류 통과 여부에만 쓰이고, 그 뒤엔 안 보는 문서인가요?","NCS 가이드에 따르면 경험기술서는 입사지원서에 적은 경력·경험 내용의 '진위 여부를 판단'하는 자료이자, 면접에서 지원자를 이해하기 위한 참고자료로도 함께 쓰입니다. 즉 서류 단계에서 한 번 보고 끝나는 것이 아니라 면접 질문의 소재로 다시 활용되는 경우가 많으므로, 면접관이 더 깊게 물어봤을 때 구체적으로 답할 수 있는 내용만 적는 것이 안전합니다.",Claude 웹 리서치(채용공고 해석·지원전략 및 직무군별 채용시장 트렌드 조사),NCS 가이드 - 캐치(catch.co.kr),https://www.catch.co.kr/Guide/NCSGuideAtoZ3,경험기술서가 서류 진위 확인 및 면접 참고자료로 활용된다는 안내,2026-10-05,미검토,,중,웹 리서치(공공기관 통계·언론 보도) 기반 자체 조사·작성 | 수집일: 2026-10-05,N,"경험기술서는 서류 합격 여부를 가릴 때만 활용되고 이후에는 안 쓰이나요?,경험기술서는 서류 통과용이고 그 뒤엔 안 봐?,경험기술서 서합 이후엔 안 보는 문서임?,경험기술서 서류 이후 활용 면접,저는 경험기술서를 서류용으로만 생각했는데 서류 통과 후에도 쓰이나요?,경험기술서가 서류 이후에 어떻게 쓰이는지 좀 알려주세요,경험기술서 활용,입사 지원 경험기술서는 면접 전형에서도 참고 자료로 활용되나요?,경험기술서를 대충 써도 서류만 붙으면 괜찮을까요?",경험기술서는 서류 합격 여부를 가릴 때만 활용되고 이후에는 안 쓰이나요?,경험기술서는 서류 통과용이고 그 뒤엔 안 봐?,경험기술서 서합 이후엔 안 보는 문서임?,경험기술서 서류 이후 활용 면접,저는 경험기술서를 서류용으로만 생각했는데 서류 통과 후에도 쓰이나요?,경험기술서가 서류 이후에 어떻게 쓰이는지 좀 알려주세요,경험기술서 활용,입사 지원 경험기술서는 면접 전형에서도 참고 자료로 활용되나요?,경험기술서를 대충 써도 서류만 붙으면 괜찮을까요?
475,604,R-C04-012,경험·포트폴리오,경영·사무·인사,이력서 경력사항에 적을 '정식 경력'이 없는 신입은 이 칸을 어떻게 채워야 하나요?,"고용노동부 워크넷 작성 가이드에 따르면 신입 지원자는 경력사항 칸에 정식 근무 경력이 아니라 사회활동 경험을 구체적인 성과와 함께 적도록 안내하고 있습니다. 즉 '경력 없음'으로 비워두기보다 아르바이트·동아리·대외활동 중 직무와 연결지을 수 있는 경험을 골라, 무엇을 했고 어떤 결과를 냈는지로 채우는 것이 가이드가 권장하는 방식입니다.",Claude 웹 리서치(채용공고 해석·지원전략 및 직무군별 채용시장 트렌드 조사),고용노동부 워크넷(work24.go.kr) 이력서 작성 가이드,https://m.work24.go.kr/wk/r/d/1110/resumeSelfIntroGuide1.do,신입 지원자의 경력사항 작성 시 사회활동 경험과 성과를 기재하도록 안내,2026-10-05,미검토,,상,웹 리서치(공공기관 통계·언론 보도) 기반 자체 조사·작성 | 수집일: 2026-10-05,N,"이력서 경력사항에 쓸 정식 경력이 없는 신입은 그 칸을 어떻게 작성해야 하나요?,신입이라 이력서 경력사항에 쓸 게 없는데 어떻게 채워?,신입인데 이력서 경력 칸 비어 있으면 어케 채움?,신입 이력서 경력사항 작성법,저는 정식 경력이 없는 신입인데 이력서 경력사항 칸을 어떻게 채워야 할까요?,신입 이력서 경력사항 칸 채우는 법 좀 알려주세요,신입 경력사항 작성,정식 근무 경력이 없는 신입은 입사 지원 이력서의 경력란에 무엇을 쓰나요?,신입인데 이력서 경력사항을 비워둬도 괜찮을까요?",이력서 경력사항에 쓸 정식 경력이 없는 신입은 그 칸을 어떻게 작성해야 하나요?,신입이라 이력서 경력사항에 쓸 게 없는데 어떻게 채워?,신입인데 이력서 경력 칸 비어 있으면 어케 채움?,신입 이력서 경력사항 작성법,저는 정식 경력이 없는 신입인데 이력서 경력사항 칸을 어떻게 채워야 할까요?,신입 이력서 경력사항 칸 채우는 법 좀 알려주세요,신입 경력사항 작성,정식 근무 경력이 없는 신입은 입사 지원 이력서의 경력란에 무엇을 쓰나요?,신입인데 이력서 경력사항을 비워둬도 괜찮을까요?
476,605,R-C04-013,경험·포트폴리오,IT·개발·데이터,개발 직군은 경험기술서에 '성과를 수치화하라'는 조언을 어떻게 적용하면 좋을까요?,"워크넷 가이드는 경력·경험 사항을 적을 때 지원 직무와 관련된 성과를 수치화해서 쓰도록 권장합니다. 개발 직군이라면 '만들었다' 대신 처리 속도 개선률, 사용자 수, 버그 감소율, 배포 빈도처럼 측정 가능한 지표로 성과를 표현하면, 경험기술서의 '성과' 항목을 훨씬 구체적으로 채울 수 있습니다.",Claude 웹 리서치(채용공고 해석·지원전략 및 직무군별 채용시장 트렌드 조사),고용노동부 워크넷 가이드 + NCS 가이드(해석),https://m.work24.go.kr/wk/r/d/1110/resumeSelfIntroGuide1.do | https://www.catch.co.kr/Guide/NCSGuideAtoZ3,성과 수치화 권장 가이드를 개발 직군 경험기술서 작성에 적용한 해석,2026-10-05,미검토,,중,통계 자체보다 Claude의 해석을 포함한 답변 | 수집일: 2026-10-05,N,"개발 직군은 경험기술서에서 성과를 숫자로 표현하라는 조언을 어떻게 적용하나요?,개발 직군 경험기술서 성과 수치화 어떻게 해?,개발 직군 경험기술서 성과 수치화 어케 함?,개발 직군 경험기술서 성과 수치화 방법,저는 개발 직군 신입인데 경험기술서에 성과를 수치화하라는 조언을 어떻게 적용해야 할지 모르겠어요,개발 직군 경험기술서 성과 수치화 예시 좀 알려주세요,개발 경험기술서 수치화,개발 직군 입사 지원 경험기술서에서 프로젝트 성과를 수치로 쓰는 방법은?,개발 직군 경험기술서에 수치 없이 써도 괜찮을까요?",개발 직군은 경험기술서에서 성과를 숫자로 표현하라는 조언을 어떻게 적용하나요?,개발 직군 경험기술서 성과 수치화 어떻게 해?,개발 직군 경험기술서 성과 수치화 어케 함?,개발 직군 경험기술서 성과 수치화 방법,저는 개발 직군 신입인데 경험기술서에 성과를 수치화하라는 조언을 어떻게 적용해야 할지 모르겠어요,개발 직군 경험기술서 성과 수치화 예시 좀 알려주세요,개발 경험기술서 수치화,개발 직군 입사 지원 경험기술서에서 프로젝트 성과를 수치로 쓰는 방법은?,개발 직군 경험기술서에 수치 없이 써도 괜찮을까요?
477,606,R-C04-014,경험·포트폴리오,영업·마케팅,영업·마케팅 직군 경험기술서는 어떤 식으로 성과를 수치화해서 써야 하나요?,"워크넷 가이드의 '성과 수치화' 원칙을 영업·마케팅 경험에 적용하면, 단순히 '홍보 활동을 했다'가 아니라 콘텐츠 조회수, 캠페인 참여 인원, 설문 응답 수, 공모전 수상 순위처럼 구체적인 숫자로 바꿔서 기술하는 것이 좋습니다. 숫자가 없는 활동이라면 비교 대상 (이전 대비, 목표 대비)을 붙여서라도 성과를 가늠할 수 있게 적는 것이 도움이 됩니다.",Claude 웹 리서치(채용공고 해석·지원전략 및 직무군별 채용시장 트렌드 조사),고용노동부 워크넷 가이드(해석),https://m.work24.go.kr/wk/r/d/1110/resumeSelfIntroGuide1.do,성과 수치화 권장 가이드를 영업·마케팅 직군 경험 작성에 적용한 해석,2026-10-05,미검토,,중,통계 자체보다 Claude의 해석을 포함한 답변 | 수집일: 2026-10-05,N,"영업/마케팅 직군 경험기술서는 성과를 어떻게 숫자로 표현해서 써야 하나요?,영업/마케팅 직군 경험기술서 성과 수치화 어떻게 해?,영업/마케팅 경험기술서 성과 수치 어케 넣음?,영업 마케팅 경험기술서 성과 수치화,저는 영업/마케팅 직군을 준비하는데 경험기술서에 성과를 어떻게 수치화해야 할지 모르겠어요,영업/마케팅 경험기술서 성과 수치화 방법 좀 알려주세요,영업 마케팅 경험기술서 수치,영업/마케팅 직군 입사 지원 경험기술서에 홍보 활동 성과를 수치로 쓰는 방법은?,영업/마케팅 경험기술서에 수치 없이 활동만 써도 괜찮을까요?",영업/마케팅 직군 경험기술서는 성과를 어떻게 숫자로 표현해서 써야 하나요?,영업/마케팅 직군 경험기술서 성과 수치화 어떻게 해?,영업/마케팅 경험기술서 성과 수치 어케 넣음?,영업 마케팅 경험기술서 성과 수치화,저는 영업/마케팅 직군을 준비하는데 경험기술서에 성과를 어떻게 수치화해야 할지 모르겠어요,영업/마케팅 경험기술서 성과 수치화 방법 좀 알려주세요,영업 마케팅 경험기술서 수치,영업/마케팅 직군 입사 지원 경험기술서에 홍보 활동 성과를 수치로 쓰는 방법은?,영업/마케팅 경험기술서에 수치 없이 활동만 써도 괜찮을까요?
478,607,R-C04-015,경험·포트폴리오,디자인·콘텐츠,디자인 직군은 경험기술서에 포트폴리오 링크만 넣으면 충분한가요?,"NCS 가이드가 요구하는 것은 결과물 자체가 아니라 '맡았던 역할·수행업무·성과'를 글로 설명하는 것입니다. 포트폴리오 링크는 결과물을 보여주는 역할을 하지만, 그 작업에서 본인이 실제로 어떤 역할을 맡았는지(기획/디자인/수정 등)와 결과(채택 여부, 사용자 반응 등)를 경험기술서 문장으로도 함께 설명해야 NCS 가이드가 말하는 '진위 판단·면접 참고자료'로서의 역할을 제대로 할 수 있습니다.",Claude 웹 리서치(채용공고 해석·지원전략 및 직무군별 채용시장 트렌드 조사),NCS 가이드(해석),https://www.catch.co.kr/Guide/NCSGuideAtoZ3,NCS 경험기술서 필수 항목을 디자인 직군 포트폴리오 제출 방식에 적용한 해석,2026-10-05,미검토,,중,통계 자체보다 Claude의 해석을 포함한 답변 | 수집일: 2026-10-05,N,"디자인 직군 경험기술서에는 포트폴리오 링크만 첨부해도 되나요?,디자인 직군 경험기술서에 포폴 링크만 넣으면 돼?,디자인 직군 경험기술서 포폴 링크만 넣어도 됨?,디자인 직군 경험기술서 포트폴리오 링크,저는 디자인 직군을 준비하는데 경험기술서에 포트폴리오 링크만 넣어도 충분할까요?,디자인 직군 경험기술서에 포트폴리오 외에 써야 할 내용 좀 알려주세요,디자인 경험기술서 포폴 링크,디자인 직군 입사 지원 경험기술서에서 포트폴리오 링크 외에 무엇을 적어야 하나요?,디자인 직군 경험기술서를 포트폴리오 링크만으로 내면 불리할까요?",디자인 직군 경험기술서에는 포트폴리오 링크만 첨부해도 되나요?,디자인 직군 경험기술서에 포폴 링크만 넣으면 돼?,디자인 직군 경험기술서 포폴 링크만 넣어도 됨?,디자인 직군 경험기술서 포트폴리오 링크,저는 디자인 직군을 준비하는데 경험기술서에 포트폴리오 링크만 넣어도 충분할까요?,디자인 직군 경험기술서에 포트폴리오 외에 써야 할 내용 좀 알려주세요,디자인 경험기술서 포폴 링크,디자인 직군 입사 지원 경험기술서에서 포트폴리오 링크 외에 무엇을 적어야 하나요?,디자인 직군 경험기술서를 포트폴리오 링크만으로 내면 불리할까요?
479,608,R-C04-016,경험·포트폴리오,경영·사무·인사,자격증이나 어학 점수는 많이 가지고 있을수록 이력서에 다 적는 게 좋은가요?,"워크넷 가이드는 자격·어학 항목을 '직무 관련 자격만' 최근 순서로 적도록 안내하고 있습니다. 즉 개수를 많이 나열하는 것보다 지원하는 직무와 관련 없는 자격증은 빼고, 관련성이 높은 자격증·어학 점수를 취득일과 함께 정확히 적는 것이 가이드가 권장하는 방식입니다.",Claude 웹 리서치(채용공고 해석·지원전략 및 직무군별 채용시장 트렌드 조사),고용노동부 워크넷(work24.go.kr) 이력서 작성 가이드,https://m.work24.go.kr/wk/r/d/1110/resumeSelfIntroGuide1.do,자격·어학 항목은 직무 관련 자격만 최근 순으로 기재하도록 안내,2026-10-05,미검토,,중,웹 리서치(공공기관 통계·언론 보도) 기반 자체 조사·작성 | 수집일: 2026-10-05,N,"자격증이나 어학 성적은 많을수록 이력서에 모두 기재하는 게 유리한가요?,자격증이나 어학 점수 많으면 이력서에 다 적는 게 좋아?,자격증 어학 스펙 많으면 이력서에 다 적어도 됨?,이력서 자격증 어학 점수 기재 범위,저는 자격증과 어학 점수가 여러 개 있는데 이력서에 전부 적는 게 좋을까요?,이력서에 자격증과 어학 점수 적는 기준 좀 알려주세요,이력서 자격증 다 적기,입사 지원 이력서 자격 사항에 직무와 무관한 자격증도 모두 적어야 하나요?,직무와 관련 없는 자격증까지 이력서에 다 적으면 불리할까요?",자격증이나 어학 성적은 많을수록 이력서에 모두 기재하는 게 유리한가요?,자격증이나 어학 점수 많으면 이력서에 다 적는 게 좋아?,자격증 어학 스펙 많으면 이력서에 다 적어도 됨?,이력서 자격증 어학 점수 기재 범위,저는 자격증과 어학 점수가 여러 개 있는데 이력서에 전부 적는 게 좋을까요?,이력서에 자격증과 어학 점수 적는 기준 좀 알려주세요,이력서 자격증 다 적기,입사 지원 이력서 자격 사항에 직무와 무관한 자격증도 모두 적어야 하나요?,직무와 관련 없는 자격증까지 이력서에 다 적으면 불리할까요?
480,609,E-C01-001,직무 탐색·전환,IT·개발·데이터,신입 개발자인데 물경력이 걱정됩니다. 퇴사하고 공부해서 재취업하는 게 나을까요?,대부분의 댓글은 퇴사 후 공백을 만들기보다 회사를 다니면서 이직을 준비하라고 조언합니다. 채용 시장이 좋지 않을 때 그만두면 공백기가 길어질 수 있기 때문입니다. 업무 시간 외에 꾸준히 개인 프로젝트와 코딩테스트를 준비해 실력을 증명할 결과물을 만든 뒤 이직을 시도하세요.,에브리타임 취업·진로 게시판 크롤링,에브리타임 취업·진로 게시판 게시글(article_id=345206308),"https://everytime.kr/370494/v/345206308 (본문+댓글, 로그인 필요)",1년 차 개발자 퇴사 고민에 대한 댓글: 재직 중 이직 준비 권장,2026-10-06,미검토,,중,"에브리타임 학교 커뮤니티 게시글·댓글 기반, 작성자·학교·실명·특정 업체 정보는 일반화하여 제거 | 원글 작성일: 2024-06-07 | 수집일: 2026-10-06",N,"신입 개발자로 일하는데 물경력이 될까 봐 불안합니다 회사를 그만두고 공부해서 다시 취업하는 편이 좋을까요?,신입 개발자인데 물경력 될 것 같아서 퇴사하고 공부할까 고민 중이야 그게 나아?,신입 개발자 물경력 걱정되는데 퇴사하고 다시 취준하는 거 어케 생각함?,신입 개발자 물경력 퇴사 후 재취업,저는 입사한 지 얼마 안 된 신입 개발자인데 하는 일이 물경력 같아서 퇴사하고 공부할지 고민입니다,신입 개발자 물경력일 때 퇴사하고 재취업하는 게 맞는지 알려주세요,개발자 물경력 퇴사,신입 개발자가 물경력 탈출하려고 퇴사 후 재취업하는 게 재직 중 이직 준비보다 나을까요?,신입 개발자가 물경력 때문에 퇴사하고 공부하면 재취업에 불리할까요?",신입 개발자로 일하는데 물경력이 될까 봐 불안합니다 회사를 그만두고 공부해서 다시 취업하는 편이 좋을까요?,신입 개발자인데 물경력 될 것 같아서 퇴사하고 공부할까 고민 중이야 그게 나아?,신입 개발자 물경력 걱정되는데 퇴사하고 다시 취준하는 거 어케 생각함?,신입 개발자 물경력 퇴사 후 재취업,저는 입사한 지 얼마 안 된 신입 개발자인데 하는 일이 물경력 같아서 퇴사하고 공부할지 고민입니다,신입 개발자 물경력일 때 퇴사하고 재취업하는 게 맞는지 알려주세요,개발자 물경력 퇴사,신입 개발자가 물경력 탈출하려고 퇴사 후 재취업하는 게 재직 중 이직 준비보다 나을까요?,신입 개발자가 물경력 때문에 퇴사하고 공부하면 재취업에 불리할까요?
481,610,E-C01-002,직무 탐색·전환,연구·엔지니어링·제조기술,반도체 장비사 CS 엔지니어는 실제로 어떤가요?,"장비사 CS 직무는 연봉이 높고 대기업 제조사보다 입사 경쟁이 덜하지만, 워라밸이 좋지 않고 고객 대응에서 오는 감정 소모가 크다는 의견이 많습니다. 회사에 따라 직무 이동이 자유롭지 않아 커리어 확장이 어렵다는 평가도 있지만, 오래 할 수 있는 직무라는 긍정적인 평가와 실제 후기 사이트에서는 괜찮다는 의견도 있습니다. 여러 출처의 후기를 비교하고 고객 대응과 현장 근무에 대한 본인 적성을 먼저 점검하세요.",에브리타임 취업·진로 게시판 크롤링,에브리타임 취업·진로 게시판 게시글(article_id=395892589),"https://everytime.kr/370494/v/395892589 (본문+댓글, 로그인 필요)",장비사 후기 정리 글과 찬반 댓글,2026-10-06,미검토,,상,"에브리타임 학교 커뮤니티 게시글·댓글 기반, 작성자·학교·실명·특정 업체 정보는 일반화하여 제거 | 원글 작성일: 2025-12-11 | 수집일: 2026-10-06",N,"반도체 장비사 CS 엔지니어로 일하면 현실은 어떤지 궁금합니다,반도체 장비사 CS 엔지니어 실제로 어때?,반도체 장비사 CS 엔지니어 현직자들 평은 어떰?,반도체 장비사 CS 엔지니어 실제 업무 장단점,저는 반도체 장비사 CS 엔지니어 직무를 알아보는 중인데 실제로 일해 보면 어떤가요?,반도체 장비사 CS 엔지니어 직무 현실 좀 알려주세요,장비사 CS 현실,반도체 장비사 CS 엔지니어 직무로 입사하면 실제 근무 환경은 어떤가요?,반도체 장비사 CS 엔지니어로 들어가도 괜찮을까요?",반도체 장비사 CS 엔지니어로 일하면 현실은 어떤지 궁금합니다,반도체 장비사 CS 엔지니어 실제로 어때?,반도체 장비사 CS 엔지니어 현직자들 평은 어떰?,반도체 장비사 CS 엔지니어 실제 업무 장단점,저는 반도체 장비사 CS 엔지니어 직무를 알아보는 중인데 실제로 일해 보면 어떤가요?,반도체 장비사 CS 엔지니어 직무 현실 좀 알려주세요,장비사 CS 현실,반도체 장비사 CS 엔지니어 직무로 입사하면 실제 근무 환경은 어떤가요?,반도체 장비사 CS 엔지니어로 들어가도 괜찮을까요?
482,611,E-C01-003,직무 탐색·전환,IT·개발·데이터,관심 분야가 두 개(예: 프로그래밍과 그래픽)인데 동시에 준비해도 될까요?,"두 분야를 동시에 준비하면 어느 쪽도 깊어지지 않기 쉬우므로 주 분야를 먼저 정해 어느 정도 궤도에 오를 때까지 몰입하고, 그다음에 부 분야를 공부하라는 조언이 있습니다. 직업은 실제로 해 봐야 보이는 부분이 많으니 대외활동이나 짧은 프로젝트로 먼저 경험해 보고 결정하세요.",에브리타임 취업·진로 게시판 크롤링,에브리타임 취업·진로 게시판 게시글(article_id=399053311),"https://everytime.kr/370494/v/399053311 (본문+댓글, 로그인 필요)",진로 고민 글(TA 직무 관심)에 대한 선배 댓글,2026-10-06,미검토,,중,"에브리타임 학교 커뮤니티 게시글·댓글 기반, 작성자·학교·실명·특정 업체 정보는 일반화하여 제거 | 원글 작성일: 2026-01-30 | 수집일: 2026-10-06",N,"프로그래밍과 그래픽처럼 흥미 있는 분야가 둘인데 병행해서 준비해도 될까요?,프로그래밍이랑 그래픽 둘 다 관심 있는데 같이 준비해도 돼?,프로그래밍 그래픽 둘 다 취준 병행 가능함?,프로그래밍 그래픽 두 분야 동시 준비 여부,저는 프로그래밍과 그래픽 둘 다 좋아하는데 한 번에 둘 다 준비해도 될지 고민입니다,프로그래밍과 그래픽 두 분야를 동시에 준비해도 되는지 알려주세요,프로그래밍 그래픽 동시 준비,프로그래밍과 그래픽 두 분야로 동시에 취업 준비를 해도 될까요?,프로그래밍과 그래픽을 동시에 준비하면 둘 다 어중간해질까요?",프로그래밍과 그래픽처럼 흥미 있는 분야가 둘인데 병행해서 준비해도 될까요?,프로그래밍이랑 그래픽 둘 다 관심 있는데 같이 준비해도 돼?,프로그래밍 그래픽 둘 다 취준 병행 가능함?,프로그래밍 그래픽 두 분야 동시 준비 여부,저는 프로그래밍과 그래픽 둘 다 좋아하는데 한 번에 둘 다 준비해도 될지 고민입니다,프로그래밍과 그래픽 두 분야를 동시에 준비해도 되는지 알려주세요,프로그래밍 그래픽 동시 준비,프로그래밍과 그래픽 두 분야로 동시에 취업 준비를 해도 될까요?,프로그래밍과 그래픽을 동시에 준비하면 둘 다 어중간해질까요?
483,612,E-C01-004,직무 탐색·전환,디자인·콘텐츠,시각디자인 전공인데 UX/UI와 브랜딩 중 어느 쪽으로 가야 할까요?,"현직 선배들은 최근 UX/UI 신입 채용이 크게 줄고 3~5년 차 경력자 위주로 뽑는 경우가 많아 진입장벽이 높아졌다고 말합니다. AI 도구가 UX/UI 작업을 빠르게 따라잡고 있어 기획과 아이디어가 중요한 브랜딩이 상대적으로 버틸 수 있다는 의견도 있습니다. 실제 채용 공고의 경력 조건을 확인하고, 흥미가 더 큰 분야를 장기 커리어 관점에서 선택하세요.",에브리타임 취업·진로 게시판 크롤링,에브리타임 취업·진로 게시판 게시글(article_id=401038795),"https://everytime.kr/370494/v/401038795 (본문+댓글, 로그인 필요)",UX/UI vs 브랜딩 진로 질문에 대한 디자인 현직자 댓글,2026-10-06,미검토,,상,"에브리타임 학교 커뮤니티 게시글·댓글 기반, 작성자·학교·실명·특정 업체 정보는 일반화하여 제거 | 원글 작성일: 2026-02-20 | 수집일: 2026-10-06",N,"시각디자인을 전공했는데 UX/UI와 브랜딩 가운데 어떤 분야를 택해야 할까요?,시각디자인 전공인데 UX/UI랑 브랜딩 중에 뭐가 나아?,시각디자인 전공 UX/UI 브랜딩 중에 머가 나음?,시각디자인 전공 UX/UI 브랜딩 진로 선택,저는 시각디자인 전공생인데 UX/UI와 브랜딩 중 어느 길로 갈지 정하지 못했어요,시각디자인 전공자가 UX/UI와 브랜딩 중 어디로 가야 할지 알려주세요,UX/UI 브랜딩 중 어디로,시각디자인 전공자의 UX/UI와 브랜딩 직무 진로 선택은 어떻게 해야 하나요?,시각디자인 전공인데 UX/UI 대신 브랜딩으로 가도 괜찮을까요?",시각디자인을 전공했는데 UX/UI와 브랜딩 가운데 어떤 분야를 택해야 할까요?,시각디자인 전공인데 UX/UI랑 브랜딩 중에 뭐가 나아?,시각디자인 전공 UX/UI 브랜딩 중에 머가 나음?,시각디자인 전공 UX/UI 브랜딩 진로 선택,저는 시각디자인 전공생인데 UX/UI와 브랜딩 중 어느 길로 갈지 정하지 못했어요,시각디자인 전공자가 UX/UI와 브랜딩 중 어디로 가야 할지 알려주세요,UX/UI 브랜딩 중 어디로,시각디자인 전공자의 UX/UI와 브랜딩 직무 진로 선택은 어떻게 해야 하나요?,시각디자인 전공인데 UX/UI 대신 브랜딩으로 가도 괜찮을까요?
484,613,E-C01-005,직무 탐색·전환,경영·사무·인사,인사(HR) 직무는 TO가 적다는데 다른 직무와 함께 준비해야 하나요?,"인사 직무는 신입 채용 인원이 매우 적어 단독으로 준비하기보다 다른 직무와 병행하라는 조언이 많습니다. 스타트업이나 중소기업에서 인사 경력을 쌓은 뒤 이직하는 경로도 고려할 수 있으며, 무엇보다 자신의 적성을 먼저 확인하는 것이 중요하다고 합니다.",에브리타임 취업·진로 게시판 크롤링,에브리타임 취업·진로 게시판 게시글(article_id=405868246),"https://everytime.kr/370494/v/405868246 (본문+댓글, 로그인 필요)",인사 직무 관심 2학년의 질문과 답글,2026-10-06,미검토,,중,"에브리타임 학교 커뮤니티 게시글·댓글 기반, 작성자·학교·실명·특정 업체 정보는 일반화하여 제거 | 원글 작성일: 2026-03-27 | 수집일: 2026-10-06",N,"인사(HR) 직무는 채용 인원이 적다던데 다른 직무도 같이 준비하는 게 좋을까요?,인사 직무 TO 적다던데 다른 직무랑 같이 준비해야 돼?,인사 HR 직무 TO 적다는데 취준할 때 다른 직무 병행해야 함?,인사 HR 직무 TO 다른 직무 병행 준비,저는 인사 직무를 희망하는데 TO가 적다고 해서 다른 직무도 함께 준비해야 할지 고민입니다,인사 HR 직무 TO가 적을 때 다른 직무와 병행해야 하는지 알려주세요,인사 직무 TO 적음,인사(HR) 직무 신입 채용 TO가 적다면 다른 직무와 병행 지원해야 하나요?,인사(HR) 직무 하나만 준비하면 TO가 적어서 불리할까요?",인사(HR) 직무는 채용 인원이 적다던데 다른 직무도 같이 준비하는 게 좋을까요?,인사 직무 TO 적다던데 다른 직무랑 같이 준비해야 돼?,인사 HR 직무 TO 적다는데 취준할 때 다른 직무 병행해야 함?,인사 HR 직무 TO 다른 직무 병행 준비,저는 인사 직무를 희망하는데 TO가 적다고 해서 다른 직무도 함께 준비해야 할지 고민입니다,인사 HR 직무 TO가 적을 때 다른 직무와 병행해야 하는지 알려주세요,인사 직무 TO 적음,인사(HR) 직무 신입 채용 TO가 적다면 다른 직무와 병행 지원해야 하나요?,인사(HR) 직무 하나만 준비하면 TO가 적어서 불리할까요?
485,614,E-C01-006,직무 탐색·전환,영업·마케팅,영어 실력이 가장 큰 강점인데 어떤 직무를 노려야 하나요?,"해외영업, 무역·수출입, 외국계 기업 직무가 영어 역량을 많이 보는 대표적인 직무로 꼽힙니다. 일부 은행은 어학을 많이 반영한다는 의견도 있습니다. 무역 직무를 노린다면 국제무역사나 무역영어 자격증을 함께 취득해 직무 관련성을 보완하세요.",에브리타임 취업·진로 게시판 크롤링,에브리타임 취업·진로 게시판 게시글(article_id=406475840),"https://everytime.kr/370494/v/406475840 (본문+댓글, 로그인 필요)",영어 강점 경영학과 학생의 직무 질문에 대한 댓글,2026-10-06,미검토,,중,"에브리타임 학교 커뮤니티 게시글·댓글 기반, 작성자·학교·실명·특정 업체 정보는 일반화하여 제거 | 원글 작성일: 2026-04-04 | 수집일: 2026-10-06",N,"영어 능력이 제일 큰 장점인데 어떤 직무를 목표로 하면 좋을까요?,영어 잘하는 게 제일 큰 강점인데 무슨 직무 노려야 돼?,영어가 젤 큰 스펙인데 직무 머 노려야 함?,영어 강점 살릴 수 있는 직무 추천,저는 다른 스펙보다 영어 실력이 가장 큰 강점인데 어떤 직무에 지원하면 좋을까요?,영어 실력을 살릴 수 있는 직무 좀 알려주세요,영어 강점 직무,영어 실력이 강점인 취준생은 어떤 직무로 입사 지원하는 게 유리한가요?,영어 실력 하나만 강점이어도 직무 선택에 도움이 될까요?",영어 능력이 제일 큰 장점인데 어떤 직무를 목표로 하면 좋을까요?,영어 잘하는 게 제일 큰 강점인데 무슨 직무 노려야 돼?,영어가 젤 큰 스펙인데 직무 머 노려야 함?,영어 강점 살릴 수 있는 직무 추천,저는 다른 스펙보다 영어 실력이 가장 큰 강점인데 어떤 직무에 지원하면 좋을까요?,영어 실력을 살릴 수 있는 직무 좀 알려주세요,영어 강점 직무,영어 실력이 강점인 취준생은 어떤 직무로 입사 지원하는 게 유리한가요?,영어 실력 하나만 강점이어도 직무 선택에 도움이 될까요?
486,615,E-C01-007,직무 탐색·전환,공통,공기업과 사기업 중 고민될 때 어떤 기준으로 선택해야 하나요?,"정답은 없지만 사기업은 성취감만큼 경쟁이 치열하고 정년 전 퇴직 부담도 있다는 의견이 있습니다. 둘 다 고민된다면 공기업과 사기업 모두 지원 가능한 분야로 준비해 사기업에 먼저 가 보고 나중에 공기업으로 옮기는 방법도 있는데, 반대 방향은 어렵다는 조언이 있습니다. 채용 시장이 어렵다면 처음에는 가리지 말고 폭넓게 지원하는 것도 현실적인 전략입니다.",에브리타임 취업·진로 게시판 크롤링,에브리타임 취업·진로 게시판 게시글(article_id=408888786),"https://everytime.kr/370494/v/408888786 (본문+댓글, 로그인 필요)",공기업 vs 사기업 고민 글의 댓글,2026-10-06,미검토,,중,"에브리타임 학교 커뮤니티 게시글·댓글 기반, 작성자·학교·실명·특정 업체 정보는 일반화하여 제거 | 원글 작성일: 2026-04-29 | 수집일: 2026-10-06",N,"공기업과 사기업 사이에서 망설여질 때 무엇을 기준으로 정해야 할까요?,공기업이랑 사기업 중에 고민되는데 뭘 기준으로 골라?,공기업 사기업 중에 머 갈지 고민인데 기준 어케 잡음?,공기업 사기업 선택 기준,저는 공기업과 사기업 둘 다 고민되는데 어떤 기준으로 방향을 정해야 할지 모르겠어요,공기업과 사기업 중 선택하는 기준 좀 알려주세요,공기업 사기업 고민,공기업과 사기업 중 어느 쪽으로 취업 준비할지 고를 때 기준이 있나요?,공기업과 사기업 사이에서 결정을 못 하고 둘 다 준비해도 괜찮을까요?",공기업과 사기업 사이에서 망설여질 때 무엇을 기준으로 정해야 할까요?,공기업이랑 사기업 중에 고민되는데 뭘 기준으로 골라?,공기업 사기업 중에 머 갈지 고민인데 기준 어케 잡음?,공기업 사기업 선택 기준,저는 공기업과 사기업 둘 다 고민되는데 어떤 기준으로 방향을 정해야 할지 모르겠어요,공기업과 사기업 중 선택하는 기준 좀 알려주세요,공기업 사기업 고민,공기업과 사기업 중 어느 쪽으로 취업 준비할지 고를 때 기준이 있나요?,공기업과 사기업 사이에서 결정을 못 하고 둘 다 준비해도 괜찮을까요?
487,616,E-C01-008,직무 탐색·전환,IT·개발·데이터,PM 직무를 희망하는데 신입으로 바로 갈 수 있나요?,"현직 PM들은 PM 직무가 신입에게 쉽지 않다고 말합니다. 각 분야에서 오래 일한 사람들에게 업무를 지시하면서 고객 대응도 하고, 프로젝트가 지연되면 책임을 져야 하기 때문입니다. 신입 채용이 적은 만큼 관련 분야 실무 경험을 먼저 쌓은 뒤 PM으로 확장하는 경로를 고려하세요.",에브리타임 취업·진로 게시판 크롤링,에브리타임 취업·진로 게시판 게시글(article_id=410624624),"https://everytime.kr/370494/v/410624624 (본문+댓글, 로그인 필요)",PM 직무 희망 인턴의 고민 글에 대한 현직 PM 댓글,2026-10-06,미검토,,중,"에브리타임 학교 커뮤니티 게시글·댓글 기반, 작성자·학교·실명·특정 업체 정보는 일반화하여 제거 | 원글 작성일: 2026-05-23 | 수집일: 2026-10-06",N,"PM 직무를 원하는데 신입으로 곧바로 입사할 수 있을까요?,PM 하고 싶은데 신입으로 바로 갈 수 있어?,신입 PM 바로 가능함? 현직자들 생각 궁금,신입 PM 직무 바로 지원 가능 여부,저는 PM 직무를 희망하는 신입인데 경력 없이 바로 PM으로 시작할 수 있을까요?,신입이 PM 직무로 바로 갈 수 있는지 알려주세요,신입 PM 가능,PM 직무는 신입 채용으로 바로 입사할 수 있나요?,신입으로 PM 직무에 바로 지원하면 불리할까요?",PM 직무를 원하는데 신입으로 곧바로 입사할 수 있을까요?,PM 하고 싶은데 신입으로 바로 갈 수 있어?,신입 PM 바로 가능함? 현직자들 생각 궁금,신입 PM 직무 바로 지원 가능 여부,저는 PM 직무를 희망하는 신입인데 경력 없이 바로 PM으로 시작할 수 있을까요?,신입이 PM 직무로 바로 갈 수 있는지 알려주세요,신입 PM 가능,PM 직무는 신입 채용으로 바로 입사할 수 있나요?,신입으로 PM 직무에 바로 지원하면 불리할까요?
488,617,E-C01-009,직무 탐색·전환,영업·마케팅,하고 싶은 직무의 인턴과 정규직 전환율이 높은 다른 직무 인턴 중 무엇을 골라야 하나요?,"인턴 경험을 쌓은 직무로 진로가 굳어지는 경우가 많다는 점을 고려해야 합니다. 다만 홍보처럼 보편적인 직무는 나중에 직무 순환 제도로 옮길 수 있는 경우도 있으니, 전환형 회사에 그런 제도가 있는지 확인해 보라는 조언이 있습니다. 산업·직군·장기 연봉과 함께 실제 업무가 적성에 맞는지를 비교해 판단하세요.",에브리타임 취업·진로 게시판 크롤링,에브리타임 취업·진로 게시판 게시글(article_id=414763753),"https://everytime.kr/370494/v/414763753 (본문+댓글, 로그인 필요)",두 인턴 회사 선택 고민 글의 댓글,2026-10-06,미검토,,중,"에브리타임 학교 커뮤니티 게시글·댓글 기반, 작성자·학교·실명·특정 업체 정보는 일반화하여 제거 | 원글 작성일: 2026-07-23 | 수집일: 2026-10-06",N,"원하는 직무 인턴과 정규직 전환 비율이 높은 타 직무 인턴 중 어떤 것을 택하는 게 좋을까요?,하고 싶은 직무 인턴이랑 정규직 전환 잘 되는 다른 직무 인턴 중에 뭐 골라?,희망 직무 인턴 vs 전환율 높은 타직무 인턴 머 골라야 함?,희망 직무 인턴 vs 전환율 높은 인턴,저는 하고 싶은 직무 인턴과 정규직 전환율이 높은 다른 직무 인턴에 둘 다 붙었는데 어디로 갈지 고민이에요,희망 직무 인턴과 정규직 전환율 높은 다른 직무 인턴 중 고르는 기준 알려주세요,인턴 정규직 전환율 직무 선택,직무 선택 고민인데 희망 직무 인턴과 정규직 전환형 다른 직무 인턴 중 어디가 나을까요?,하고 싶은 직무를 포기하고 정규직 전환율 높은 다른 직무 인턴을 가도 괜찮을까요?",원하는 직무 인턴과 정규직 전환 비율이 높은 타 직무 인턴 중 어떤 것을 택하는 게 좋을까요?,하고 싶은 직무 인턴이랑 정규직 전환 잘 되는 다른 직무 인턴 중에 뭐 골라?,희망 직무 인턴 vs 전환율 높은 타직무 인턴 머 골라야 함?,희망 직무 인턴 vs 전환율 높은 인턴,저는 하고 싶은 직무 인턴과 정규직 전환율이 높은 다른 직무 인턴에 둘 다 붙었는데 어디로 갈지 고민이에요,희망 직무 인턴과 정규직 전환율 높은 다른 직무 인턴 중 고르는 기준 알려주세요,인턴 정규직 전환율 직무 선택,직무 선택 고민인데 희망 직무 인턴과 정규직 전환형 다른 직무 인턴 중 어디가 나을까요?,하고 싶은 직무를 포기하고 정규직 전환율 높은 다른 직무 인턴을 가도 괜찮을까요?
489,618,E-C01-010,직무 탐색·전환,연구·엔지니어링·제조기술,중견기업 두 곳에 합격했을 때 무엇을 기준으로 골라야 하나요?,"성장 산업에 속해 투자가 활발한 회사와 복지·안정성은 좋지만 산업이 하향세인 회사 사이에서 고민한다면, 향후 이직 가능성과 산업 전망, 직무의 확장성을 함께 고려하라는 의견이 있습니다. 근무지와 본가에서의 통근 가능 여부도 실제 만족도에 큰 영향을 준다는 조언이 많습니다.",에브리타임 취업·진로 게시판 크롤링,에브리타임 취업·진로 게시판 게시글(article_id=414884380),"https://everytime.kr/370494/v/414884380 (본문+댓글, 로그인 필요)",중견기업 두 곳 최종합격 후 선택 고민 글의 댓글,2026-10-06,미검토,,중,"에브리타임 학교 커뮤니티 게시글·댓글 기반, 작성자·학교·실명·특정 업체 정보는 일반화하여 제거 | 원글 작성일: 2026-07-26 | 수집일: 2026-10-06",N,"중견기업 두 군데에 붙었을 때 어떤 기준으로 선택해야 할까요?,중견기업 두 곳 붙었는데 뭐 보고 골라야 돼?,중견 두 곳 최합했는데 어디 갈지 어케 정함?,중견기업 두 곳 합격 선택 기준,저는 중견기업 두 곳에 동시에 합격했는데 어디로 가야 할지 고민입니다,중견기업 두 곳 합격했을 때 고르는 기준 좀 알려주세요,중견기업 두 곳 합격,중견기업 두 곳 최종 합격 후 입사할 회사는 어떻게 골라야 하나요?,중견기업 두 곳에 합격했는데 잘못 고르면 후회할까 봐 걱정돼요 어떻게 판단하면 될까요?",중견기업 두 군데에 붙었을 때 어떤 기준으로 선택해야 할까요?,중견기업 두 곳 붙었는데 뭐 보고 골라야 돼?,중견 두 곳 최합했는데 어디 갈지 어케 정함?,중견기업 두 곳 합격 선택 기준,저는 중견기업 두 곳에 동시에 합격했는데 어디로 가야 할지 고민입니다,중견기업 두 곳 합격했을 때 고르는 기준 좀 알려주세요,중견기업 두 곳 합격,중견기업 두 곳 최종 합격 후 입사할 회사는 어떻게 골라야 하나요?,중견기업 두 곳에 합격했는데 잘못 고르면 후회할까 봐 걱정돼요 어떻게 판단하면 될까요?
490,619,E-C01-011,직무 탐색·전환,연구·엔지니어링·제조기술,공대생이 방송기술 직무로 취업하는 것은 어떤가요?,전자전기 졸업 후 방송기술 직무에 입사한 선배는 생각보다 적성에 잘 맞았다며 공대생들에게 추천합니다. 일부 방송사는 필기 없이 서류와 면접만으로 전형이 진행되어 부담이 덜하다고 합니다. 다만 방송은 장비가 24시간 운영되므로 팀에 따라 교대근무가 있고 근무 형태가 월 단위로 바뀌기도 하니 미리 확인하세요.,에브리타임 취업·진로 게시판 크롤링,에브리타임 취업·진로 게시판 게시글(article_id=415141750),"https://everytime.kr/370494/v/415141750 (본문+댓글, 로그인 필요)",방송기술 직군 재직 선배의 채용 추천 글과 답글,2026-10-06,미검토,,중,"에브리타임 학교 커뮤니티 게시글·댓글 기반, 작성자·학교·실명·특정 업체 정보는 일반화하여 제거 | 원글 작성일: 2026-08-01 | 수집일: 2026-10-06",N,"공대 출신이 방송기술 직무로 취업하면 어떤가요?,공대생이 방송기술 직무로 가는 거 어때?,공대생 방송기술 직무 취업 어떰? 현직자 생각 궁금,공대생 방송기술 직무 취업,저는 공대생인데 방송기술 직무로 취업하는 게 괜찮은 선택인지 궁금해요,공대생 방송기술 직무 취업 현실 좀 알려주세요,공대 방송기술 직무,공대생이 방송사 방송기술 직무에 입사 지원하는 건 어떤가요?,공대생이 방송기술 직무로 가도 괜찮을까요?",공대 출신이 방송기술 직무로 취업하면 어떤가요?,공대생이 방송기술 직무로 가는 거 어때?,공대생 방송기술 직무 취업 어떰? 현직자 생각 궁금,공대생 방송기술 직무 취업,저는 공대생인데 방송기술 직무로 취업하는 게 괜찮은 선택인지 궁금해요,공대생 방송기술 직무 취업 현실 좀 알려주세요,공대 방송기술 직무,공대생이 방송사 방송기술 직무에 입사 지원하는 건 어떤가요?,공대생이 방송기술 직무로 가도 괜찮을까요?
491,620,E-C01-012,직무 탐색·전환,연구·엔지니어링·제조기술,석사 학위가 있으면 취업에 확실히 유리한가요?,"논문이 있어도 다대다 면접에서 다른 석사 지원자들과 경쟁하게 되어 석사만으로 확실한 우위가 생기지는 않는다는 경험담이 있습니다. 연구실과 연구 주제가 지원 직무와 얼마나 맞는지가 더 중요하므로, 석사 진학 전 목표 직무와의 연관성을 먼저 따져 보세요.",에브리타임 취업·진로 게시판 크롤링,에브리타임 취업·진로 게시판 게시글(article_id=415497739),"https://everytime.kr/370494/v/415497739 (본문+댓글, 로그인 필요)",석사 졸업생의 취업 고민 글과 댓글,2026-10-06,미검토,,하,"에브리타임 학교 커뮤니티 게시글·댓글 기반, 작성자·학교·실명·특정 업체 정보는 일반화하여 제거 | 원글 작성일: 2026-08-07 | 수집일: 2026-10-06",N,"석사 학위를 따면 취업할 때 확실히 유리할까요?,석사 있으면 취업에 확실히 유리해?,석사 따면 취준 때 확실히 메리트 있음?,석사 학위 취업 유리 여부,저는 석사 진학을 고민 중인데 석사 학위가 있으면 취업에 확실히 유리한가요?,석사 학위가 취업에 얼마나 유리한지 알려주세요,석사 취업 유리,석사 학위가 있으면 신입 채용 서류와 면접에서 확실히 유리한가요?,석사 학위만 믿고 취업 준비해도 괜찮을까요?",석사 학위를 따면 취업할 때 확실히 유리할까요?,석사 있으면 취업에 확실히 유리해?,석사 따면 취준 때 확실히 메리트 있음?,석사 학위 취업 유리 여부,저는 석사 진학을 고민 중인데 석사 학위가 있으면 취업에 확실히 유리한가요?,석사 학위가 취업에 얼마나 유리한지 알려주세요,석사 취업 유리,석사 학위가 있으면 신입 채용 서류와 면접에서 확실히 유리한가요?,석사 학위만 믿고 취업 준비해도 괜찮을까요?
492,621,E-C01-013,직무 탐색·전환,디자인·콘텐츠,순수미술 전공 저학년인데 진로를 어떻게 정해야 하나요?,"선배들은 처음 생각한 진로가 실제와 많이 다를 수 있고 세부 직군을 보면서 준비 방향이 바뀌는 경우가 많다고 말합니다. 학예직은 석사가 사실상 필수이고 준비 기간이 긴 만큼 신중히 판단해야 합니다. 채용 사이트의 공고를 훑어보며 관심 직무를 찾아보고, 자신의 성향과 관심이 맞는지 계속 저울질하는 과정 자체가 도움이 됩니다.",에브리타임 취업·진로 게시판 크롤링,에브리타임 취업·진로 게시판 게시글(article_id=415592298),"https://everytime.kr/370494/v/415592298 (본문+댓글, 로그인 필요)",순수미술 1학년 진로 질문에 대한 선배 답글,2026-10-06,미검토,,하,"에브리타임 학교 커뮤니티 게시글·댓글 기반, 작성자·학교·실명·특정 업체 정보는 일반화하여 제거 | 원글 작성일: 2026-08-09 | 수집일: 2026-10-06",N,"순수미술을 전공하는 저학년인데 진로는 어떻게 결정하면 좋을까요?,순수미술 전공 저학년인데 진로 어떻게 정해?,순수미술 전공 저학년인데 진로 어케 정함?,순수미술 전공 저학년 진로 결정,저는 순수미술 전공 1~2학년인데 앞으로 진로를 어떻게 잡아야 할지 모르겠어요,순수미술 전공 저학년이 진로 정하는 방법 좀 알려주세요,순수미술 저학년 진로,순수미술 전공 저학년인데 취업 진로와 직무는 어떻게 정해야 하나요?,순수미술 전공 저학년인데 아직 진로를 못 정해도 괜찮을까요?",순수미술을 전공하는 저학년인데 진로는 어떻게 결정하면 좋을까요?,순수미술 전공 저학년인데 진로 어떻게 정해?,순수미술 전공 저학년인데 진로 어케 정함?,순수미술 전공 저학년 진로 결정,저는 순수미술 전공 1~2학년인데 앞으로 진로를 어떻게 잡아야 할지 모르겠어요,순수미술 전공 저학년이 진로 정하는 방법 좀 알려주세요,순수미술 저학년 진로,순수미술 전공 저학년인데 취업 진로와 직무는 어떻게 정해야 하나요?,순수미술 전공 저학년인데 아직 진로를 못 정해도 괜찮을까요?
493,622,E-C01-014,직무 탐색·전환,교육·공공·사회서비스,안정적인 일을 원하는데 공기업 인턴 경험이 있다면 어떤 방향이 좋을까요?,"공기업 인턴 경험이 있고 안정성을 중시한다면 그 경험을 살려 공기업·공공기관·국책연구기관 쪽으로 준비하는 것이 자연스럽다는 의견이 많습니다. 비슷한 스펙(학점 3점대 후반, 한국사, 기사 자격증, 오픽 IH)으로 공기업에 재직 중이며 만족한다는 선배 의견도 있습니다. 직무 추천을 받으려면 하고 싶은 일과 본인 성향을 구체적으로 정리해 보세요.",에브리타임 취업·진로 게시판 크롤링,에브리타임 취업·진로 게시판 게시글(article_id=418140027),"https://everytime.kr/370494/v/418140027 (본문+댓글, 로그인 필요)",직무 추천 요청 글과 공기업 재직자 댓글,2026-10-06,미검토,,중,"에브리타임 학교 커뮤니티 게시글·댓글 기반, 작성자·학교·실명·특정 업체 정보는 일반화하여 제거 | 원글 작성일: 2026-09-15 | 수집일: 2026-10-06",N,"안정적인 직장을 바라는데 공기업 인턴을 해 봤다면 어떤 방향으로 가는 게 좋을까요?,안정적인 일 하고 싶은데 공기업 인턴 경험 있으면 어느 쪽으로 가야 돼?,공기업 인턴 경험 있고 안정적인 데 가고 싶은데 취준 방향 어케 잡음?,공기업 인턴 경험 안정적인 진로 방향,저는 공기업 인턴을 해 봤고 안정적인 일을 원하는데 어느 쪽으로 준비하면 좋을까요?,공기업 인턴 경험 있는 사람이 안정적인 진로 찾는 방향 좀 알려주세요,공기업 인턴 안정 진로,공기업 인턴 경험을 살려 안정적인 직장으로 취업 준비하려면 어느 방향이 좋을까요?,안정적인 일을 원해서 공기업 인턴 경험을 살려 공기업 쪽으로 가도 괜찮을까요?",안정적인 직장을 바라는데 공기업 인턴을 해 봤다면 어떤 방향으로 가는 게 좋을까요?,안정적인 일 하고 싶은데 공기업 인턴 경험 있으면 어느 쪽으로 가야 돼?,공기업 인턴 경험 있고 안정적인 데 가고 싶은데 취준 방향 어케 잡음?,공기업 인턴 경험 안정적인 진로 방향,저는 공기업 인턴을 해 봤고 안정적인 일을 원하는데 어느 쪽으로 준비하면 좋을까요?,공기업 인턴 경험 있는 사람이 안정적인 진로 찾는 방향 좀 알려주세요,공기업 인턴 안정 진로,공기업 인턴 경험을 살려 안정적인 직장으로 취업 준비하려면 어느 방향이 좋을까요?,안정적인 일을 원해서 공기업 인턴 경험을 살려 공기업 쪽으로 가도 괜찮을까요?
494,623,E-C01-015,직무 탐색·전환,연구·엔지니어링·제조기술,요즘 반도체 장비사 입사 난이도는 어느 정도인가요?,"반도체 붐과 취업난으로 몇 년 전보다 장비사 입사 난이도가 크게 높아져 상위권 대학 지원자도 많이 몰린다는 의견이 많습니다. 장비사에서 반도체 제조 대기업으로 경력 이직하는 사례도 종종 있다고 합니다. 반도체를 희망하고 준비해 왔다면 지원할 만하고, 업무 강도와 맞지 않을 것 같으면 다른 진로를 고려하세요.",에브리타임 취업·진로 게시판 크롤링,에브리타임 취업·진로 게시판 게시글(article_id=418453188),"https://everytime.kr/370494/v/418453188 (본문+댓글, 로그인 필요)",장비사 관련 논쟁 정리 글과 댓글,2026-10-06,미검토,,중,"에브리타임 학교 커뮤니티 게시글·댓글 기반, 작성자·학교·실명·특정 업체 정보는 일반화하여 제거 | 원글 작성일: 2026-09-20 | 수집일: 2026-10-06",N,"최근 반도체 장비사에 들어가기는 얼마나 어려운가요?,요즘 반도체 장비사 들어가기 많이 어려워?,요즘 반도체 장비사 입사 컷 어느 정도임?,반도체 장비사 입사 난이도,저는 반도체 장비사를 목표로 준비 중인데 요즘 입사 난이도가 어느 정도인지 궁금해요,요즘 반도체 장비사 입사 난이도 좀 알려주세요,장비사 입사 난이도,요즘 반도체 장비사 신입 채용 경쟁은 어느 정도인가요?,요즘 반도체 장비사 지원하면 경쟁이 너무 세서 힘들까요?",최근 반도체 장비사에 들어가기는 얼마나 어려운가요?,요즘 반도체 장비사 들어가기 많이 어려워?,요즘 반도체 장비사 입사 컷 어느 정도임?,반도체 장비사 입사 난이도,저는 반도체 장비사를 목표로 준비 중인데 요즘 입사 난이도가 어느 정도인지 궁금해요,요즘 반도체 장비사 입사 난이도 좀 알려주세요,장비사 입사 난이도,요즘 반도체 장비사 신입 채용 경쟁은 어느 정도인가요?,요즘 반도체 장비사 지원하면 경쟁이 너무 세서 힘들까요?
495,624,E-C01-016,직무 탐색·전환,디자인·콘텐츠,관심 없는 직무의 중견기업과 하고 싶은 직무의 중소기업 중 어디가 나을까요?,"경력을 쌓을 생각이라면 중견기업 경력이 이직 시 더 인정받는다는 의견이 있는 반면, 연봉 차이가 크지 않다면 하고 싶은 일을 택하겠다는 의견도 있습니다. 관심 있는 직무도 처음에만 재밌을 수 있다는 현실적인 조언도 있으니, 장기 커리어 목표와 실제 업무 내용(예: 디자인 직무 중 문서 업무 비중)을 비교해 결정하세요.",에브리타임 취업·진로 게시판 크롤링,에브리타임 취업·진로 게시판 게시글(article_id=419103942),"https://everytime.kr/370494/v/419103942 (본문+댓글, 로그인 필요)",중견 vs 중소 직무 선택 고민 글의 댓글,2026-10-06,미검토,,중,"에브리타임 학교 커뮤니티 게시글·댓글 기반, 작성자·학교·실명·특정 업체 정보는 일반화하여 제거 | 원글 작성일: 2026-10-03 | 수집일: 2026-10-06",N,"흥미 없는 직무의 중견기업과 원하는 직무의 중소기업 가운데 어디가 더 좋을까요?,관심 없는 직무 중견기업이랑 하고 싶은 직무 중소기업 중에 어디가 나아?,관심 없는 직무 중견 vs 원하는 직무 중소 어디 감?,중견 비희망 직무 vs 중소 희망 직무,저는 관심 없는 직무인 중견기업과 하고 싶은 직무인 중소기업에 붙었는데 어디로 가야 할지 고민이에요,관심 없는 직무 중견기업과 하고 싶은 직무 중소기업 중 고르는 기준 알려주세요,중견기업 vs 중소기업 희망 직무,직무 선택 고민인데 관심 없는 직무의 중견기업과 하고 싶은 직무의 중소기업 중 어디로 입사할까요?,하고 싶은 직무라는 이유로 관심 없는 직무의 중견기업 대신 중소기업에 가도 괜찮을까요?",흥미 없는 직무의 중견기업과 원하는 직무의 중소기업 가운데 어디가 더 좋을까요?,관심 없는 직무 중견기업이랑 하고 싶은 직무 중소기업 중에 어디가 나아?,관심 없는 직무 중견 vs 원하는 직무 중소 어디 감?,중견 비희망 직무 vs 중소 희망 직무,저는 관심 없는 직무인 중견기업과 하고 싶은 직무인 중소기업에 붙었는데 어디로 가야 할지 고민이에요,관심 없는 직무 중견기업과 하고 싶은 직무 중소기업 중 고르는 기준 알려주세요,중견기업 vs 중소기업 희망 직무,직무 선택 고민인데 관심 없는 직무의 중견기업과 하고 싶은 직무의 중소기업 중 어디로 입사할까요?,하고 싶은 직무라는 이유로 관심 없는 직무의 중견기업 대신 중소기업에 가도 괜찮을까요?
496,625,E-C02-001,채용공고·지원전략,IT·개발·데이터,컴공 전공인데 대기업 IT 직무에 지원하려면 최소 학점과 스펙이 어느 정도여야 하나요?,삼성·SK·LG 같은 대기업 IT 직무는 학점과 어학 점수가 일정 수준 이상이고 코딩테스트를 잘 보면 충분히 도전할 수 있다는 의견이 많습니다. 네이버·카카오 같은 IT 기업은 학점보다 개발 실력과 프로젝트를 훨씬 중요하게 보지만 그만큼 실력 기준이 높습니다. 학점을 올리기 어렵다면 코딩테스트와 프로젝트 역량에 집중하거나 NCS 중심의 공기업 IT 직무를 함께 고려해 보세요.,에브리타임 취업·진로 게시판 크롤링,에브리타임 취업·진로 게시판 게시글(article_id=144380294),"https://everytime.kr/370494/v/144380294 (본문+댓글, 로그인 필요)","대기업은 학점·어학·코테, IT 기업은 실력·프로젝트 중심이라는 재학생·졸업생 댓글 종합",2026-10-06,미검토,,중,"에브리타임 학교 커뮤니티 게시글·댓글 기반, 작성자·학교·실명·특정 업체 정보는 일반화하여 제거 | 원글 작성일: 2020-09-21 | 수집일: 2026-10-06",N,"컴퓨터공학 전공자가 대기업 IT 직무에 지원하려면 학점과 스펙이 최소 어느 정도 필요한가요?,컴공인데 대기업 IT 직무 지원하려면 학점이랑 스펙 최소 얼마나 돼야 해?,컴공 대기업 IT 직무 학점 컷이랑 스펙 어느 정도임?,컴공 대기업 IT 직무 최소 학점 스펙,저는 컴공 전공인데 대기업 IT 직무에 지원하려면 학점과 스펙이 최소 어느 정도인지 궁금해요,컴공 전공자가 대기업 IT 직무 지원할 때 필요한 최소 학점과 스펙 알려주세요,컴공 대기업 IT 학점,컴공 전공으로 대기업 IT 직무 입사 지원할 때 학점과 스펙 기준이 있나요?,컴공 전공인데 학점과 스펙이 낮으면 대기업 IT 직무 지원이 불리할까요?",컴퓨터공학 전공자가 대기업 IT 직무에 지원하려면 학점과 스펙이 최소 어느 정도 필요한가요?,컴공인데 대기업 IT 직무 지원하려면 학점이랑 스펙 최소 얼마나 돼야 해?,컴공 대기업 IT 직무 학점 컷이랑 스펙 어느 정도임?,컴공 대기업 IT 직무 최소 학점 스펙,저는 컴공 전공인데 대기업 IT 직무에 지원하려면 학점과 스펙이 최소 어느 정도인지 궁금해요,컴공 전공자가 대기업 IT 직무 지원할 때 필요한 최소 학점과 스펙 알려주세요,컴공 대기업 IT 학점,컴공 전공으로 대기업 IT 직무 입사 지원할 때 학점과 스펙 기준이 있나요?,컴공 전공인데 학점과 스펙이 낮으면 대기업 IT 직무 지원이 불리할까요?
497,626,E-C02-002,채용공고·지원전략,경영·사무·인사,스펙이 거의 없는 문과생이 대기업에 합격하려면 서류를 어떻게 써야 하나요?,"대외활동·인턴 없이 대기업에 합격한 문과생 후기에서는 서류를 최대한 많이 쓰는 것을 가장 강조합니다. 한 시즌에 50곳 이상, 영업관리·해외영업·물류·회계·재무·경영기획·금융까지 폭넓게 지원했고 쓰다 보니 자소서 실력도 함께 늘었다고 합니다. 다만 학점·어학 같은 기본 정량 스펙은 갖춘 상태였으므로 기본 스펙을 확보한 뒤 지원 폭을 넓히는 전략을 추천합니다.",에브리타임 취업·진로 게시판 크롤링,에브리타임 취업·진로 게시판 게시글(article_id=324748278),"https://everytime.kr/370494/v/324748278 (본문+댓글, 로그인 필요)","대외활동 없이 대기업 경영기획 최종합격한 문과 졸업생 후기(50곳 이상 지원, 직무 폭넓게)",2026-10-06,미검토,,상,"에브리타임 학교 커뮤니티 게시글·댓글 기반, 작성자·학교·실명·특정 업체 정보는 일반화하여 제거 | 원글 작성일: 2023-12-12 | 수집일: 2026-10-06",N,"스펙이 별로 없는 문과생이 대기업에 붙으려면 서류를 어떻게 작성해야 할까요?,스펙 거의 없는 문과생인데 대기업 붙으려면 서류 어떻게 써야 돼?,노스펙 문과생 대기업 서합하려면 서류 어케 씀?,노스펙 문과생 대기업 서류 작성법,저는 대외활동도 인턴도 없는 문과생인데 대기업 서류를 어떻게 써야 합격할 수 있을까요?,스펙 없는 문과생이 대기업 서류 쓰는 방법 좀 알려주세요,노스펙 문과 대기업 서류,스펙이 거의 없는 문과생이 대기업 서류 전형을 통과하려면 어떻게 준비해야 하나요?,스펙이 거의 없는 문과생이 대기업 서류를 넣어도 될까요?",스펙이 별로 없는 문과생이 대기업에 붙으려면 서류를 어떻게 작성해야 할까요?,스펙 거의 없는 문과생인데 대기업 붙으려면 서류 어떻게 써야 돼?,노스펙 문과생 대기업 서합하려면 서류 어케 씀?,노스펙 문과생 대기업 서류 작성법,저는 대외활동도 인턴도 없는 문과생인데 대기업 서류를 어떻게 써야 합격할 수 있을까요?,스펙 없는 문과생이 대기업 서류 쓰는 방법 좀 알려주세요,노스펙 문과 대기업 서류,스펙이 거의 없는 문과생이 대기업 서류 전형을 통과하려면 어떻게 준비해야 하나요?,스펙이 거의 없는 문과생이 대기업 서류를 넣어도 될까요?
498,627,E-C02-003,채용공고·지원전략,공통,처음 취준을 시작하는데 채용 정보는 어디서 어떻게 모아야 하나요?,"늦게 졸업해 혼자 취준한 선배는 취업 카페와 관련 오픈채팅방에 가입하고, 채용 플랫폼(잡코리아·링크드인·자소설·코멘토·캐치·사람인·잡플래닛 등)에 모두 가입해 매일 공고를 확인하라고 조언합니다. 학교 취업진로센터의 추천채용과 행사도 틈틈이 확인하세요. 또한 국가 지원 직무 교육을 하나 듣거나 국민취업지원제도를 신청하면 교육·지원금과 함께 같은 처지의 취준생 네트워크를 얻을 수 있다고 합니다.",에브리타임 취업·진로 게시판 크롤링,에브리타임 취업·진로 게시판 게시글(article_id=367364674),"https://everytime.kr/370494/v/367364674 (본문+댓글, 로그인 필요)","갓졸업 취준생을 위한 팁 글(채용 플랫폼, 국비교육, 국민취업지원제도, 선배 연락)",2026-10-06,미검토,,상,"에브리타임 학교 커뮤니티 게시글·댓글 기반, 작성자·학교·실명·특정 업체 정보는 일반화하여 제거 | 원글 작성일: 2025-02-03 | 수집일: 2026-10-06",N,"취업 준비를 막 시작했는데 채용 정보는 어디에서 어떤 방법으로 얻어야 하나요?,처음 취준하는데 채용 정보 어디서 모아?,취준 처음인데 채용 공고 어디서 어케 찾음?,취준 시작 채용 정보 수집 방법,저는 이번에 처음 취준을 시작했는데 채용 정보를 어디서 봐야 할지 감이 안 와요,처음 취준할 때 채용 정보 모으는 곳과 방법 좀 알려주세요,채용 정보 어디서,처음 취업 준비할 때 채용 공고와 채용 정보는 어디서 확인하나요?,처음 취준하는데 채용 정보를 놓칠까 봐 걱정돼요 어디서 확인하면 될까요?",취업 준비를 막 시작했는데 채용 정보는 어디에서 어떤 방법으로 얻어야 하나요?,처음 취준하는데 채용 정보 어디서 모아?,취준 처음인데 채용 공고 어디서 어케 찾음?,취준 시작 채용 정보 수집 방법,저는 이번에 처음 취준을 시작했는데 채용 정보를 어디서 봐야 할지 감이 안 와요,처음 취준할 때 채용 정보 모으는 곳과 방법 좀 알려주세요,채용 정보 어디서,처음 취업 준비할 때 채용 공고와 채용 정보는 어디서 확인하나요?,처음 취준하는데 채용 정보를 놓칠까 봐 걱정돼요 어디서 확인하면 될까요?
499,628,E-C02-004,채용공고·지원전략,공통,중소기업 서류에서 오히려 더 많이 떨어지는데 이유가 뭘까요?,중소기업은 오래 다닐 수 있는 사람을 선호해 오버스펙 지원자를 꺼린다는 의견이 많습니다. 채용 담당자 입장에서 생각해 회사 근처 거주나 장기 근속 의지를 보여주는 것이 도움이 될 수 있다고 합니다. 화려한 성과보다 성실하게 오래 일하겠다는 의지와 직무 적합성을 중심으로 서류를 조정해 보세요.,에브리타임 취업·진로 게시판 크롤링,에브리타임 취업·진로 게시판 게시글(article_id=378912161),"https://everytime.kr/370494/v/378912161 (본문+댓글, 로그인 필요)","중소기업 서류 탈락 고민에 대한 댓글(오버스펙 기피, 근속 의지)",2026-10-06,미검토,,하,"에브리타임 학교 커뮤니티 게시글·댓글 기반, 작성자·학교·실명·특정 업체 정보는 일반화하여 제거 | 원글 작성일: 2025-05-02 | 수집일: 2026-10-06",N,"중소기업 서류 전형에서 오히려 탈락이 더 많은데 원인이 무엇일까요?,중소기업 서류에서 더 많이 떨어지는데 왜 그래?,중소기업 서탈이 오히려 더 많은데 이유가 머임?,중소기업 서류 탈락 이유,저는 대기업보다 중소기업 서류에서 더 많이 떨어지는데 이유가 뭔지 모르겠어요,중소기업 서류에서 자꾸 떨어지는 이유 좀 알려주세요,중소 서류 광탈 이유,중소기업 입사 지원 서류에서 오히려 더 많이 탈락하는 이유가 뭘까요?,중소기업 서류에서 더 많이 떨어지는데 제가 뭔가 잘못하고 있는 걸까요?",중소기업 서류 전형에서 오히려 탈락이 더 많은데 원인이 무엇일까요?,중소기업 서류에서 더 많이 떨어지는데 왜 그래?,중소기업 서탈이 오히려 더 많은데 이유가 머임?,중소기업 서류 탈락 이유,저는 대기업보다 중소기업 서류에서 더 많이 떨어지는데 이유가 뭔지 모르겠어요,중소기업 서류에서 자꾸 떨어지는 이유 좀 알려주세요,중소 서류 광탈 이유,중소기업 입사 지원 서류에서 오히려 더 많이 탈락하는 이유가 뭘까요?,중소기업 서류에서 더 많이 떨어지는데 제가 뭔가 잘못하고 있는 걸까요?
500,629,E-C02-005,채용공고·지원전략,연구·엔지니어링·제조기술,공백기가 길고 스펙도 없는데 취업할 수 있을까요?,"3점대 학점으로 졸업 후 2년 가까이 공백기를 보낸 공대생이 반도체 장비사에 합격한 후기가 있습니다. 처음 1년은 방향 없이 서류를 난사해 대부분 탈락했지만, 관심 분야(장비사)를 정하고 학점 상승, 아르바이트 경험, 어학 성적을 엮어 자소서 방향을 잡자 서류 합격률이 10% 안팎까지 올랐다고 합니다. 직무 경험이 없으면 학교 실험·프로젝트를 활용해 적었다고 합니다.",에브리타임 취업·진로 게시판 크롤링,에브리타임 취업·진로 게시판 게시글(article_id=395759827),"https://everytime.kr/370494/v/395759827 (본문+댓글, 로그인 필요)",무스펙·공백기 2년 후 반도체 장비사 합격 후기와 답글,2026-10-06,미검토,,상,"에브리타임 학교 커뮤니티 게시글·댓글 기반, 작성자·학교·실명·특정 업체 정보는 일반화하여 제거 | 원글 작성일: 2025-12-10 | 수집일: 2026-10-06",N,"공백 기간이 길고 스펙도 부족한데 취업이 가능할까요?,공백기 길고 스펙도 없는데 취업할 수 있을까?,공백기 길고 노스펙인데 취업 가능함?,긴 공백기 스펙 없음 취업 가능성,저는 졸업 후 공백기가 꽤 길고 스펙도 없는데 지금이라도 취업할 수 있을까요?,공백기 길고 스펙 없는 사람이 취업하는 방법 좀 알려주세요,공백기 노스펙 취업,공백기가 길고 스펙도 없는데 신입 취업 준비를 지금 시작해도 될까요?,공백기가 길고 스펙이 없어서 취업에 불리할까 봐 걱정돼요",공백 기간이 길고 스펙도 부족한데 취업이 가능할까요?,공백기 길고 스펙도 없는데 취업할 수 있을까?,공백기 길고 노스펙인데 취업 가능함?,긴 공백기 스펙 없음 취업 가능성,저는 졸업 후 공백기가 꽤 길고 스펙도 없는데 지금이라도 취업할 수 있을까요?,공백기 길고 스펙 없는 사람이 취업하는 방법 좀 알려주세요,공백기 노스펙 취업,공백기가 길고 스펙도 없는데 신입 취업 준비를 지금 시작해도 될까요?,공백기가 길고 스펙이 없어서 취업에 불리할까 봐 걱정돼요
501,630,E-C02-006,채용공고·지원전략,경영·사무·인사,자소설닷컴·링커리어 말고 채용 공고를 찾을 수 있는 곳이 있나요?,"비상경 문과생 후기에서는 대형 채용 플랫폼에 올라오지 않는 공고를 보기 위해 인턴 위주 공고 사이트, 담당자가 직접 정리해 올리는 공고 모음 사이트, 대기업·외국계 채용정보 오픈채팅방, IT·스타트업 위주 신생 플랫폼을 함께 활용했다고 합니다. 회사 후기는 잡플래닛 등으로 확인한 뒤 지원하고, 인턴부터 시작해 인턴을 하면서 정규직으로 옮기는 전략을 추천합니다. 떨어지더라도 계속 지원해 면접 경험을 쌓으며 자신의 수준을 파악하세요.",에브리타임 취업·진로 게시판 크롤링,에브리타임 취업·진로 게시판 게시글(article_id=396840095),"https://everytime.kr/370494/v/396840095 (본문+댓글, 로그인 필요)","비상경 문과생의 취준 후기(공고 플랫폼 추천, 인턴 후 정규직 환승 전략)",2026-10-06,미검토,,중,"에브리타임 학교 커뮤니티 게시글·댓글 기반, 작성자·학교·실명·특정 업체 정보는 일반화하여 제거 | 원글 작성일: 2025-12-24 | 수집일: 2026-10-06",N,"자소설닷컴과 링커리어 외에 채용 공고를 볼 수 있는 사이트가 있을까요?,자소설닷컴이랑 링커리어 말고 공고 볼 데 있어?,자소설이랑 링커리어 말고 공고 사이트 머 있음?,자소설닷컴 링커리어 외 채용 공고 사이트,저는 자소설닷컴과 링커리어로만 공고를 보는데 다른 데서도 찾아볼 수 있을까요?,자소설닷컴 링커리어 말고 채용 공고 찾는 곳 좀 알려주세요,자소설 링커리어 말고 공고,자소설닷컴과 링커리어 외에 신입 채용 공고를 확인할 수 있는 곳이 있나요?,자소설닷컴과 링커리어만 보면 놓치는 채용 공고가 있을까요?",자소설닷컴과 링커리어 외에 채용 공고를 볼 수 있는 사이트가 있을까요?,자소설닷컴이랑 링커리어 말고 공고 볼 데 있어?,자소설이랑 링커리어 말고 공고 사이트 머 있음?,자소설닷컴 링커리어 외 채용 공고 사이트,저는 자소설닷컴과 링커리어로만 공고를 보는데 다른 데서도 찾아볼 수 있을까요?,자소설닷컴 링커리어 말고 채용 공고 찾는 곳 좀 알려주세요,자소설 링커리어 말고 공고,자소설닷컴과 링커리어 외에 신입 채용 공고를 확인할 수 있는 곳이 있나요?,자소설닷컴과 링커리어만 보면 놓치는 채용 공고가 있을까요?
502,631,E-C02-007,채용공고·지원전략,연구·엔지니어링·제조기술,"공대 학점 3점 중후반, 인턴·수상 경력 없이 대기업을 포기해야 하나요?","비슷한 스펙으로 지방 중견기업 기술영업 직무에 합격한 사례가 있으며, 관련 교육·실습·프로젝트가 있다면 대기업도 지원해 볼 만하다는 의견이 있습니다. 대기업만 고집하기보다 기술영업처럼 경쟁이 덜한 직무와 중견기업까지 폭넓게 지원하세요.",에브리타임 취업·진로 게시판 크롤링,에브리타임 취업·진로 게시판 게시글(article_id=402137711),"https://everytime.kr/370494/v/402137711 (본문+댓글, 로그인 필요)",공대 3점대 중후반 무인턴 스펙 고민 글의 댓글,2026-10-06,미검토,,중,"에브리타임 학교 커뮤니티 게시글·댓글 기반, 작성자·학교·실명·특정 업체 정보는 일반화하여 제거 | 원글 작성일: 2026-02-27 | 수집일: 2026-10-06",N,"공대생이고 학점은 3점 중후반에 인턴이나 수상 경력이 없는데 대기업은 단념해야 할까요?,공대 학점 3점 중후반에 인턴도 수상도 없는데 대기업 포기해야 돼?,공대 학점 3 중후반 인턴 수상 없음 대기업 포기각?,공대 학점 3점 중후반 인턴 수상 없음 대기업 지원,저는 공대생이고 학점이 3점 중후반인데 인턴과 수상 경력이 없어서 대기업을 포기해야 할지 고민이에요,공대 학점 3점 중후반에 인턴 수상 경력 없을 때 대기업 지원 방향 알려주세요,공대 3점 중후반 대기업,공대 학점 3점 중후반에 인턴 수상 경력이 없으면 대기업 서류 전형은 포기해야 하나요?,공대 학점 3점 중후반에 인턴 수상 경력도 없는데 대기업 지원해도 괜찮을까요?",공대생이고 학점은 3점 중후반에 인턴이나 수상 경력이 없는데 대기업은 단념해야 할까요?,공대 학점 3점 중후반에 인턴도 수상도 없는데 대기업 포기해야 돼?,공대 학점 3 중후반 인턴 수상 없음 대기업 포기각?,공대 학점 3점 중후반 인턴 수상 없음 대기업 지원,저는 공대생이고 학점이 3점 중후반인데 인턴과 수상 경력이 없어서 대기업을 포기해야 할지 고민이에요,공대 학점 3점 중후반에 인턴 수상 경력 없을 때 대기업 지원 방향 알려주세요,공대 3점 중후반 대기업,공대 학점 3점 중후반에 인턴 수상 경력이 없으면 대기업 서류 전형은 포기해야 하나요?,공대 학점 3점 중후반에 인턴 수상 경력도 없는데 대기업 지원해도 괜찮을까요?
503,632,E-C02-008,채용공고·지원전략,연구·엔지니어링·제조기술,반도체 공정기술·CS 직무를 희망하는데 서류에서 계속 떨어집니다. 어떻게 해야 하나요?,"경험이 적으면 자소서 작성 단계에서 위축되기 쉬우니, 실습에서 다룬 장비 내용 등 가진 경험을 직무에 맞게 구체적으로 풀어 쓰라는 조언이 있습니다. 반도체 대기업만 보지 말고 소재·부품·장비(소부장) 분야 중소·중견기업까지 시야를 넓히는 것도 권장됩니다. CS 직무라면 아르바이트에서의 고객 대응 경험도 연결 소재가 될 수 있습니다.",에브리타임 취업·진로 게시판 크롤링,에브리타임 취업·진로 게시판 게시글(article_id=402208536),"https://everytime.kr/370494/v/402208536 (본문+댓글, 로그인 필요)",반도체 공정·CS 희망자의 서류 탈락 고민 글과 답글,2026-10-06,미검토,,중,"에브리타임 학교 커뮤니티 게시글·댓글 기반, 작성자·학교·실명·특정 업체 정보는 일반화하여 제거 | 원글 작성일: 2026-02-28 | 수집일: 2026-10-06",N,"반도체 공정기술이나 CS 직무를 원하는데 서류에서 자꾸 탈락합니다 어떻게 하면 될까요?,반도체 공정기술이랑 CS 직무 원하는데 서류에서 계속 떨어져 어떻게 해?,반도체 공정기술 CS 직무 서탈만 계속하는데 어케 해야 함?,반도체 공정기술 CS 직무 서류 탈락 대처,저는 반도체 공정기술과 CS 직무를 준비 중인데 서류에서 번번이 떨어져서 막막해요,반도체 공정기술 CS 직무 서류 계속 떨어질 때 해결 방법 좀 알려주세요,공정기술 CS 서류 탈락,반도체 공정기술 CS 직무 입사 지원 서류에서 계속 떨어지면 무엇을 바꿔야 하나요?,반도체 공정기술 CS 직무 서류에서 계속 떨어지는데 이대로 계속 지원해도 될까요?",반도체 공정기술이나 CS 직무를 원하는데 서류에서 자꾸 탈락합니다 어떻게 하면 될까요?,반도체 공정기술이랑 CS 직무 원하는데 서류에서 계속 떨어져 어떻게 해?,반도체 공정기술 CS 직무 서탈만 계속하는데 어케 해야 함?,반도체 공정기술 CS 직무 서류 탈락 대처,저는 반도체 공정기술과 CS 직무를 준비 중인데 서류에서 번번이 떨어져서 막막해요,반도체 공정기술 CS 직무 서류 계속 떨어질 때 해결 방법 좀 알려주세요,공정기술 CS 서류 탈락,반도체 공정기술 CS 직무 입사 지원 서류에서 계속 떨어지면 무엇을 바꿔야 하나요?,반도체 공정기술 CS 직무 서류에서 계속 떨어지는데 이대로 계속 지원해도 될까요?
504,633,E-C02-009,채용공고·지원전략,연구·엔지니어링·제조기술,기계과 학점이 낮은데(전공 2점대) 반도체 장비사에 갈 수 있을까요?,"최근 반도체 장비사도 지원자가 몰려 스펙이 상향 평준화되었다는 의견이 많습니다. 어학이 뛰어나지 않다면 대형 외국계 장비사는 어렵고, 국내 중소 장비사나 반도체 외 다른 산업을 중심으로 지원하라는 조언이 있습니다.",에브리타임 취업·진로 게시판 크롤링,에브리타임 취업·진로 게시판 게시글(article_id=403722166),"https://everytime.kr/370494/v/403722166 (본문+댓글, 로그인 필요)",기계과 저학점 장비사 지원 고민 글의 댓글,2026-10-06,미검토,,중,"에브리타임 학교 커뮤니티 게시글·댓글 기반, 작성자·학교·실명·특정 업체 정보는 일반화하여 제거 | 원글 작성일: 2026-03-07 | 수집일: 2026-10-06",N,"기계공학과 학점이 낮은 편인데 전공 2점대로 반도체 장비사에 입사할 수 있을까요?,기계과 전공 학점 2점대인데 반도체 장비사 갈 수 있어?,기계과 전공 2점대 반도체 장비사 가능함?,기계과 전공 학점 2점대 반도체 장비사 취업,저는 기계과인데 전공 학점이 2점대라서 반도체 장비사에 갈 수 있을지 궁금해요,기계과 전공 학점 2점대로 반도체 장비사 가는 방법 좀 알려주세요,기계과 2점대 장비사,기계과 전공 학점 2점대로 반도체 장비사 신입 채용에 지원할 수 있을까요?,기계과 전공 학점이 2점대면 반도체 장비사 지원할 때 불리할까요?",기계공학과 학점이 낮은 편인데 전공 2점대로 반도체 장비사에 입사할 수 있을까요?,기계과 전공 학점 2점대인데 반도체 장비사 갈 수 있어?,기계과 전공 2점대 반도체 장비사 가능함?,기계과 전공 학점 2점대 반도체 장비사 취업,저는 기계과인데 전공 학점이 2점대라서 반도체 장비사에 갈 수 있을지 궁금해요,기계과 전공 학점 2점대로 반도체 장비사 가는 방법 좀 알려주세요,기계과 2점대 장비사,기계과 전공 학점 2점대로 반도체 장비사 신입 채용에 지원할 수 있을까요?,기계과 전공 학점이 2점대면 반도체 장비사 지원할 때 불리할까요?
505,634,E-C02-010,채용공고·지원전략,연구·엔지니어링·제조기술,반도체 대기업 인턴에 지원할 때 경쟁률을 고려해 직무를 바꿔 지원해도 될까요?,"대학원 진학이나 학부연구생 경험이 없다면 설계보다 공정기술 쪽으로 스펙을 쌓아 가는 것이 현실적이라는 의견이 있습니다. 또 인턴과 공채에서 지원 직무가 달라지면 면접관이 단순히 경쟁률을 보고 낮춘 것으로 볼 수 있으니, 인턴부터 공채까지 일관된 직무로 지원하는 것이 좋다는 조언이 있습니다.",에브리타임 취업·진로 게시판 크롤링,에브리타임 취업·진로 게시판 게시글(article_id=404399201),"https://everytime.kr/370494/v/404399201 (본문+댓글, 로그인 필요)",반도체 대기업 인턴 직무 선택 고민 글의 댓글,2026-10-06,미검토,,중,"에브리타임 학교 커뮤니티 게시글·댓글 기반, 작성자·학교·실명·특정 업체 정보는 일반화하여 제거 | 원글 작성일: 2026-03-12 | 수집일: 2026-10-06",N,"반도체 대기업 인턴 지원 시 경쟁률을 감안해 지원 직무를 변경해도 될까요?,반도체 대기업 인턴 지원할 때 경쟁률 보고 직무 바꿔도 돼?,반도체 대기업 인턴 경쟁률 낮은 직무로 바꿔서 넣어도 됨?,반도체 대기업 인턴 경쟁률 직무 변경 지원,저는 반도체 대기업 인턴을 준비 중인데 경쟁률이 낮은 직무로 바꿔 지원할지 고민이에요,반도체 대기업 인턴 지원 시 경쟁률 고려해서 직무 바꾸는 것에 대해 알려주세요,반도체 인턴 직무 변경,반도체 대기업 인턴 입사 지원 때 경쟁률 때문에 지원 직무를 바꾸면 공채에 영향이 있나요?,반도체 대기업 인턴에 경쟁률 보고 직무를 바꿔 지원하면 나중에 불리할까요?",반도체 대기업 인턴 지원 시 경쟁률을 감안해 지원 직무를 변경해도 될까요?,반도체 대기업 인턴 지원할 때 경쟁률 보고 직무 바꿔도 돼?,반도체 대기업 인턴 경쟁률 낮은 직무로 바꿔서 넣어도 됨?,반도체 대기업 인턴 경쟁률 직무 변경 지원,저는 반도체 대기업 인턴을 준비 중인데 경쟁률이 낮은 직무로 바꿔 지원할지 고민이에요,반도체 대기업 인턴 지원 시 경쟁률 고려해서 직무 바꾸는 것에 대해 알려주세요,반도체 인턴 직무 변경,반도체 대기업 인턴 입사 지원 때 경쟁률 때문에 지원 직무를 바꾸면 공채에 영향이 있나요?,반도체 대기업 인턴에 경쟁률 보고 직무를 바꿔 지원하면 나중에 불리할까요?
506,635,E-C02-011,채용공고·지원전략,IT·개발·데이터,정부 일경험 프로그램을 IT 직무로 해보는 것이 도움이 되나요?,"경험자들은 아무것도 하지 않는 것보다 훨씬 낫다며 강하게 추천합니다. 급여를 받으면서 생활 습관과 사회생활을 익힐 수 있고, 하루 5시간 안팎이라 자소서 작성과 면접 일정 병행이 쉬우며 면접 참석도 출석으로 인정되는 경우가 있다고 합니다. 열심히 하면 포트폴리오 소재를 만들 수 있고 멘토링을 제공하는 경우도 있습니다.",에브리타임 취업·진로 게시판 크롤링,에브리타임 취업·진로 게시판 게시글(article_id=406972465),"https://everytime.kr/370494/v/406972465 (본문+댓글, 로그인 필요)",IT 직무 일경험 후기 질문의 댓글 종합,2026-10-06,미검토,,중,"에브리타임 학교 커뮤니티 게시글·댓글 기반, 작성자·학교·실명·특정 업체 정보는 일반화하여 제거 | 원글 작성일: 2026-04-10 | 수집일: 2026-10-06",N,"정부 일경험 사업을 IT 직무로 참여하면 취업에 보탬이 될까요?,정부 일경험 프로그램 IT 직무로 해 보는 거 도움 돼?,정부 일경험 IT 직무로 하면 취준에 도움 됨?,정부 일경험 프로그램 IT 직무 도움,저는 IT 직무 취준생인데 정부 일경험 프로그램에 참여할지 고민 중이에요 도움이 될까요?,정부 일경험 프로그램 IT 직무 참여 장단점 좀 알려주세요,일경험 IT 직무,정부 일경험 프로그램으로 IT 직무 실무 경험을 쌓는 게 취업에 도움이 되나요?,정부 일경험 프로그램을 IT 직무로 하면 시간 낭비일까요?",정부 일경험 사업을 IT 직무로 참여하면 취업에 보탬이 될까요?,정부 일경험 프로그램 IT 직무로 해 보는 거 도움 돼?,정부 일경험 IT 직무로 하면 취준에 도움 됨?,정부 일경험 프로그램 IT 직무 도움,저는 IT 직무 취준생인데 정부 일경험 프로그램에 참여할지 고민 중이에요 도움이 될까요?,정부 일경험 프로그램 IT 직무 참여 장단점 좀 알려주세요,일경험 IT 직무,정부 일경험 프로그램으로 IT 직무 실무 경험을 쌓는 게 취업에 도움이 되나요?,정부 일경험 프로그램을 IT 직무로 하면 시간 낭비일까요?
507,636,E-C02-012,채용공고·지원전략,공통,휴학 중인데 입사 서류로 졸업(학위)증명서를 내라고 하면 어떻게 하나요?,졸업·졸업예정 대상자가 아니어서 발급이 불가능하다면 회사에 직접 문의하는 것이 가장 확실합니다. 실제로 휴학 중 인턴에 합격한 지원자는 회사에 문의한 결과 수료(재적) 증명서로 대체할 수 있었다고 합니다. 졸업예정자에게 졸업예정증명서를 요구하는 경우에는 재학증명서로 대체되지 않을 수 있으니 학과 사무실에 발급 가능 시점을 확인하세요.,에브리타임 취업·진로 게시판 크롤링,에브리타임 취업·진로 게시판 게시글(article_id=407506758),"https://everytime.kr/370494/v/407506758 (본문+댓글, 로그인 필요)","졸업증명서 제출 관련 질문 2건의 답글(회사 문의, 수료증명서 대체)",2026-10-06,미검토,,중,"에브리타임 학교 커뮤니티 게시글·댓글 기반, 작성자·학교·실명·특정 업체 정보는 일반화하여 제거 | 원글 작성일: 2026-04-16 | 수집일: 2026-10-06",N,"휴학 상태인데 회사에서 졸업증명서나 학위증명서를 제출하라고 하면 어떻게 해야 하나요?,휴학 중인데 입사 서류로 졸업증명서 내라고 하면 어떻게 해?,휴학 중인데 최합 후 졸업증명서 제출하라는데 어케 함?,휴학 중 졸업증명서 제출 요구 대처,저는 지금 휴학 중인데 합격한 회사에서 졸업증명서를 내라고 해서 난감해요,휴학 중일 때 졸업 학위증명서 제출을 요구받으면 어떻게 하는지 알려주세요,휴학생 졸업증명서 제출,휴학 중에 입사 서류 제출 단계에서 졸업 학위증명서를 요구하면 어떻게 대응하나요?,휴학 중이라 졸업증명서를 못 내면 합격이 취소될까요?",휴학 상태인데 회사에서 졸업증명서나 학위증명서를 제출하라고 하면 어떻게 해야 하나요?,휴학 중인데 입사 서류로 졸업증명서 내라고 하면 어떻게 해?,휴학 중인데 최합 후 졸업증명서 제출하라는데 어케 함?,휴학 중 졸업증명서 제출 요구 대처,저는 지금 휴학 중인데 합격한 회사에서 졸업증명서를 내라고 해서 난감해요,휴학 중일 때 졸업 학위증명서 제출을 요구받으면 어떻게 하는지 알려주세요,휴학생 졸업증명서 제출,휴학 중에 입사 서류 제출 단계에서 졸업 학위증명서를 요구하면 어떻게 대응하나요?,휴학 중이라 졸업증명서를 못 내면 합격이 취소될까요?
508,637,E-C02-013,채용공고·지원전략,연구·엔지니어링·제조기술,채용 공고의 직무별 모집 인원이 0명으로 표시되면 안 뽑는다는 뜻인가요?,"해당 기업 재직자에 따르면 직무별 채용 인원은 해마다 변동이 크고, 공고에 0명으로 표기되어 있으면 일단 그렇게 보는 것이 맞다고 합니다. 다만 실제로는 더 뽑기도 덜 뽑기도 하므로 지원 결과를 기다리면서 다른 공고도 함께 준비하세요.",에브리타임 취업·진로 게시판 크롤링,에브리타임 취업·진로 게시판 게시글(article_id=412484048),"https://everytime.kr/370494/v/412484048 (본문+댓글, 로그인 필요)",반도체 장비사 인턴십 인원 표기 질문에 대한 재직자 답글,2026-10-06,미검토,,하,"에브리타임 학교 커뮤니티 게시글·댓글 기반, 작성자·학교·실명·특정 업체 정보는 일반화하여 제거 | 원글 작성일: 2026-06-14 | 수집일: 2026-10-06",N,"채용 공고에서 직무별 채용 인원이 0명이라고 되어 있으면 선발하지 않는다는 의미인가요?,채용 공고에 직무별 모집 인원 0명이면 안 뽑는 거야?,공고에 직무 모집 인원 0명이면 안 뽑는다는 거임?,채용 공고 직무별 모집 인원 0명 의미,저는 지원하려는 직무가 채용 공고에 모집 인원 0명으로 나와 있는데 안 뽑는 건지 궁금해요,채용 공고 직무별 모집 인원 0명 표시가 무슨 뜻인지 알려주세요,모집 인원 0명 직무,채용 공고에 직무별 채용 인원이 0명으로 적혀 있으면 그 직무는 신입을 안 뽑나요?,채용 공고에 모집 인원이 0명인 직무에 지원해도 괜찮을까요?",채용 공고에서 직무별 채용 인원이 0명이라고 되어 있으면 선발하지 않는다는 의미인가요?,채용 공고에 직무별 모집 인원 0명이면 안 뽑는 거야?,공고에 직무 모집 인원 0명이면 안 뽑는다는 거임?,채용 공고 직무별 모집 인원 0명 의미,저는 지원하려는 직무가 채용 공고에 모집 인원 0명으로 나와 있는데 안 뽑는 건지 궁금해요,채용 공고 직무별 모집 인원 0명 표시가 무슨 뜻인지 알려주세요,모집 인원 0명 직무,채용 공고에 직무별 채용 인원이 0명으로 적혀 있으면 그 직무는 신입을 안 뽑나요?,채용 공고에 모집 인원이 0명인 직무에 지원해도 괜찮을까요?
509,638,E-C02-014,채용공고·지원전략,IT·개발·데이터,공기업 전산직을 준비하는데 금융권 체험형 인턴이 도움이 될까요?,"금융권 인턴을 거쳐 공기업 전산직에 입사한 현직자는 체험형 인턴이 정량적으로는 의미가 거의 없지만 면접에서 말할 거리가 생긴다고 말합니다. 또 공기업 면접에서는 기술을 깊게 묻지 않으며, 졸업 후 1년 정도 정량 스펙을 더 쌓아도 괜찮다고 조언합니다. 전공 지식이 부족하다면 면접 기출 질문을 집중적으로 준비하세요.",에브리타임 취업·진로 게시판 크롤링,에브리타임 취업·진로 게시판 게시글(article_id=412836578),"https://everytime.kr/370494/v/412836578 (본문+댓글, 로그인 필요)","공기업 전산직 현직자의 답글(인턴 의미, 면접 난이도)",2026-10-06,미검토,,상,"에브리타임 학교 커뮤니티 게시글·댓글 기반, 작성자·학교·실명·특정 업체 정보는 일반화하여 제거 | 원글 작성일: 2026-06-18 | 수집일: 2026-10-06",N,"공기업 전산직을 목표로 하는데 금융권 체험형 인턴을 하면 보탬이 될까요?,공기업 전산직 준비 중인데 금융권 체험형 인턴 하면 도움 돼?,공기업 전산직 취준 중인데 금융권 체험형 인턴 의미 있음?,공기업 전산직 금융권 체험형 인턴 도움,저는 공기업 전산직을 준비하고 있는데 금융권 체험형 인턴을 해야 할지 고민이에요,공기업 전산직 준비할 때 금융권 체험형 인턴이 도움 되는지 알려주세요,전산직 체험형 인턴,공기업 전산직 채용 준비에 금융권 체험형 인턴 경험이 도움이 되나요?,공기업 전산직 준비 중에 금융권 체험형 인턴을 하면 시간 낭비일까요?",공기업 전산직을 목표로 하는데 금융권 체험형 인턴을 하면 보탬이 될까요?,공기업 전산직 준비 중인데 금융권 체험형 인턴 하면 도움 돼?,공기업 전산직 취준 중인데 금융권 체험형 인턴 의미 있음?,공기업 전산직 금융권 체험형 인턴 도움,저는 공기업 전산직을 준비하고 있는데 금융권 체험형 인턴을 해야 할지 고민이에요,공기업 전산직 준비할 때 금융권 체험형 인턴이 도움 되는지 알려주세요,전산직 체험형 인턴,공기업 전산직 채용 준비에 금융권 체험형 인턴 경험이 도움이 되나요?,공기업 전산직 준비 중에 금융권 체험형 인턴을 하면 시간 낭비일까요?
510,639,E-C02-015,채용공고·지원전략,경영·사무·인사,공기업 사무직은 지원하는 기관을 다 깊이 조사해야 하나요?,"공기업은 서류(자격증·어학과 무난한 자소서), NCS, 비교적 간단한 전공·인성 면접으로 진행되는 경우가 대부분이라 사기업처럼 회사를 깊게 파고들 필요는 크지 않다는 의견이 있습니다. 가고 싶은 기관 몇 곳을 추려 집중 준비하고, 금융공기업처럼 필기 유형이 비슷한 기관들을 묶어 함께 준비하는 방식이 일반적입니다. 기관별 조사는 필기 합격 후 면접 전에 보강하세요.",에브리타임 취업·진로 게시판 크롤링,에브리타임 취업·진로 게시판 게시글(article_id=413370643),"https://everytime.kr/370494/v/413370643 (본문+댓글, 로그인 필요)",공기업 사무직 기관 조사 범위 질문의 댓글,2026-10-06,미검토,,중,"에브리타임 학교 커뮤니티 게시글·댓글 기반, 작성자·학교·실명·특정 업체 정보는 일반화하여 제거 | 원글 작성일: 2026-06-25 | 수집일: 2026-10-06",N,"공기업 사무직은 지원하는 기관마다 모두 꼼꼼히 조사해야 하나요?,공기업 사무직은 지원하는 기관 다 깊게 조사해야 돼?,공기업 사무직 지원 기관마다 기업분석 깊게 해야 함?,공기업 사무직 지원 기관 조사 범위,저는 공기업 사무직을 준비하는데 지원하는 기관이 많아서 전부 깊이 조사해야 할지 고민이에요,공기업 사무직 지원 기관 조사를 어느 정도 해야 하는지 알려주세요,공기업 사무직 기관 조사,공기업 사무직 입사 지원할 때 기관 분석은 얼마나 깊이 해야 하나요?,공기업 사무직 지원 기관을 깊이 조사하지 않아도 괜찮을까요?",공기업 사무직은 지원하는 기관마다 모두 꼼꼼히 조사해야 하나요?,공기업 사무직은 지원하는 기관 다 깊게 조사해야 돼?,공기업 사무직 지원 기관마다 기업분석 깊게 해야 함?,공기업 사무직 지원 기관 조사 범위,저는 공기업 사무직을 준비하는데 지원하는 기관이 많아서 전부 깊이 조사해야 할지 고민이에요,공기업 사무직 지원 기관 조사를 어느 정도 해야 하는지 알려주세요,공기업 사무직 기관 조사,공기업 사무직 입사 지원할 때 기관 분석은 얼마나 깊이 해야 하나요?,공기업 사무직 지원 기관을 깊이 조사하지 않아도 괜찮을까요?
511,640,E-C02-016,채용공고·지원전략,공통,채용연계형 인턴을 시작했다가 중간에 그만두면 불이익이 있나요?,개인 사정이라고 정중히 말하고 나오면 대부분 이해한다는 의견이 많습니다. 다만 정규직 전환 가능성이 있는 채용연계형 인턴이라면 그만두기 전에 전환 가능성과 대안을 신중히 비교하라는 조언도 있습니다. 업계가 좁다면 인수인계를 성실히 하고 좋은 관계로 마무리하세요.,에브리타임 취업·진로 게시판 크롤링,에브리타임 취업·진로 게시판 게시글(article_id=414134766),"https://everytime.kr/370494/v/414134766 (본문+댓글, 로그인 필요)",채용연계형 인턴 중도 퇴사 고민 글의 댓글,2026-10-06,미검토,,하,"에브리타임 학교 커뮤니티 게시글·댓글 기반, 작성자·학교·실명·특정 업체 정보는 일반화하여 제거 | 원글 작성일: 2026-07-08 | 수집일: 2026-10-06",N,"채용연계형 인턴을 하다가 도중에 그만두면 불이익을 받을까요?,채용연계형 인턴 하다가 중간에 그만두면 불이익 있어?,채용연계형 인턴 중도 퇴사하면 불이익 있음?,채용연계형 인턴 중도 포기 불이익,저는 채용연계형 인턴을 시작했는데 중간에 그만두고 싶어서 불이익이 있을지 궁금해요,채용연계형 인턴을 중간에 그만둘 때 주의할 점 좀 알려주세요,연계형 인턴 중도 포기,채용연계형 인턴을 정규직 전환 전에 그만두면 불이익이 있나요?,채용연계형 인턴을 중간에 그만둬도 괜찮을까요?",채용연계형 인턴을 하다가 도중에 그만두면 불이익을 받을까요?,채용연계형 인턴 하다가 중간에 그만두면 불이익 있어?,채용연계형 인턴 중도 퇴사하면 불이익 있음?,채용연계형 인턴 중도 포기 불이익,저는 채용연계형 인턴을 시작했는데 중간에 그만두고 싶어서 불이익이 있을지 궁금해요,채용연계형 인턴을 중간에 그만둘 때 주의할 점 좀 알려주세요,연계형 인턴 중도 포기,채용연계형 인턴을 정규직 전환 전에 그만두면 불이익이 있나요?,채용연계형 인턴을 중간에 그만둬도 괜찮을까요?
512,641,E-C02-017,채용공고·지원전략,연구·엔지니어링·제조기술,병사 시절 징계 이력이 방산업체 신원조회에서 불이익이 될까요?,영창이나 군사재판에 따른 전과가 아닌 일반 징계는 전역 시 기록이 말소되는 것으로 알려져 있어 걱정할 필요가 크지 않다는 의견이 많습니다. 실제로 전역 전날 기록이 말소된 것을 확인했다는 경험담도 있습니다. 전역 시 병적 기록의 징계 말소 여부를 직접 확인하세요.,에브리타임 취업·진로 게시판 크롤링,에브리타임 취업·진로 게시판 게시글(article_id=415170751),"https://everytime.kr/370494/v/415170751 (본문+댓글, 로그인 필요)",방산업체 지원 시 군 징계 기록 영향 질문의 댓글,2026-10-06,미검토,,하,"에브리타임 학교 커뮤니티 게시글·댓글 기반, 작성자·학교·실명·특정 업체 정보는 일반화하여 제거 | 원글 작성일: 2026-08-02 | 수집일: 2026-10-06",N,"군 복무 중 병사로 받은 징계 기록이 방산업체 신원조회에서 문제가 될까요?,병사 때 징계 받은 거 방산업체 신원조회에서 불이익 돼?,군대 병사 때 징계 이력 방산 신원조회에서 걸림?,병사 징계 이력 방산업체 신원조회,저는 병사 시절에 징계를 받은 적이 있는데 방산업체 신원조회에서 문제가 될지 궁금해요,병사 시절 징계 이력이 방산업체 신원조회에 영향 있는지 알려주세요,병사 징계 방산 신원조회,방산업체 입사 신원조회에서 병사 시절 징계 기록도 확인하나요?,병사 시절 징계 이력 때문에 방산업체 신원조회에서 떨어질까 봐 걱정돼요",군 복무 중 병사로 받은 징계 기록이 방산업체 신원조회에서 문제가 될까요?,병사 때 징계 받은 거 방산업체 신원조회에서 불이익 돼?,군대 병사 때 징계 이력 방산 신원조회에서 걸림?,병사 징계 이력 방산업체 신원조회,저는 병사 시절에 징계를 받은 적이 있는데 방산업체 신원조회에서 문제가 될지 궁금해요,병사 시절 징계 이력이 방산업체 신원조회에 영향 있는지 알려주세요,병사 징계 방산 신원조회,방산업체 입사 신원조회에서 병사 시절 징계 기록도 확인하나요?,병사 시절 징계 이력 때문에 방산업체 신원조회에서 떨어질까 봐 걱정돼요
513,642,E-C02-018,채용공고·지원전략,경영·사무·인사,학점·어학만 있는 경영학과 졸업 예정자는 무엇부터 해야 하나요?,"영어 점수가 높으면 지원 가능한 회사 폭이 생각보다 넓어진다는 의견이 있어 강점을 살릴 수 있는 외국계·해외 관련 직무부터 살펴보라는 조언이 있습니다. 비슷한 스펙에 인턴 두 번과 대외활동을 더해 중견기업에 취업한 사례도 있으니, 남은 기간에 인턴이나 직무 관련 경험 하나를 추가하세요.",에브리타임 취업·진로 게시판 크롤링,에브리타임 취업·진로 게시판 게시글(article_id=415543943),"https://everytime.kr/370494/v/415543943 (본문+댓글, 로그인 필요)",경영 4학년 스펙 질문의 댓글,2026-10-06,미검토,,중,"에브리타임 학교 커뮤니티 게시글·댓글 기반, 작성자·학교·실명·특정 업체 정보는 일반화하여 제거 | 원글 작성일: 2026-08-08 | 수집일: 2026-10-06",N,"학점과 어학 점수만 갖춘 경영학과 졸업 예정자는 어떤 것부터 준비해야 할까요?,학점이랑 어학만 있는 경영학과 졸업 예정자인데 뭐부터 해야 돼?,경영학과 졸예인데 학점 어학 말고 스펙 없음 머부터 해야 함?,경영학과 졸업 예정 학점 어학만 준비,저는 경영학과 졸업 예정자인데 학점과 어학 말고는 아무것도 없어서 뭐부터 해야 할지 모르겠어요,학점 어학만 있는 경영학과 졸업 예정자가 먼저 할 일 좀 알려주세요,경영학과 학점 어학만,학점과 어학만 있는 경영학과 졸업 예정자는 취업 준비를 무엇부터 시작해야 하나요?,경영학과 졸업 예정인데 학점과 어학만 있어도 괜찮을까요?",학점과 어학 점수만 갖춘 경영학과 졸업 예정자는 어떤 것부터 준비해야 할까요?,학점이랑 어학만 있는 경영학과 졸업 예정자인데 뭐부터 해야 돼?,경영학과 졸예인데 학점 어학 말고 스펙 없음 머부터 해야 함?,경영학과 졸업 예정 학점 어학만 준비,저는 경영학과 졸업 예정자인데 학점과 어학 말고는 아무것도 없어서 뭐부터 해야 할지 모르겠어요,학점 어학만 있는 경영학과 졸업 예정자가 먼저 할 일 좀 알려주세요,경영학과 학점 어학만,학점과 어학만 있는 경영학과 졸업 예정자는 취업 준비를 무엇부터 시작해야 하나요?,경영학과 졸업 예정인데 학점과 어학만 있어도 괜찮을까요?
514,643,E-C02-019,채용공고·지원전략,연구·엔지니어링·제조기술,지원자 스펙이 낮은 편인 회사에서 면접 연락이 왔는데 가야 할까요?,"일단 면접에 붙고 나서 고민해도 늦지 않고, 면접 경험을 쌓는 용도로라도 가 보라는 의견이 많습니다. 구매처럼 실무 경험이 중요한 직무는 먼저 경력을 쌓고 이직을 준비하는 것도 방법입니다. 대기업 공채도 병행하며 결과를 보고 결정하세요.",에브리타임 취업·진로 게시판 크롤링,에브리타임 취업·진로 게시판 게시글(article_id=416274408),"https://everytime.kr/370494/v/416274408 (본문+댓글, 로그인 필요)",중견기업 면접 참석 고민 글의 댓글,2026-10-06,미검토,,하,"에브리타임 학교 커뮤니티 게시글·댓글 기반, 작성자·학교·실명·특정 업체 정보는 일반화하여 제거 | 원글 작성일: 2026-08-20 | 수집일: 2026-10-06",N,"지원자 스펙이 낮은 편인 회사에서 면접 제의가 왔는데 참석해야 할까요?,지원자 스펙 낮은 회사에서 면접 오라는데 가야 돼?,지원자 스펙 낮은 회사 면접 연락 왔는데 가야 함?,지원자 스펙 낮은 회사 면접 참석 여부,저는 지원자 스펙이 낮은 편인 회사에서 면접 연락을 받았는데 가야 할지 고민이에요,지원자 스펙 낮은 회사 면접에 가야 하는지 판단 기준 알려주세요,스펙 낮은 회사 면접,지원자 스펙이 낮은 회사에서 채용 면접 연락이 왔는데 면접 전형에 가야 할까요?,지원자 스펙이 낮은 회사 면접에 가도 괜찮을까요?",지원자 스펙이 낮은 편인 회사에서 면접 제의가 왔는데 참석해야 할까요?,지원자 스펙 낮은 회사에서 면접 오라는데 가야 돼?,지원자 스펙 낮은 회사 면접 연락 왔는데 가야 함?,지원자 스펙 낮은 회사 면접 참석 여부,저는 지원자 스펙이 낮은 편인 회사에서 면접 연락을 받았는데 가야 할지 고민이에요,지원자 스펙 낮은 회사 면접에 가야 하는지 판단 기준 알려주세요,스펙 낮은 회사 면접,지원자 스펙이 낮은 회사에서 채용 면접 연락이 왔는데 면접 전형에 가야 할까요?,지원자 스펙이 낮은 회사 면접에 가도 괜찮을까요?
515,644,E-C02-020,채용공고·지원전략,공통,입사 한 달 만에 다른 회사 면접 연락이 오면 어떻게 대응하나요?,현 회사에 면접 사실을 굳이 알리기보다는 연차 등 개인 일정으로 처리하는 경우가 많다는 의견이 있습니다. 다만 짧은 기간에 이직하면 현 회사에 부담을 줄 수 있으니 이직 결정 시에는 인수인계 등 마무리를 성실히 하세요.,에브리타임 취업·진로 게시판 크롤링,에브리타임 취업·진로 게시판 게시글(article_id=416322640),"https://everytime.kr/370494/v/416322640 (본문+댓글, 로그인 필요)",입사 초기 타사 면접 대응 질문의 댓글,2026-10-06,미검토,,하,"에브리타임 학교 커뮤니티 게시글·댓글 기반, 작성자·학교·실명·특정 업체 정보는 일반화하여 제거 | 원글 작성일: 2026-08-20 | 수집일: 2026-10-06",N,"입사한 지 한 달밖에 안 됐는데 다른 회사에서 면접 연락이 오면 어떻게 해야 하나요?,입사 한 달 됐는데 다른 회사 면접 연락 오면 어떻게 해?,입사 한 달 차인데 타사 면접 연락 옴 어케 대응함?,입사 한 달 다른 회사 면접 연락 대응,저는 입사한 지 한 달 됐는데 예전에 지원한 다른 회사에서 면접 연락이 왔어요 어떻게 해야 할까요?,입사 한 달 만에 다른 회사 면접 연락 왔을 때 대응 방법 알려주세요,입사 한 달 타사 면접,입사 한 달 만에 다른 회사 이직 면접 연락이 오면 지금 회사에는 어떻게 하나요?,입사 한 달 만에 다른 회사 면접을 보러 가도 괜찮을까요?",입사한 지 한 달밖에 안 됐는데 다른 회사에서 면접 연락이 오면 어떻게 해야 하나요?,입사 한 달 됐는데 다른 회사 면접 연락 오면 어떻게 해?,입사 한 달 차인데 타사 면접 연락 옴 어케 대응함?,입사 한 달 다른 회사 면접 연락 대응,저는 입사한 지 한 달 됐는데 예전에 지원한 다른 회사에서 면접 연락이 왔어요 어떻게 해야 할까요?,입사 한 달 만에 다른 회사 면접 연락 왔을 때 대응 방법 알려주세요,입사 한 달 타사 면접,입사 한 달 만에 다른 회사 이직 면접 연락이 오면 지금 회사에는 어떻게 하나요?,입사 한 달 만에 다른 회사 면접을 보러 가도 괜찮을까요?
516,645,E-C02-021,채용공고·지원전략,연구·엔지니어링·제조기술,학부 경험이 반도체뿐인데 방산·자동차 등 다른 산업에도 지원해도 되나요?,"관련 경험이 없어도 일단 다 지원해 보라는 의견이 많습니다. 학사 수준에서는 생각보다 다른 산업에도 잘 붙는다고 하며, 대신 '왜 반도체가 아니라 이 산업인가'에 대한 답과 자소서 내용을 산업에 맞게 조금씩 바꿔 써야 합니다.",에브리타임 취업·진로 게시판 크롤링,에브리타임 취업·진로 게시판 게시글(article_id=417414915),"https://everytime.kr/370494/v/417414915 (본문+댓글, 로그인 필요)",반도체 전공 경험자의 타 산업 지원 질문 댓글,2026-10-06,미검토,,중,"에브리타임 학교 커뮤니티 게시글·댓글 기반, 작성자·학교·실명·특정 업체 정보는 일반화하여 제거 | 원글 작성일: 2026-09-04 | 수집일: 2026-10-06",N,"학부 때 경험이 반도체밖에 없는데 방산이나 자동차 등 타 산업에도 원서를 넣어도 되나요?,학부 경험이 반도체뿐인데 방산이나 자동차 쪽도 지원해도 돼?,학부 경험 반도체밖에 없는데 방산 자동차 다른 산업 지원 가능함?,반도체 경험 방산 자동차 다른 산업 지원,저는 학부 때 반도체 관련 경험만 쌓았는데 방산이나 자동차 산업에도 지원해도 될까요?,학부 경험이 반도체뿐일 때 방산 자동차 등 다른 산업 지원 방법 좀 알려주세요,반도체 경험 방산 자동차,학부 경험이 반도체뿐인데 방산 자동차 등 다른 산업 직무로 입사 지원해도 되나요?,학부 경험이 반도체뿐인데 방산 자동차 산업에 지원하면 불리할까요?",학부 때 경험이 반도체밖에 없는데 방산이나 자동차 등 타 산업에도 원서를 넣어도 되나요?,학부 경험이 반도체뿐인데 방산이나 자동차 쪽도 지원해도 돼?,학부 경험 반도체밖에 없는데 방산 자동차 다른 산업 지원 가능함?,반도체 경험 방산 자동차 다른 산업 지원,저는 학부 때 반도체 관련 경험만 쌓았는데 방산이나 자동차 산업에도 지원해도 될까요?,학부 경험이 반도체뿐일 때 방산 자동차 등 다른 산업 지원 방법 좀 알려주세요,반도체 경험 방산 자동차,학부 경험이 반도체뿐인데 방산 자동차 등 다른 산업 직무로 입사 지원해도 되나요?,학부 경험이 반도체뿐인데 방산 자동차 산업에 지원하면 불리할까요?
517,646,E-C02-022,채용공고·지원전략,IT·개발·데이터,"첫 취준인데 대기업에 상향 지원해야 할까요, 중소·중견만 넣을까요?",첫 취준 때가 공백기가 없어 대기업에 갈 확률이 가장 높은 시기라는 의견이 있습니다. 상향 지원한 곳에 붙은 사례도 있으니 대기업부터 중소기업까지 가리지 말고 폭넓게 지원하라는 조언이 많습니다.,에브리타임 취업·진로 게시판 크롤링,에브리타임 취업·진로 게시판 게시글(article_id=417451140),"https://everytime.kr/370494/v/417451140 (본문+댓글, 로그인 필요)",첫 취준 상향 지원 고민 글의 댓글,2026-10-06,미검토,,중,"에브리타임 학교 커뮤니티 게시글·댓글 기반, 작성자·학교·실명·특정 업체 정보는 일반화하여 제거 | 원글 작성일: 2026-09-04 | 수집일: 2026-10-06",N,"처음 취업 준비하는데 대기업에 상향 지원을 해야 할까요 아니면 중소기업과 중견기업만 지원할까요?,첫 취준인데 대기업 상향 지원해야 돼 아니면 중소 중견만 넣어?,첫 취준인데 대기업 상향으로 넣어 볼까 중소 중견만 쓸까?,첫 취준 대기업 상향 지원 중소 중견,저는 이번이 첫 취준인데 대기업까지 상향 지원할지 중소 중견기업만 넣을지 고민이에요,첫 취준 때 대기업 상향 지원과 중소 중견 지원 중 어떻게 할지 알려주세요,첫 취준 대기업 상향,첫 취준 입사 지원 전략으로 대기업 상향 지원과 중소 중견 지원 중 무엇이 나을까요?,첫 취준인데 대기업에 상향 지원했다가 시간만 날릴까 봐 걱정돼요",처음 취업 준비하는데 대기업에 상향 지원을 해야 할까요 아니면 중소기업과 중견기업만 지원할까요?,첫 취준인데 대기업 상향 지원해야 돼 아니면 중소 중견만 넣어?,첫 취준인데 대기업 상향으로 넣어 볼까 중소 중견만 쓸까?,첫 취준 대기업 상향 지원 중소 중견,저는 이번이 첫 취준인데 대기업까지 상향 지원할지 중소 중견기업만 넣을지 고민이에요,첫 취준 때 대기업 상향 지원과 중소 중견 지원 중 어떻게 할지 알려주세요,첫 취준 대기업 상향,첫 취준 입사 지원 전략으로 대기업 상향 지원과 중소 중견 지원 중 무엇이 나을까요?,첫 취준인데 대기업에 상향 지원했다가 시간만 날릴까 봐 걱정돼요
518,647,E-C02-023,채용공고·지원전략,금융·회계,금융권 인턴은 어떻게 뚫어야 하나요?,"금융권 현직자는 인턴 채용이 공급이 적고 변수가 많아 꼭 필요한 조건을 말하기 어렵다면서, 자소서 양식 준수처럼 가장 기본적인 부분에서 탈락하지 않는 것이 중요하다고 말합니다. 또 인턴은 기간이 정해져 있으므로 자신이 그리는 커리어 로드와 이 인턴에서 무엇을 얻고 싶은지를 자소서에 담으라고 조언합니다. 일단 많이 지원해 보세요.",에브리타임 취업·진로 게시판 크롤링,에브리타임 취업·진로 게시판 게시글(article_id=417642535),"https://everytime.kr/370494/v/417642535 (본문+댓글, 로그인 필요)",금융권 직무 이야기 글의 현직자 답글(인턴 지원 조언),2026-10-06,미검토,,상,"에브리타임 학교 커뮤니티 게시글·댓글 기반, 작성자·학교·실명·특정 업체 정보는 일반화하여 제거 | 원글 작성일: 2026-09-07 | 수집일: 2026-10-06",N,"금융권 인턴에 합격하려면 어떻게 해야 하나요?,금융권 인턴 어떻게 뚫어?,금융권 인턴 합하려면 어케 해야 함?,금융권 인턴 합격 방법,저는 금융권 인턴을 목표로 하고 있는데 어떻게 준비해야 붙을 수 있을까요?,금융권 인턴 붙는 방법 좀 알려주세요,금융권 인턴 뚫기,금융권 인턴 채용에 지원할 때 어떻게 준비해야 합격할 수 있나요?,금융권 인턴은 뚫기 너무 어렵다던데 제가 지원해도 될까요?",금융권 인턴에 합격하려면 어떻게 해야 하나요?,금융권 인턴 어떻게 뚫어?,금융권 인턴 합하려면 어케 해야 함?,금융권 인턴 합격 방법,저는 금융권 인턴을 목표로 하고 있는데 어떻게 준비해야 붙을 수 있을까요?,금융권 인턴 붙는 방법 좀 알려주세요,금융권 인턴 뚫기,금융권 인턴 채용에 지원할 때 어떻게 준비해야 합격할 수 있나요?,금융권 인턴은 뚫기 너무 어렵다던데 제가 지원해도 될까요?
519,648,E-C02-024,채용공고·지원전략,공통,입사 몇 개월 만에 퇴사하고 이직할 때 짧은 경력을 숨겨야 하나요?,1년 미만의 짧은 경력은 부적응으로 보여 좋지 않게 볼 수 있으니 기재하지 않는 경우가 많다는 의견이 다수입니다. 반대로 공백기로 두는 것보다 적는 편이 낫다는 의견도 있습니다. 경력을 적는다면 퇴사 사유와 그 경험에서 얻은 점을 설득력 있게 설명할 준비를 하세요.,에브리타임 취업·진로 게시판 크롤링,에브리타임 취업·진로 게시판 게시글(article_id=417718811),"https://everytime.kr/370494/v/417718811 (본문+댓글, 로그인 필요)",신입 4개월 차 이직 면접 시 경력 기재 고민 글의 댓글,2026-10-06,미검토,,중,"에브리타임 학교 커뮤니티 게시글·댓글 기반, 작성자·학교·실명·특정 업체 정보는 일반화하여 제거 | 원글 작성일: 2026-09-08 | 수집일: 2026-10-06",N,"입사 후 몇 달 만에 그만두고 이직할 때 짧은 경력은 감추는 게 나을까요?,입사 몇 달 만에 퇴사하고 이직하는데 짧은 경력 숨겨야 돼?,몇 달 다니고 퇴사했는데 이직할 때 짧은 경력 이력서에 써야 함?,몇 개월 짧은 경력 이직 시 기재 여부,저는 입사 몇 개월 만에 퇴사했는데 이직할 때 그 짧은 경력을 적어야 할지 고민이에요,몇 개월 만에 퇴사 후 이직할 때 짧은 경력 기재 여부 좀 알려주세요,짧은 경력 숨기기,입사 몇 개월 만에 퇴사 후 이직할 때 이력서 경력란에 짧은 경력을 빼도 되나요?,입사 몇 개월 만에 퇴사한 짧은 경력을 숨기고 이직해도 괜찮을까요?",입사 후 몇 달 만에 그만두고 이직할 때 짧은 경력은 감추는 게 나을까요?,입사 몇 달 만에 퇴사하고 이직하는데 짧은 경력 숨겨야 돼?,몇 달 다니고 퇴사했는데 이직할 때 짧은 경력 이력서에 써야 함?,몇 개월 짧은 경력 이직 시 기재 여부,저는 입사 몇 개월 만에 퇴사했는데 이직할 때 그 짧은 경력을 적어야 할지 고민이에요,몇 개월 만에 퇴사 후 이직할 때 짧은 경력 기재 여부 좀 알려주세요,짧은 경력 숨기기,입사 몇 개월 만에 퇴사 후 이직할 때 이력서 경력란에 짧은 경력을 빼도 되나요?,입사 몇 개월 만에 퇴사한 짧은 경력을 숨기고 이직해도 괜찮을까요?
520,649,E-C02-025,채용공고·지원전략,IT·개발·데이터,신입인데 회사에서 레퍼런스 체크를 요구하면 누구에게 받아야 하나요?,"신입에게 레퍼런스 체크를 요구하는 경우는 드물다는 반응이 많지만, 요구받았다면 함께 프로젝트를 한 교수님, 부트캠프 강사, 인턴 시절 상사처럼 나의 업무 태도를 알고 있는 사람에게 부탁할 수 있습니다. 누구에게 받아야 하는지 회사에 직접 확인하는 것이 가장 정확합니다.",에브리타임 취업·진로 게시판 크롤링,에브리타임 취업·진로 게시판 게시글(article_id=418488109),"https://everytime.kr/370494/v/418488109 (본문+댓글, 로그인 필요)",스타트업 신입 레퍼런스 체크 질문의 댓글(일반화),2026-10-06,미검토,,하,"에브리타임 학교 커뮤니티 게시글·댓글 기반, 작성자·학교·실명·특정 업체 정보는 일반화하여 제거 | 원글 작성일: 2026-09-21 | 수집일: 2026-10-06",N,"신입인데 회사가 평판 조회를 요청하면 누구한테 부탁해야 하나요?,신입인데 회사에서 레퍼런스 체크 해 달래 누구한테 받아야 돼?,신입인데 레퍼체크 요구받음 누구한테 받아야 함?,신입 레퍼런스 체크 대상,저는 신입으로 지원했는데 회사에서 레퍼런스 체크를 요구해서 누구에게 받아야 할지 모르겠어요,신입이 레퍼런스 체크 받을 사람 고르는 방법 좀 알려주세요,신입 레퍼런스 체크,신입 채용 과정에서 회사가 레퍼런스 체크를 요구하면 누구에게 받아야 하나요?,신입인데 레퍼런스 체크 해 줄 사람이 마땅치 않아도 괜찮을까요?",신입인데 회사가 평판 조회를 요청하면 누구한테 부탁해야 하나요?,신입인데 회사에서 레퍼런스 체크 해 달래 누구한테 받아야 돼?,신입인데 레퍼체크 요구받음 누구한테 받아야 함?,신입 레퍼런스 체크 대상,저는 신입으로 지원했는데 회사에서 레퍼런스 체크를 요구해서 누구에게 받아야 할지 모르겠어요,신입이 레퍼런스 체크 받을 사람 고르는 방법 좀 알려주세요,신입 레퍼런스 체크,신입 채용 과정에서 회사가 레퍼런스 체크를 요구하면 누구에게 받아야 하나요?,신입인데 레퍼런스 체크 해 줄 사람이 마땅치 않아도 괜찮을까요?
521,650,E-C03-001,이력서·자소서,연구·엔지니어링·제조기술,자소서 외 자유기재란이나 경력기술서도 신경 써서 써야 하나요?,"현직자가 사수에게 직접 들은 합격 이유로, 자소서 문항이 아닌 대외활동·기타 경험란이나 경력기술서를 성실하게 채운 점이 차별화 요소였다고 합니다. 짧은 프로젝트라도 회사와 연관 지어 적으려는 모습이 입사 동기와 열정으로 읽힌다는 것입니다. 또 실무에서는 오타, 문체 일관성, PPT 완성도를 꼼꼼히 보므로 제출 서류에서도 이 부분을 점검하세요.",에브리타임 취업·진로 게시판 크롤링,에브리타임 취업·진로 게시판 게시글(article_id=354056752),"https://everytime.kr/370494/v/354056752 (본문+댓글, 로그인 필요)",완성차 그룹사 부품개발 재직자가 사수에게 들은 채용 이유 정리 글,2026-10-06,미검토,,상,"에브리타임 학교 커뮤니티 게시글·댓글 기반, 작성자·학교·실명·특정 업체 정보는 일반화하여 제거 | 원글 작성일: 2024-09-09 | 수집일: 2026-10-06",N,"자기소개서 말고 자유기재란이나 경력기술서도 공들여 작성해야 할까요?,자소서 말고 자유기재란이나 경력기술서도 신경 써서 써야 돼?,자소서 외에 자유기재란 경력기술서도 제대로 채워야 함?,자소서 외 자유기재란 경력기술서 작성 중요도,저는 자소서에만 신경 쓰고 자유기재란과 경력기술서는 대충 썼는데 이것도 중요한가요?,자소서 외 자유기재란 경력기술서 작성할 때 신경 쓸 점 알려주세요,자유기재란 경력기술서,입사 지원서에서 자소서 외 자유기재란이나 경력기술서도 평가에 영향이 있나요?,자소서 외 자유기재란이나 경력기술서를 비워 두거나 대충 써도 괜찮을까요?",자기소개서 말고 자유기재란이나 경력기술서도 공들여 작성해야 할까요?,자소서 말고 자유기재란이나 경력기술서도 신경 써서 써야 돼?,자소서 외에 자유기재란 경력기술서도 제대로 채워야 함?,자소서 외 자유기재란 경력기술서 작성 중요도,저는 자소서에만 신경 쓰고 자유기재란과 경력기술서는 대충 썼는데 이것도 중요한가요?,자소서 외 자유기재란 경력기술서 작성할 때 신경 쓸 점 알려주세요,자유기재란 경력기술서,입사 지원서에서 자소서 외 자유기재란이나 경력기술서도 평가에 영향이 있나요?,자소서 외 자유기재란이나 경력기술서를 비워 두거나 대충 써도 괜찮을까요?
522,651,E-C03-002,이력서·자소서,공통,외국계 기업에서 영문 이력서를 요구하는데 어떻게 작성하나요?,"영문 이력서는 국문 이력서와 양식 자체가 달라 단순 번역으로는 부족하다는 의견이 있습니다. 영문 레퍼런스와 작성 가이드 아티클을 충분히 찾아보고 형식을 맞추는 것이 먼저입니다. 이력서 작성 도구나 생성형 AI를 활용해 초안을 만들고 커버레터까지 다듬는 방법도 추천되지만, 내용과 표현은 직접 검토해야 합니다.",에브리타임 취업·진로 게시판 크롤링,에브리타임 취업·진로 게시판 게시글(article_id=361832892),"https://everytime.kr/370494/v/361832892 (본문+댓글, 로그인 필요)","영문이력서 작성 질문에 대한 댓글(양식 차이, 레퍼런스 참고, 도구 활용)",2026-10-06,미검토,,중,"에브리타임 학교 커뮤니티 게시글·댓글 기반, 작성자·학교·실명·특정 업체 정보는 일반화하여 제거 | 원글 작성일: 2024-12-03 | 수집일: 2026-10-06",N,"외국계 회사에서 영어 이력서를 내라고 하는데 어떻게 써야 하나요?,외국계 기업에서 영문 이력서 달라는데 어떻게 써?,외국계 영문 이력서 어케 씀?,외국계 기업 영문 이력서 작성법,저는 외국계 기업에 지원하는데 영문 이력서를 처음 써 봐서 어떻게 써야 할지 막막해요,외국계 기업 영문 이력서 작성 방법 좀 알려주세요,외국계 영문 이력서,외국계 기업 입사 지원용 영문 이력서는 국문 이력서와 어떻게 다르게 작성하나요?,외국계 기업 영문 이력서를 국문 이력서 번역해서 내도 괜찮을까요?",외국계 회사에서 영어 이력서를 내라고 하는데 어떻게 써야 하나요?,외국계 기업에서 영문 이력서 달라는데 어떻게 써?,외국계 영문 이력서 어케 씀?,외국계 기업 영문 이력서 작성법,저는 외국계 기업에 지원하는데 영문 이력서를 처음 써 봐서 어떻게 써야 할지 막막해요,외국계 기업 영문 이력서 작성 방법 좀 알려주세요,외국계 영문 이력서,외국계 기업 입사 지원용 영문 이력서는 국문 이력서와 어떻게 다르게 작성하나요?,외국계 기업 영문 이력서를 국문 이력서 번역해서 내도 괜찮을까요?
523,652,E-C03-003,이력서·자소서,공통,자소서를 처음 쓸 때 가장 흔한 실수는 무엇인가요?,자소서에 정답이 있다고 생각해 한 편에 너무 많은 시간을 쓰는 것이 가장 큰 실수였다는 선배 조언이 있습니다. 그러다 보면 지원 수가 줄어 합격 수 자체가 떨어진다고 합니다. 기본 틀을 만들어 두고 부담 없이 많이 지원하면 실력도 함께 늘어난다고 합니다.,에브리타임 취업·진로 게시판 크롤링,에브리타임 취업·진로 게시판 게시글(article_id=415465795),"https://everytime.kr/370494/v/415465795 (본문+댓글, 로그인 필요)",자소서 처음 쓸 때 팁 글과 댓글,2026-10-06,미검토,,상,"에브리타임 학교 커뮤니티 게시글·댓글 기반, 작성자·학교·실명·특정 업체 정보는 일반화하여 제거 | 원글 작성일: 2026-08-07 | 수집일: 2026-10-06",N,"자기소개서를 처음 작성할 때 가장 많이 하는 실수는 뭔가요?,자소서 처음 쓸 때 제일 흔한 실수가 뭐야?,자소서 첨 쓸 때 다들 하는 실수 머임?,자소서 첫 작성 흔한 실수,저는 이번에 자소서를 처음 쓰는데 많이들 하는 실수가 무엇인지 궁금해요,자소서 처음 쓸 때 자주 하는 실수 좀 알려주세요,자소서 초보 실수,처음 취업 준비하며 입사 지원 자소서를 쓸 때 흔히 하는 실수는 무엇인가요?,자소서를 처음 쓰는데 한 편에 시간을 많이 들여도 괜찮을까요?",자기소개서를 처음 작성할 때 가장 많이 하는 실수는 뭔가요?,자소서 처음 쓸 때 제일 흔한 실수가 뭐야?,자소서 첨 쓸 때 다들 하는 실수 머임?,자소서 첫 작성 흔한 실수,저는 이번에 자소서를 처음 쓰는데 많이들 하는 실수가 무엇인지 궁금해요,자소서 처음 쓸 때 자주 하는 실수 좀 알려주세요,자소서 초보 실수,처음 취업 준비하며 입사 지원 자소서를 쓸 때 흔히 하는 실수는 무엇인가요?,자소서를 처음 쓰는데 한 편에 시간을 많이 들여도 괜찮을까요?
524,653,E-C03-004,이력서·자소서,공통,자소서 한 편 쓰는 데 시간이 너무 오래 걸리는데 어떻게 줄이나요?,"처음에는 오래 걸리지만 문항이 비슷비슷해서 쓰다 보면 시간이 크게 줄어든다는 의견이 많습니다. 경험을 STAR 방식으로 분석해 수치와 함께 정리하고, 자격증 번호·기관·날짜도 복사하기 쉽게 모아 두면 이후에는 조합만 하면 됩니다. 기업 인재상에 맞춰 조합하고 AI로 초안을 다듬으면 한 편에 1~2시간이면 가능하다는 경험담이 있습니다. 무작정 수백 곳에 내기보다 20곳을 제대로 쓰라는 의견도 있습니다.",에브리타임 취업·진로 게시판 크롤링,에브리타임 취업·진로 게시판 게시글(article_id=416230628),"https://everytime.kr/370494/v/416230628 (본문+댓글, 로그인 필요)","자소서 난사 기준과 작성 시간 질문의 댓글(STAR 정리, 소재 모음)",2026-10-06,미검토,,상,"에브리타임 학교 커뮤니티 게시글·댓글 기반, 작성자·학교·실명·특정 업체 정보는 일반화하여 제거 | 원글 작성일: 2026-08-19 | 수집일: 2026-10-06",N,"자기소개서 한 개 작성하는 데 시간이 너무 많이 드는데 단축할 방법이 있을까요?,자소서 하나 쓰는 데 너무 오래 걸리는데 어떻게 줄여?,자소서 한 편에 시간 너무 많이 씀 어케 줄임?,자소서 작성 시간 단축 방법,저는 자소서 한 편 쓰는 데 며칠씩 걸리는데 시간을 줄이고 싶어요 어떻게 해야 할까요?,자소서 쓰는 시간 줄이는 방법 좀 알려주세요,자소서 시간 줄이기,입사 지원 자소서 한 편 작성 시간을 줄이려면 어떻게 준비해야 하나요?,자소서 한 편 쓰는 데 이렇게 오래 걸려도 괜찮을까요?",자기소개서 한 개 작성하는 데 시간이 너무 많이 드는데 단축할 방법이 있을까요?,자소서 하나 쓰는 데 너무 오래 걸리는데 어떻게 줄여?,자소서 한 편에 시간 너무 많이 씀 어케 줄임?,자소서 작성 시간 단축 방법,저는 자소서 한 편 쓰는 데 며칠씩 걸리는데 시간을 줄이고 싶어요 어떻게 해야 할까요?,자소서 쓰는 시간 줄이는 방법 좀 알려주세요,자소서 시간 줄이기,입사 지원 자소서 한 편 작성 시간을 줄이려면 어떻게 준비해야 하나요?,자소서 한 편 쓰는 데 이렇게 오래 걸려도 괜찮을까요?
525,654,E-C03-005,이력서·자소서,IT·개발·데이터,서류 합격률을 크게 올린 방법이 있나요?,IT 직무 지원자가 서류 합격률을 3%에서 30%까지 올린 비결로 현직자 피드백을 꼽았습니다. 지원 직무 현직자에게 이력서와 자소서를 보여주고 피드백을 받아 바로 수정했다고 합니다. 멘토링 서비스나 학교 선배 네트워크를 활용해 현직자 피드백을 구해 보세요.,에브리타임 취업·진로 게시판 크롤링,에브리타임 취업·진로 게시판 게시글(article_id=417931148),"https://everytime.kr/370494/v/417931148 (본문+댓글, 로그인 필요)",서류 합격률 3%→30% 향상 후기와 댓글,2026-10-06,미검토,,상,"에브리타임 학교 커뮤니티 게시글·댓글 기반, 작성자·학교·실명·특정 업체 정보는 일반화하여 제거 | 원글 작성일: 2026-09-11 | 수집일: 2026-10-06",N,"서류 통과율을 크게 높인 방법이 있을까요?,서류 합격률 확 올린 방법 있어?,서합률 확 올린 꿀팁 있음?,서류 합격률 올리는 방법,저는 서류에서 계속 떨어지는데 서류 합격률을 크게 올린 방법이 있다면 궁금해요,서류 합격률 크게 올리는 방법 좀 알려주세요,서류 합격률 올리기,입사 지원 서류 전형 합격률을 크게 높이려면 어떻게 해야 하나요?,서류 합격률이 너무 낮은데 이대로 계속 지원해도 될까요?",서류 통과율을 크게 높인 방법이 있을까요?,서류 합격률 확 올린 방법 있어?,서합률 확 올린 꿀팁 있음?,서류 합격률 올리는 방법,저는 서류에서 계속 떨어지는데 서류 합격률을 크게 올린 방법이 있다면 궁금해요,서류 합격률 크게 올리는 방법 좀 알려주세요,서류 합격률 올리기,입사 지원 서류 전형 합격률을 크게 높이려면 어떻게 해야 하나요?,서류 합격률이 너무 낮은데 이대로 계속 지원해도 될까요?
526,655,E-C03-006,이력서·자소서,공통,내가 쓴 자소서가 괜찮은지 확인하는 방법이 있나요?,합불 결과로만 판단하기보다 대기업에 합격한 선배나 친구에게 피드백을 받아 보라는 조언이 많습니다. AI에게 평가 기준을 주고 피드백을 요청하는 방법도 있습니다. 지원 직무 현직자의 피드백이 가장 효과적이라는 후기도 있습니다.,에브리타임 취업·진로 게시판 크롤링,에브리타임 취업·진로 게시판 게시글(article_id=418354272),"https://everytime.kr/370494/v/418354272 (본문+댓글, 로그인 필요)",자소서 품질 확인 방법 질문의 댓글,2026-10-06,미검토,,중,"에브리타임 학교 커뮤니티 게시글·댓글 기반, 작성자·학교·실명·특정 업체 정보는 일반화하여 제거 | 원글 작성일: 2026-09-18 | 수집일: 2026-10-06",N,"제가 작성한 자기소개서가 괜찮은지 점검하는 방법이 있을까요?,내가 쓴 자소서 괜찮은지 어떻게 확인해?,내 자소서 괜찮은지 피드백 어케 받음?,자소서 점검 피드백 방법,저는 자소서를 다 썼는데 이게 괜찮은 건지 확인할 방법이 없어서 답답해요,내가 쓴 자소서가 괜찮은지 확인하는 방법 좀 알려주세요,자소서 괜찮은지 확인,입사 지원 전에 내가 쓴 자소서 완성도를 확인하는 방법이 있나요?,제가 쓴 자소서를 이대로 제출해도 괜찮을까요?",제가 작성한 자기소개서가 괜찮은지 점검하는 방법이 있을까요?,내가 쓴 자소서 괜찮은지 어떻게 확인해?,내 자소서 괜찮은지 피드백 어케 받음?,자소서 점검 피드백 방법,저는 자소서를 다 썼는데 이게 괜찮은 건지 확인할 방법이 없어서 답답해요,내가 쓴 자소서가 괜찮은지 확인하는 방법 좀 알려주세요,자소서 괜찮은지 확인,입사 지원 전에 내가 쓴 자소서 완성도를 확인하는 방법이 있나요?,제가 쓴 자소서를 이대로 제출해도 괜찮을까요?
527,656,E-C03-007,이력서·자소서,공통,자소서를 공들여 써도 떨어지는데 자소서는 중요하지 않은 건가요?,"자소서 완성도보다 그 안에 담긴 소재와 스펙이 더 중요하다는 의견이 많습니다. AI가 요약·검토하는 경우 꾸민 표현은 걸러지고 내용만 남는다는 것입니다. 또 문항이 의도한 내용에 정확히 답했는지도 중요하므로, 문장을 다듬는 데 시간을 쓰기보다 직무 관련 소재를 문항 의도에 맞게 배치하세요.",에브리타임 취업·진로 게시판 크롤링,에브리타임 취업·진로 게시판 게시글(article_id=419051525),"https://everytime.kr/370494/v/419051525 (본문+댓글, 로그인 필요)",자소서 영향력 관련 글과 댓글,2026-10-06,미검토,,상,"에브리타임 학교 커뮤니티 게시글·댓글 기반, 작성자·학교·실명·특정 업체 정보는 일반화하여 제거 | 원글 작성일: 2026-10-02 | 수집일: 2026-10-06",N,"자기소개서에 정성을 들여도 탈락하는데 자소서는 별로 안 중요한 건가요?,자소서 공들여 써도 떨어지는데 자소서 안 중요한 거야?,자소서 열심히 써도 서탈인데 자소서 의미 없음?,자소서 중요도 공들여도 탈락,저는 자소서를 정말 공들여 쓰는데도 계속 떨어져서 자소서가 중요하지 않은 건지 의문이에요,자소서 공들여 써도 떨어지는 이유 좀 알려주세요,자소서 중요하지 않음,서류 전형에서 자소서를 공들여 써도 떨어지는데 자소서 비중이 낮은 건가요?,자소서를 공들여 쓰지 않아도 괜찮을까요?",자기소개서에 정성을 들여도 탈락하는데 자소서는 별로 안 중요한 건가요?,자소서 공들여 써도 떨어지는데 자소서 안 중요한 거야?,자소서 열심히 써도 서탈인데 자소서 의미 없음?,자소서 중요도 공들여도 탈락,저는 자소서를 정말 공들여 쓰는데도 계속 떨어져서 자소서가 중요하지 않은 건지 의문이에요,자소서 공들여 써도 떨어지는 이유 좀 알려주세요,자소서 중요하지 않음,서류 전형에서 자소서를 공들여 써도 떨어지는데 자소서 비중이 낮은 건가요?,자소서를 공들여 쓰지 않아도 괜찮을까요?
528,657,E-C04-001,경험·포트폴리오,연구·엔지니어링·제조기술,공대생 취업을 위해 학점 외에 꼭 해야 하는 경험이 있나요?,"학점은 높을수록 좋지만 어느 정도 확보했다면 인턴, 계약직, 프로젝트 중 하나는 반드시 해 두라는 취업 선배의 조언이 있습니다. 대학원을 고려한다면 학교 이름보다 지원 직무와 관련된 연구실인지가 더 중요하다고 합니다. 목표 직무를 정하고 그와 연결되는 실무 경험 하나를 우선 확보하세요.",에브리타임 취업·진로 게시판 크롤링,에브리타임 취업·진로 게시판 게시글(article_id=317164919),"https://everytime.kr/370494/v/317164919 (본문+댓글, 로그인 필요)","공대 취업 선배의 꿀팁 글: 인턴·계약직·프로젝트 중 하나는 필수, 대학원은 직무 관련 랩",2026-10-06,미검토,,중,"에브리타임 학교 커뮤니티 게시글·댓글 기반, 작성자·학교·실명·특정 업체 정보는 일반화하여 제거 | 원글 작성일: 2023-09-22 | 수집일: 2026-10-06",N,"공대생이 취업하려면 학점 말고 반드시 쌓아야 할 경험이 있을까요?,공대생인데 학점 말고 취업하려면 꼭 해야 하는 경험 있어?,공대생 취준 학점 말고 필수 경험 머 있음?,공대생 취업 학점 외 필수 경험,저는 공대생이고 학점은 어느 정도 챙겼는데 취업을 위해 또 어떤 경험을 해야 할까요?,공대생 취업에 학점 외에 꼭 필요한 경험 좀 알려주세요,공대생 학점 외 경험,공대생 취업 준비에서 학점 외에 꼭 필요한 실무 경험이 있나요?,공대생인데 학점만 챙기고 다른 경험이 없어도 괜찮을까요?",공대생이 취업하려면 학점 말고 반드시 쌓아야 할 경험이 있을까요?,공대생인데 학점 말고 취업하려면 꼭 해야 하는 경험 있어?,공대생 취준 학점 말고 필수 경험 머 있음?,공대생 취업 학점 외 필수 경험,저는 공대생이고 학점은 어느 정도 챙겼는데 취업을 위해 또 어떤 경험을 해야 할까요?,공대생 취업에 학점 외에 꼭 필요한 경험 좀 알려주세요,공대생 학점 외 경험,공대생 취업 준비에서 학점 외에 꼭 필요한 실무 경험이 있나요?,공대생인데 학점만 챙기고 다른 경험이 없어도 괜찮을까요?
529,658,E-C04-002,경험·포트폴리오,디자인·콘텐츠,미대생이 일반 기업 마케팅·기획 직무로 취업하려면 무엇을 준비해야 하나요?,"미대 출신으로 IT 기업 마케팅 직무에 취업한 졸업생은 그동안 해 온 경험을 지원 직무와 잘 연결해 자소서를 쓰는 것이 가장 중요했다고 말합니다. 관련 인턴, 대외활동, 자격증으로 직무 관련 경험을 쌓으면 서류 합격률이 올라갔다고 합니다. 단순한 한 줄 스펙보다 각 활동을 '프로젝트 내용, 진행 과정, 배운 점'으로 한두 줄씩 정리할 수 있을 만큼 경험을 쌓으세요.",에브리타임 취업·진로 게시판 크롤링,에브리타임 취업·진로 게시판 게시글(article_id=331184987),"https://everytime.kr/370494/v/331184987 (본문+댓글, 로그인 필요)",미대 출신 IT 마케팅 직무 졸업생의 조언 글과 답글,2026-10-06,미검토,,중,"에브리타임 학교 커뮤니티 게시글·댓글 기반, 작성자·학교·실명·특정 업체 정보는 일반화하여 제거 | 원글 작성일: 2024-02-19 | 수집일: 2026-10-06",N,"미대생이 일반 회사 마케팅이나 기획 직무로 취업하려면 어떤 걸 준비해야 할까요?,미대생인데 일반 기업 마케팅 기획 직무로 가려면 뭐 준비해야 돼?,미대생 일반 기업 마케팅 기획 직무 취준 머부터 해야 함?,미대생 일반 기업 마케팅 기획 직무 준비,저는 미대생인데 일반 기업 마케팅이나 기획 직무로 취업하고 싶어서 무엇을 준비할지 고민이에요,미대생이 일반 기업 마케팅 기획 직무 준비하는 방법 좀 알려주세요,미대생 마케팅 기획 직무,미대생이 일반 기업 마케팅 기획 직무로 진로를 바꿔 취업하려면 무엇이 필요한가요?,미대생이 일반 기업 마케팅 기획 직무로 지원하면 불리할까요?",미대생이 일반 회사 마케팅이나 기획 직무로 취업하려면 어떤 걸 준비해야 할까요?,미대생인데 일반 기업 마케팅 기획 직무로 가려면 뭐 준비해야 돼?,미대생 일반 기업 마케팅 기획 직무 취준 머부터 해야 함?,미대생 일반 기업 마케팅 기획 직무 준비,저는 미대생인데 일반 기업 마케팅이나 기획 직무로 취업하고 싶어서 무엇을 준비할지 고민이에요,미대생이 일반 기업 마케팅 기획 직무 준비하는 방법 좀 알려주세요,미대생 마케팅 기획 직무,미대생이 일반 기업 마케팅 기획 직무로 진로를 바꿔 취업하려면 무엇이 필요한가요?,미대생이 일반 기업 마케팅 기획 직무로 지원하면 불리할까요?
530,659,E-C04-003,경험·포트폴리오,디자인·콘텐츠,디자인 전공인데 스펙이 거의 없어도 대기업 디자인 직무에 합격할 수 있나요?,"대기업 계열사 디자인 직무에 합격한 시각디자인과 졸업생은 공모전 수상·자격증 없이도 오랜 기간 꾸준히 운영한 디자인 SNS 계정이 큰 역할을 했다고 말합니다. 작업물을 올리며 팔로워를 모으기 위해 어떤 비주얼·카피 전략을 썼는지를 어필했다고 합니다. 자소서와 면접에서는 '왜 이 회사, 왜 이 직무인가'와 공백기 동안 무엇을 했는지를 설득력 있게 연결하는 데 가장 많은 시간을 썼다고 합니다.",에브리타임 취업·진로 게시판 크롤링,에브리타임 취업·진로 게시판 게시글(article_id=397023308),"https://everytime.kr/370494/v/397023308 (본문+댓글, 로그인 필요)",시각디자인과 졸업생의 대기업 계열사 디자인 직무 합격 후기와 답글,2026-10-06,미검토,,상,"에브리타임 학교 커뮤니티 게시글·댓글 기반, 작성자·학교·실명·특정 업체 정보는 일반화하여 제거 | 원글 작성일: 2025-12-26 | 수집일: 2026-10-06",N,"디자인을 전공했는데 스펙이 별로 없어도 대기업 디자인 직무에 붙을 수 있을까요?,디자인 전공인데 스펙 거의 없어도 대기업 디자인 직무 붙을 수 있어?,디자인 전공 노스펙인데 대기업 디자인 직무 합 가능함?,디자인 전공 노스펙 대기업 디자인 직무 합격,저는 디자인 전공인데 공모전 수상도 자격증도 없어서 대기업 디자인 직무에 합격할 수 있을지 궁금해요,스펙 없는 디자인 전공자가 대기업 디자인 직무 합격하는 방법 좀 알려주세요,노스펙 대기업 디자인 직무,디자인 전공자가 스펙 없이 대기업 디자인 직무 채용에 합격할 수 있나요?,디자인 전공인데 스펙이 거의 없어서 대기업 디자인 직무 지원이 불리할까요?",디자인을 전공했는데 스펙이 별로 없어도 대기업 디자인 직무에 붙을 수 있을까요?,디자인 전공인데 스펙 거의 없어도 대기업 디자인 직무 붙을 수 있어?,디자인 전공 노스펙인데 대기업 디자인 직무 합 가능함?,디자인 전공 노스펙 대기업 디자인 직무 합격,저는 디자인 전공인데 공모전 수상도 자격증도 없어서 대기업 디자인 직무에 합격할 수 있을지 궁금해요,스펙 없는 디자인 전공자가 대기업 디자인 직무 합격하는 방법 좀 알려주세요,노스펙 대기업 디자인 직무,디자인 전공자가 스펙 없이 대기업 디자인 직무 채용에 합격할 수 있나요?,디자인 전공인데 스펙이 거의 없어서 대기업 디자인 직무 지원이 불리할까요?
531,660,E-C04-004,경험·포트폴리오,금융·회계,은행 기업금융을 목표로 하는데 스타트업 리서치 인턴을 해도 도움이 될까요?,"스타트업 인턴에서 시장·기술 동향 조사, 경쟁사·고객사 분석, IR 자료 작성 등을 경험하면 기업을 보는 눈을 키울 수 있어 기업금융·정책금융 지원 시 이야깃거리가 될 수 있다는 의견이 있습니다. 4학년 재학 중이라면 해볼 만하지만 졸업 후라면 아쉬운 선택일 수 있다고 합니다. 인턴 후 남는 기간에는 정량 스펙을 보완하세요.",에브리타임 취업·진로 게시판 크롤링,에브리타임 취업·진로 게시판 게시글(article_id=409391128),"https://everytime.kr/370494/v/409391128 (본문+댓글, 로그인 필요)",스타트업 리서치 인턴 지원 고민 글의 댓글,2026-10-06,미검토,,중,"에브리타임 학교 커뮤니티 게시글·댓글 기반, 작성자·학교·실명·특정 업체 정보는 일반화하여 제거 | 원글 작성일: 2026-05-07 | 수집일: 2026-10-06",N,"은행 기업금융 직무를 희망하는데 스타트업에서 리서치 인턴을 하면 경험으로 인정될까요?,은행 기업금융 가고 싶은데 스타트업 리서치 인턴 해도 도움 돼?,은행 기업금융 취준 중인데 스타트업 리서치 인턴 스펙으로 쓸만함?,은행 기업금융 스타트업 리서치 인턴 도움 여부,저는 은행 기업금융 쪽을 준비하는데 스타트업 리서치 인턴 자리가 생겼어요 해도 될까요?,스타트업 리서치 인턴이 은행 기업금융 준비에 도움이 되는지 알려주세요,스타트업 리서치 인턴 기업금융,은행 기업금융 입사 지원할 때 스타트업 리서치 인턴 경험이 쓸모 있나요?,은행 기업금융 지망인데 스타트업 리서치 인턴 하면 시간 낭비일까요?",은행 기업금융 직무를 희망하는데 스타트업에서 리서치 인턴을 하면 경험으로 인정될까요?,은행 기업금융 가고 싶은데 스타트업 리서치 인턴 해도 도움 돼?,은행 기업금융 취준 중인데 스타트업 리서치 인턴 스펙으로 쓸만함?,은행 기업금융 스타트업 리서치 인턴 도움 여부,저는 은행 기업금융 쪽을 준비하는데 스타트업 리서치 인턴 자리가 생겼어요 해도 될까요?,스타트업 리서치 인턴이 은행 기업금융 준비에 도움이 되는지 알려주세요,스타트업 리서치 인턴 기업금융,은행 기업금융 입사 지원할 때 스타트업 리서치 인턴 경험이 쓸모 있나요?,은행 기업금융 지망인데 스타트업 리서치 인턴 하면 시간 낭비일까요?
532,661,E-C04-005,경험·포트폴리오,영업·마케팅,스펙 없이 학점만 있는 경영학과 4학년인데 마케팅 직무는 무엇부터 해야 하나요?,인턴에 지원하기 전 단계로 직무 관련 자격증과 대외활동을 먼저 쌓으라는 조언이 많습니다. 마케팅은 대외활동 기회가 많은 직무이므로 최대한 많이 참여해 경험을 만든 뒤 다음 시즌에 도전하는 것을 추천합니다. 컴활·데이터 자격증 등 기본 도구 역량도 함께 갖추세요.,에브리타임 취업·진로 게시판 크롤링,에브리타임 취업·진로 게시판 게시글(article_id=414362859),"https://everytime.kr/370494/v/414362859 (본문+댓글, 로그인 필요)",경영 4학년 무스펙 취준 질문의 댓글,2026-10-06,미검토,,중,"에브리타임 학교 커뮤니티 게시글·댓글 기반, 작성자·학교·실명·특정 업체 정보는 일반화하여 제거 | 원글 작성일: 2026-07-14 | 수집일: 2026-10-06",N,"경영학과 4학년이고 학점 말고는 내세울 게 없는데 마케팅 직무 준비는 어디서부터 시작해야 하나요?,경영학과 4학년인데 학점밖에 없어 마케팅 직무 뭐부터 해야 돼?,학점만 있고 스펙 없는 경영 4학년 마케팅 직무 취준 머부터 해야 함?,경영학과 4학년 스펙 없음 마케팅 직무 준비 순서,저는 경영학과 4학년인데 학점 외엔 스펙이 하나도 없어요 마케팅 직무 가려면 뭐부터 할까요?,학점만 있는 경영학과 4학년이 마케팅 직무 준비할 때 첫 단계 좀 알려주세요,스펙 없이 마케팅 직무,마케팅 직무 취업 준비를 학점만 있는 경영학과 4학년이 시작하려면 무엇이 먼저인가요?,경영학과 4학년인데 학점 말고 스펙이 없으면 마케팅 직무 준비 많이 불리한가요?",경영학과 4학년이고 학점 말고는 내세울 게 없는데 마케팅 직무 준비는 어디서부터 시작해야 하나요?,경영학과 4학년인데 학점밖에 없어 마케팅 직무 뭐부터 해야 돼?,학점만 있고 스펙 없는 경영 4학년 마케팅 직무 취준 머부터 해야 함?,경영학과 4학년 스펙 없음 마케팅 직무 준비 순서,저는 경영학과 4학년인데 학점 외엔 스펙이 하나도 없어요 마케팅 직무 가려면 뭐부터 할까요?,학점만 있는 경영학과 4학년이 마케팅 직무 준비할 때 첫 단계 좀 알려주세요,스펙 없이 마케팅 직무,마케팅 직무 취업 준비를 학점만 있는 경영학과 4학년이 시작하려면 무엇이 먼저인가요?,경영학과 4학년인데 학점 말고 스펙이 없으면 마케팅 직무 준비 많이 불리한가요?
533,662,E-C04-006,경험·포트폴리오,교육·공공·사회서비스,공공기관 체험형 인턴이 단순 반복 업무뿐인데 중간에 그만둬도 될까요?,"체험형 인턴은 원래 단순 업무가 많지만, 끝까지 하면 나중에 자소서·면접 소재를 쥐어짤 때 차이가 난다는 의견이 많습니다. 단순 업무라도 어떻게 개선했는지, 무엇을 배웠는지 정리하면 충분히 어필할 수 있습니다. 인턴 경력이 없다면 가급적 수료하는 쪽을 권합니다.",에브리타임 취업·진로 게시판 크롤링,에브리타임 취업·진로 게시판 게시글(article_id=414387422),"https://everytime.kr/370494/v/414387422 (본문+댓글, 로그인 필요)",공공기관 체험형 인턴 중도 포기 고민 글의 댓글,2026-10-06,미검토,,중,"에브리타임 학교 커뮤니티 게시글·댓글 기반, 작성자·학교·실명·특정 업체 정보는 일반화하여 제거 | 원글 작성일: 2026-07-14 | 수집일: 2026-10-06",N,"공공기관 체험형 인턴 업무가 단순 반복뿐인데 도중에 퇴사해도 괜찮을까요?,공공기관 체험형 인턴 맨날 단순 업무만 하는데 중간에 그만둬도 돼?,공공기관 체험형 인턴 잡무만 해서 자소서 소재도 없을 것 같은데 중간에 관둬도 됨?,공공기관 체험형 인턴 단순 업무 중도 포기,저는 공공기관 체험형 인턴 중인데 복사랑 서류 정리만 해서 그만둘까 고민이에요,공공기관 체험형 인턴 중간에 그만둘지 판단 기준 좀 알려주세요,체험형 인턴 중도 그만두기,공공기관 체험형 인턴 근무 중 단순 반복 업무만 해도 인턴 경력으로 의미가 있나요?,공공기관 체험형 인턴 끝까지 안 채우고 나오면 나중에 불리한가요?",공공기관 체험형 인턴 업무가 단순 반복뿐인데 도중에 퇴사해도 괜찮을까요?,공공기관 체험형 인턴 맨날 단순 업무만 하는데 중간에 그만둬도 돼?,공공기관 체험형 인턴 잡무만 해서 자소서 소재도 없을 것 같은데 중간에 관둬도 됨?,공공기관 체험형 인턴 단순 업무 중도 포기,저는 공공기관 체험형 인턴 중인데 복사랑 서류 정리만 해서 그만둘까 고민이에요,공공기관 체험형 인턴 중간에 그만둘지 판단 기준 좀 알려주세요,체험형 인턴 중도 그만두기,공공기관 체험형 인턴 근무 중 단순 반복 업무만 해도 인턴 경력으로 의미가 있나요?,공공기관 체험형 인턴 끝까지 안 채우고 나오면 나중에 불리한가요?
534,663,E-C05-001,면접·인적성,IT·개발·데이터,IT 기업 채용연계형 인턴 코딩테스트에는 알고리즘 문제만 나오나요?,"회사·직무에 따라 다르지만 프론트엔드 직무는 쉬운 알고리즘 문제 몇 개와 함께 React 같은 프레임워크로 간단한 화면을 구현하는 문제가 섞여 나왔다는 후기가 있습니다. 구현 문제를 끝까지 못 풀어도 통과했다는 사례도 있어 전체 풀이 과정이 함께 평가되는 것으로 보입니다. 지원 직무가 FE/BE 중 어디인지 확인하고, 알고리즘과 함께 주력 프레임워크로 작은 기능을 빠르게 만들어 보는 연습을 병행하세요.",에브리타임 취업·진로 게시판 크롤링,에브리타임 취업·진로 게시판 게시글(article_id=142362007),"https://everytime.kr/370494/v/142362007 (본문+댓글, 로그인 필요)",채용연계형 인턴 FE 코테에서 쉬운 알고리즘 2문제와 간단한 리액트 구현 문제가 나왔다는 응시 후기,2026-10-06,미검토,,중,"에브리타임 학교 커뮤니티 게시글·댓글 기반, 작성자·학교·실명·특정 업체 정보는 일반화하여 제거 | 원글 작성일: 2020-09-09 | 수집일: 2026-10-06",N,"IT 기업 채용연계형 인턴 코딩테스트는 알고리즘 문제 위주로만 출제되나요?,IT 회사 채용연계형 인턴 코테 알고리즘만 나와?,IT 기업 채용연계형 인턴 코테 알고리즘 말고 구현 문제도 나옴?,IT 기업 채용연계형 인턴 코딩테스트 출제 유형,저는 IT 기업 채용연계형 인턴 코딩테스트를 앞두고 있는데 알고리즘만 공부하면 될까요?,IT 기업 채용연계형 인턴 코딩테스트에 어떤 문제가 나오는지 알려주세요,채용연계형 인턴 코테 유형,IT 기업 채용연계형 인턴 채용 전형 중 코딩테스트는 알고리즘만 평가하나요?,IT 기업 채용연계형 인턴 코딩테스트 알고리즘만 준비하면 부족할까요?",IT 기업 채용연계형 인턴 코딩테스트는 알고리즘 문제 위주로만 출제되나요?,IT 회사 채용연계형 인턴 코테 알고리즘만 나와?,IT 기업 채용연계형 인턴 코테 알고리즘 말고 구현 문제도 나옴?,IT 기업 채용연계형 인턴 코딩테스트 출제 유형,저는 IT 기업 채용연계형 인턴 코딩테스트를 앞두고 있는데 알고리즘만 공부하면 될까요?,IT 기업 채용연계형 인턴 코딩테스트에 어떤 문제가 나오는지 알려주세요,채용연계형 인턴 코테 유형,IT 기업 채용연계형 인턴 채용 전형 중 코딩테스트는 알고리즘만 평가하나요?,IT 기업 채용연계형 인턴 코딩테스트 알고리즘만 준비하면 부족할까요?
535,664,E-C05-002,면접·인적성,공통,인성검사에서 계속 탈락하는데 어떻게 응답해야 하나요?,"인성검사에서는 극단적인 선택지(매우 그렇다/매우 아니다)를 지나치게 많이 고르지 않는 것이 좋다는 조언이 많습니다. 특히 '한 번도 ~한 적 없다' 같은 신뢰도 확인 문항에서 비현실적으로 답하면 감점이 크다는 경험담이 있습니다. 전체적으로 일관되게 답했는지 점검하고, 유료 인성검사 모의 연습으로 자신의 응답 패턴을 확인해 보는 것도 방법입니다.",에브리타임 취업·진로 게시판 크롤링,에브리타임 취업·진로 게시판 게시글(article_id=298170436),"https://everytime.kr/370494/v/298170436 (본문+댓글, 로그인 필요)",코테 통과 후 인성 탈락 사례와 극단 선택지·신뢰도 문항 주의 댓글,2026-10-06,미검토,,상,"에브리타임 학교 커뮤니티 게시글·댓글 기반, 작성자·학교·실명·특정 업체 정보는 일반화하여 제거 | 원글 작성일: 2023-04-12 | 수집일: 2026-10-06",N,"인성검사만 보면 매번 떨어지는데 답변을 어떤 식으로 해야 하나요?,인성검사에서 자꾸 떨어지는데 어떻게 답해야 돼?,인적성 인성 파트에서 계속 광탈하는데 응답 어케 해야 함?,인성검사 탈락 응답 요령,저는 인성검사에서만 여러 번 떨어졌는데 응답 방식을 바꿔야 할까요?,인성검사 계속 떨어질 때 응답하는 방법 좀 알려주세요,인성검사 계속 탈락,채용 인성검사에서 연달아 불합격하는데 문항 응답 전략이 따로 있나요?,인성검사에서 계속 떨어지는 게 제 응답 방식 문제일까요?",인성검사만 보면 매번 떨어지는데 답변을 어떤 식으로 해야 하나요?,인성검사에서 자꾸 떨어지는데 어떻게 답해야 돼?,인적성 인성 파트에서 계속 광탈하는데 응답 어케 해야 함?,인성검사 탈락 응답 요령,저는 인성검사에서만 여러 번 떨어졌는데 응답 방식을 바꿔야 할까요?,인성검사 계속 떨어질 때 응답하는 방법 좀 알려주세요,인성검사 계속 탈락,채용 인성검사에서 연달아 불합격하는데 문항 응답 전략이 따로 있나요?,인성검사에서 계속 떨어지는 게 제 응답 방식 문제일까요?
536,665,E-C05-003,면접·인적성,IT·개발·데이터,코딩테스트가 손코딩이라고 안내받았는데 면접도 같이 준비해야 하나요?,"손코딩은 보드나 종이에 수도코드를 쓰며 알고리즘을 설명하는 코드 인터뷰 형태일 수 있지만, 안내문에 면접 언급이 없다면 당일 면접까지 보는 경우는 드물다는 의견이 많습니다. 먼저 채용 공고의 전형 순서(예: 코딩테스트 후 1차 면접)를 확인하세요. 손으로 쓰면서 풀이 과정을 말로 설명하는 연습을 해 두면 어느 형태든 대비가 됩니다.",에브리타임 취업·진로 게시판 크롤링,에브리타임 취업·진로 게시판 게시글(article_id=309308695),"https://everytime.kr/370494/v/309308695 (본문+댓글, 로그인 필요)",손코딩 코테 형식과 당일 면접 여부에 대한 댓글 종합,2026-10-06,미검토,,하,"에브리타임 학교 커뮤니티 게시글·댓글 기반, 작성자·학교·실명·특정 업체 정보는 일반화하여 제거 | 원글 작성일: 2023-07-07 | 수집일: 2026-10-06",N,"코딩테스트가 손코딩 방식이라고 공지받았는데 면접 준비도 함께 해야 할까요?,코테가 손코딩이라는데 면접도 같이 준비해야 돼?,코테 손코딩이라고 안내 왔는데 면접까지 보는 거임?,손코딩 코딩테스트 면접 준비 여부,저는 이번에 코딩테스트가 손코딩이라는 안내를 받았는데 당일 면접도 대비해야 할까요?,손코딩 코딩테스트 안내받았을 때 면접 준비가 필요한지 알려주세요,손코딩 면접 같이,손코딩 코딩테스트 전형이면 기술 면접도 같이 진행되나요?,코딩테스트가 손코딩이라는데 면접 준비 안 하고 가도 괜찮을까요?",코딩테스트가 손코딩 방식이라고 공지받았는데 면접 준비도 함께 해야 할까요?,코테가 손코딩이라는데 면접도 같이 준비해야 돼?,코테 손코딩이라고 안내 왔는데 면접까지 보는 거임?,손코딩 코딩테스트 면접 준비 여부,저는 이번에 코딩테스트가 손코딩이라는 안내를 받았는데 당일 면접도 대비해야 할까요?,손코딩 코딩테스트 안내받았을 때 면접 준비가 필요한지 알려주세요,손코딩 면접 같이,손코딩 코딩테스트 전형이면 기술 면접도 같이 진행되나요?,코딩테스트가 손코딩이라는데 면접 준비 안 하고 가도 괜찮을까요?
537,666,E-C05-004,면접·인적성,연구·엔지니어링·제조기술,자소서와 면접을 잘하려면 가장 핵심적으로 연습해야 하는 것은 무엇인가요?,"대기업에 합격한 공대생 후기에서는 내 경험과 역량을 논리적으로, 핵심만 알아듣게 전달하는 것을 가장 중요하게 꼽습니다. 면접은 면접관과의 대화이므로 질문 의도를 파악해 그에 맞는 답을 해야 좋은 인상을 남길 수 있다고 합니다. 과장도, 지나친 솔직함도 피하고 경험을 짧게 요약해 말하는 연습을 반복하세요.",에브리타임 취업·진로 게시판 크롤링,에브리타임 취업·진로 게시판 게시글(article_id=324961374),"https://everytime.kr/370494/v/324961374 (본문+댓글, 로그인 필요)",대기업 설계직무 합격 공대생의 자소서·면접 핵심 정리 글,2026-10-06,미검토,,상,"에브리타임 학교 커뮤니티 게시글·댓글 기반, 작성자·학교·실명·특정 업체 정보는 일반화하여 제거 | 원글 작성일: 2023-12-14 | 수집일: 2026-10-06",N,"자기소개서와 면접을 잘 보려면 무엇을 가장 중점적으로 연습해야 하나요?,자소서랑 면접 잘하려면 제일 중요하게 연습할 게 뭐야?,자소서 면접 둘 다 잘하려면 머부터 연습해야 함?,자소서 면접 핵심 연습 포인트,저는 자소서랑 면접이 늘 약한데 가장 핵심적으로 연습할 부분이 뭘까요?,자소서와 면접 잘하는 데 가장 중요한 연습 방법 좀 알려주세요,자소서 면접 핵심,입사 면접과 자소서 작성에서 공통으로 가장 중요한 역량은 무엇인가요?,자소서와 면접 연습을 할 때 엉뚱한 데 힘을 쓰고 있는 건 아닐까요?",자기소개서와 면접을 잘 보려면 무엇을 가장 중점적으로 연습해야 하나요?,자소서랑 면접 잘하려면 제일 중요하게 연습할 게 뭐야?,자소서 면접 둘 다 잘하려면 머부터 연습해야 함?,자소서 면접 핵심 연습 포인트,저는 자소서랑 면접이 늘 약한데 가장 핵심적으로 연습할 부분이 뭘까요?,자소서와 면접 잘하는 데 가장 중요한 연습 방법 좀 알려주세요,자소서 면접 핵심,입사 면접과 자소서 작성에서 공통으로 가장 중요한 역량은 무엇인가요?,자소서와 면접 연습을 할 때 엉뚱한 데 힘을 쓰고 있는 건 아닐까요?
538,667,E-C05-005,면접·인적성,공통,GSAT 자료해석에서 시간이 부족한데 어떻게 줄일 수 있나요?,문제를 많이 풀어 표와 자료를 읽는 속도를 높이는 것이 기본이라는 의견이 많습니다. 실전에서는 순서대로 풀기보다 보기가 짧고 숫자가 깔끔한 문제부터 먼저 푸는 것이 시간 단축에 도움이 된다고 합니다. 모의고사를 시간 제한을 두고 풀며 넘길 문제를 빠르게 판단하는 연습을 하세요.,에브리타임 취업·진로 게시판 크롤링,에브리타임 취업·진로 게시판 게시글(article_id=339249169),"https://everytime.kr/370494/v/339249169 (본문+댓글, 로그인 필요)","GSAT 자료해석 시간 단축 질문에 대한 응시자 댓글(양치기, 쉬운 문제 먼저)",2026-10-06,미검토,,중,"에브리타임 학교 커뮤니티 게시글·댓글 기반, 작성자·학교·실명·특정 업체 정보는 일반화하여 제거 | 원글 작성일: 2024-04-13 | 수집일: 2026-10-06",N,"GSAT 자료해석 풀 때 시간이 모자란데 단축하는 방법이 있을까요?,GSAT 자료해석 시간 너무 부족한데 어떻게 줄여?,지사트 자료해석 시간 부족 어케 해결함?,GSAT 자료해석 시간 단축 방법,저는 GSAT 자료해석에서 항상 시간이 부족해 문제를 다 못 풀어요 어떻게 해야 할까요?,GSAT 자료해석 시간 줄이는 요령 좀 알려주세요,자료해석 시간 부족,삼성 GSAT 인적성 자료해석 영역에서 풀이 시간을 줄이는 방법이 궁금해요,GSAT 자료해석을 순서대로 풀면 시간이 부족한데 이대로 괜찮을까요?",GSAT 자료해석 풀 때 시간이 모자란데 단축하는 방법이 있을까요?,GSAT 자료해석 시간 너무 부족한데 어떻게 줄여?,지사트 자료해석 시간 부족 어케 해결함?,GSAT 자료해석 시간 단축 방법,저는 GSAT 자료해석에서 항상 시간이 부족해 문제를 다 못 풀어요 어떻게 해야 할까요?,GSAT 자료해석 시간 줄이는 요령 좀 알려주세요,자료해석 시간 부족,삼성 GSAT 인적성 자료해석 영역에서 풀이 시간을 줄이는 방법이 궁금해요,GSAT 자료해석을 순서대로 풀면 시간이 부족한데 이대로 괜찮을까요?
539,668,E-C05-006,면접·인적성,공통,LG 계열사 인적성은 적성과 인성 중 무엇이 더 중요한가요?,"LG 계열사는 그룹 문화상 적성보다 인성검사를 더 중요하게 본다는 응시자 의견이 많습니다. 적성 문제는 비교적 쉬운 편이라는 후기가 많지만 계열사에 따라 난이도가 높았다는 후기도 있습니다. 적성은 시간 관리 위주로 대비하고, 인성은 일관되게 솔직히 답하는 데 신경 쓰세요.",에브리타임 취업·진로 게시판 크롤링,에브리타임 취업·진로 게시판 게시글(article_id=348819941),"https://everytime.kr/370494/v/348819941 (본문+댓글, 로그인 필요)","LG 인적성 응시자 댓글: 적성은 쉬운 편, 인성이 더 중요",2026-10-06,미검토,,중,"에브리타임 학교 커뮤니티 게시글·댓글 기반, 작성자·학교·실명·특정 업체 정보는 일반화하여 제거 | 원글 작성일: 2024-07-14 | 수집일: 2026-10-06",N,"LG 계열사 인적성 검사는 적성과 인성 중 어느 쪽 비중이 더 큰가요?,LG 계열사 인적성 적성이랑 인성 중에 뭐가 더 중요해?,LG 인적성 적성 인성 중 머가 더 중요함?,LG 계열사 인적성 적성 인성 비중,저는 LG 계열사 인적성을 준비 중인데 적성과 인성 중 어디에 더 신경 써야 할까요?,LG 계열사 인적성에서 적성과 인성 중 더 중요한 것 좀 알려주세요,LG 인적성 인성 중요,LG 계열사 채용 인적성 시험에서 인성검사가 적성보다 더 중요하게 반영되나요?,LG 계열사 인적성 적성만 열심히 준비하면 부족할까요?",LG 계열사 인적성 검사는 적성과 인성 중 어느 쪽 비중이 더 큰가요?,LG 계열사 인적성 적성이랑 인성 중에 뭐가 더 중요해?,LG 인적성 적성 인성 중 머가 더 중요함?,LG 계열사 인적성 적성 인성 비중,저는 LG 계열사 인적성을 준비 중인데 적성과 인성 중 어디에 더 신경 써야 할까요?,LG 계열사 인적성에서 적성과 인성 중 더 중요한 것 좀 알려주세요,LG 인적성 인성 중요,LG 계열사 채용 인적성 시험에서 인성검사가 적성보다 더 중요하게 반영되나요?,LG 계열사 인적성 적성만 열심히 준비하면 부족할까요?
540,669,E-C05-007,면접·인적성,공통,면접 중 답변이 꼬였을 때 다시 말해도 되나요?,"현직자 의견으로는 흐름을 크게 끊지 않는 선에서 잠시 뜸을 들이는 것은 괜찮고, 답변을 다시 하고 싶다면 '다시 말씀드려도 될까요?'라고 정중히 물어보면 됩니다. 일방적으로 다시 하겠다고 하거나 망친 답변을 길게 이어가는 것보다 훨씬 낫다고 합니다. 이 과정 자체가 면접관과 소통하려는 태도로 보일 수 있습니다.",에브리타임 취업·진로 게시판 크롤링,에브리타임 취업·진로 게시판 게시글(article_id=354056752),"https://everytime.kr/370494/v/354056752 (본문+댓글, 로그인 필요)",면접관 경험이 있는 현직자 답글: 다시 답변 요청은 정중히 묻기,2026-10-06,미검토,,중,"에브리타임 학교 커뮤니티 게시글·댓글 기반, 작성자·학교·실명·특정 업체 정보는 일반화하여 제거 | 원글 작성일: 2024-09-09 | 수집일: 2026-10-06",N,"면접 도중 대답이 엉켰을 때 다시 답변해도 괜찮나요?,면접 보다가 말 꼬이면 다시 말해도 돼?,면접관 앞에서 답변 꼬이면 다시 말해도 됨?,면접 답변 꼬임 다시 말하기,저는 면접에서 말하다 꼬이면 당황하는데 다시 말씀드려도 될까요?,면접 중 답변이 꼬였을 때 대처 방법 좀 알려주세요,답변 꼬였을 때,채용 면접에서 답변을 망쳤을 때 다시 하겠다고 요청해도 되나요?,면접 중 다시 말하겠다고 하면 감점될까요?",면접 도중 대답이 엉켰을 때 다시 답변해도 괜찮나요?,면접 보다가 말 꼬이면 다시 말해도 돼?,면접관 앞에서 답변 꼬이면 다시 말해도 됨?,면접 답변 꼬임 다시 말하기,저는 면접에서 말하다 꼬이면 당황하는데 다시 말씀드려도 될까요?,면접 중 답변이 꼬였을 때 대처 방법 좀 알려주세요,답변 꼬였을 때,채용 면접에서 답변을 망쳤을 때 다시 하겠다고 요청해도 되나요?,면접 중 다시 말하겠다고 하면 감점될까요?
541,670,E-C05-008,면접·인적성,경영·사무·인사,PT 면접에서는 내용의 완성도와 논리 중 무엇이 더 중요한가요?,"학부생 지원자에게는 내용의 완성도보다 생각의 근거, 논리, 구조를 탄탄하게 보여주는 것이 더 중요하다는 현직자 조언이 있습니다. 대기업 업무의 상당 부분이 보고서 작성이므로 결론과 근거를 구조적으로 전달하는 능력을 본다는 것입니다. 또 학부 수준에서 직무 경험이 부족한 것은 면접관도 알고 있으니 관련 경험에 매몰되기보다 전공 프로젝트를 직무 관점으로 풀어내라고 합니다.",에브리타임 취업·진로 게시판 크롤링,에브리타임 취업·진로 게시판 게시글(article_id=356484669),"https://everytime.kr/370494/v/356484669 (본문+댓글, 로그인 필요)",대기업 기획 직무 합격자의 PT 면접 팁과 답글(경험 부족해도 전공 프로젝트로 연결),2026-10-06,미검토,,상,"에브리타임 학교 커뮤니티 게시글·댓글 기반, 작성자·학교·실명·특정 업체 정보는 일반화하여 제거 | 원글 작성일: 2024-10-08 | 수집일: 2026-10-06",N,"PT 면접에서는 발표 내용의 완성도와 논리적 구조 중 어느 것이 더 중요한가요?,PT 면접은 내용 완성도랑 논리 중에 뭐가 더 중요해?,PT면접 완성도 vs 논리 머가 더 중요함?,PT 면접 완성도 논리 중요도,저는 PT 면접을 준비 중인데 내용을 완벽하게 만드는 것과 논리 중 무엇에 집중해야 할까요?,PT 면접에서 완성도와 논리 중 무엇을 우선해야 하는지 알려주세요,PT 면접 논리,입사 PT 면접 발표에서 평가자는 내용 완성도와 논리 중 무엇을 더 보나요?,PT 면접에서 내용 완성도가 떨어지면 불리할까요?",PT 면접에서는 발표 내용의 완성도와 논리적 구조 중 어느 것이 더 중요한가요?,PT 면접은 내용 완성도랑 논리 중에 뭐가 더 중요해?,PT면접 완성도 vs 논리 머가 더 중요함?,PT 면접 완성도 논리 중요도,저는 PT 면접을 준비 중인데 내용을 완벽하게 만드는 것과 논리 중 무엇에 집중해야 할까요?,PT 면접에서 완성도와 논리 중 무엇을 우선해야 하는지 알려주세요,PT 면접 논리,입사 PT 면접 발표에서 평가자는 내용 완성도와 논리 중 무엇을 더 보나요?,PT 면접에서 내용 완성도가 떨어지면 불리할까요?
542,671,E-C05-009,면접·인적성,공통,인성검사에서 솔직하고 일관되게만 답하면 통과할 수 있나요?,"일관성만으로는 부족하고 지원 조직에 맞는 성향을 보여야 한다는 의견이 있습니다. 특히 공공기관의 조직적합도 검사는 등급이 낮거나 일관성이 없으면 적성 점수와 무관하게 탈락할 수 있다고 합니다. 혼자 일하기를 선호하거나 팀워크를 싫어하는 쪽으로 극단적으로 답하면 불리하다는 경험담이 있지만, 반대로 지나치게 도전적·외향적으로만 답해도 떨어졌다는 댓글도 있어 극단을 피하는 균형이 중요합니다.",에브리타임 취업·진로 게시판 크롤링,에브리타임 취업·진로 게시판 게시글(article_id=357219521),"https://everytime.kr/370494/v/357219521 (본문+댓글, 로그인 필요)","인성검사 꿀팁 글과 반론 댓글(조직 적합성, 극단 응답 회피)",2026-10-06,미검토,,중,"에브리타임 학교 커뮤니티 게시글·댓글 기반, 작성자·학교·실명·특정 업체 정보는 일반화하여 제거 | 원글 작성일: 2024-10-16 | 수집일: 2026-10-06",N,"인성검사는 정직하고 일관성 있게 응답하기만 하면 붙을 수 있나요?,인성검사 솔직하게 일관되게만 답하면 통과돼?,인적성 인성 파트 솔직하고 일관되게만 하면 합임?,인성검사 솔직 일관성 통과 여부,저는 인성검사를 솔직하고 일관되게 답하려고 하는데 그것만으로 충분할까요?,인성검사 통과하려면 일관성 말고 무엇이 필요한지 알려주세요,인성검사 일관성만,채용 인성검사에서 일관되게 답하는 것 외에 조직 적합성도 봐야 하나요?,인성검사에서 솔직하게만 답하면 오히려 불리할 수도 있나요?",인성검사는 정직하고 일관성 있게 응답하기만 하면 붙을 수 있나요?,인성검사 솔직하게 일관되게만 답하면 통과돼?,인적성 인성 파트 솔직하고 일관되게만 하면 합임?,인성검사 솔직 일관성 통과 여부,저는 인성검사를 솔직하고 일관되게 답하려고 하는데 그것만으로 충분할까요?,인성검사 통과하려면 일관성 말고 무엇이 필요한지 알려주세요,인성검사 일관성만,채용 인성검사에서 일관되게 답하는 것 외에 조직 적합성도 봐야 하나요?,인성검사에서 솔직하게만 답하면 오히려 불리할 수도 있나요?
543,672,E-C05-010,면접·인적성,IT·개발·데이터,면접에서 말을 조리 있게 하는 실력은 어떻게 키우나요?,"취준 후기에서는 진행한 프로젝트를 정리하고 내세울 가치관을 확립한 뒤부터 말이 조리 있어졌다고 합니다. 말투는 셀카 영상으로 녹화해 말끝을 끌거나 너무 빠르게 말하는 습관을 고쳤다고 합니다. 면접 후에는 잘 말한 부분과 부족했던 부분을 복기해 다음 면접에 반영하고, 임원 면접에서는 회사의 가치관·방향과 맞는 답을 하는 것이 중요했다고 합니다.",에브리타임 취업·진로 게시판 크롤링,에브리타임 취업·진로 게시판 게시글(article_id=358880558),"https://everytime.kr/370494/v/358880558 (본문+댓글, 로그인 필요)","컴공 취준 후기의 면접 준비법(녹화 연습, 복기, 회사 가치관과 연결)",2026-10-06,미검토,,상,"에브리타임 학교 커뮤니티 게시글·댓글 기반, 작성자·학교·실명·특정 업체 정보는 일반화하여 제거 | 원글 작성일: 2024-11-02 | 수집일: 2026-10-06",N,"면접에서 논리정연하게 말하는 능력은 어떻게 기를 수 있나요?,면접에서 말 조리 있게 하려면 어떻게 연습해?,면접 때 말 조리 있게 하는 법 어케 키움?,면접 조리 있게 말하기 연습,저는 면접에서 말이 두서없이 나오는데 조리 있게 말하는 실력을 어떻게 키울까요?,면접에서 말 조리 있게 하는 방법 좀 알려줘,조리 있게 말하기,채용 면접 답변을 조리 있게 전달하는 연습 방법이 궁금해요,면접에서 말을 조리 있게 못 하면 많이 불리할까요?",면접에서 논리정연하게 말하는 능력은 어떻게 기를 수 있나요?,면접에서 말 조리 있게 하려면 어떻게 연습해?,면접 때 말 조리 있게 하는 법 어케 키움?,면접 조리 있게 말하기 연습,저는 면접에서 말이 두서없이 나오는데 조리 있게 말하는 실력을 어떻게 키울까요?,면접에서 말 조리 있게 하는 방법 좀 알려줘,조리 있게 말하기,채용 면접 답변을 조리 있게 전달하는 연습 방법이 궁금해요,면접에서 말을 조리 있게 못 하면 많이 불리할까요?
544,673,E-C05-011,면접·인적성,연구·엔지니어링·제조기술,반도체 대기업 공정 직무 면접은 공정·소자를 어느 정도 깊이로 준비해야 하나요?,"지원자들 사이에서 많이 나온 질문은 8대 공정을 골고루 공부하면서 한두 공정을 깊게 파는 것이 좋은지, 소자를 어느 정도 깊이로 알아야 하는지였습니다. 일반적으로는 전 공정의 흐름을 이해하고 지원 직무와 관련된 공정을 깊게 준비하는 방식이 권장됩니다. 자소서에 특정 제품(예: 낸드)에 대한 포부를 썼다면 다른 제품 부서 배치에 대한 질문에도 유연하게 답할 준비를 해 두세요.",에브리타임 취업·진로 게시판 크롤링,에브리타임 취업·진로 게시판 게시글(article_id=360552120),"https://everytime.kr/370494/v/360552120 (본문+댓글, 로그인 필요)",반도체 대기업 공정직 면접 준비 질문 글과 답글 흐름(일반화),2026-10-06,미검토,,중,"에브리타임 학교 커뮤니티 게시글·댓글 기반, 작성자·학교·실명·특정 업체 정보는 일반화하여 제거 | 원글 작성일: 2024-11-18 | 수집일: 2026-10-06",N,"반도체 대기업 공정 직무 면접에서는 공정과 소자 지식을 얼마나 깊게 공부해야 하나요?,반도체 대기업 공정 직무 면접 공정이랑 소자 어디까지 준비해야 돼?,반도체 대기업 공정 직무 면접 8대 공정이랑 소자 어느 정도까지 파야 함?,반도체 대기업 공정 직무 면접 공정 소자 준비 깊이,저는 반도체 대기업 공정 직무 면접을 앞두고 있는데 공정과 소자를 어느 수준까지 알아야 할까요?,반도체 대기업 공정 직무 면접 공정 소자 준비 범위 좀 알려주세요,반도체 공정 직무 소자 깊이,반도체 대기업 공정 직무 면접 대비로 공정 전체와 소자를 어디까지 공부하나요?,반도체 대기업 공정 직무 면접에서 공정 하나만 깊게 파도 괜찮을까요?",반도체 대기업 공정 직무 면접에서는 공정과 소자 지식을 얼마나 깊게 공부해야 하나요?,반도체 대기업 공정 직무 면접 공정이랑 소자 어디까지 준비해야 돼?,반도체 대기업 공정 직무 면접 8대 공정이랑 소자 어느 정도까지 파야 함?,반도체 대기업 공정 직무 면접 공정 소자 준비 깊이,저는 반도체 대기업 공정 직무 면접을 앞두고 있는데 공정과 소자를 어느 수준까지 알아야 할까요?,반도체 대기업 공정 직무 면접 공정 소자 준비 범위 좀 알려주세요,반도체 공정 직무 소자 깊이,반도체 대기업 공정 직무 면접 대비로 공정 전체와 소자를 어디까지 공부하나요?,반도체 대기업 공정 직무 면접에서 공정 하나만 깊게 파도 괜찮을까요?
545,674,E-C05-012,면접·인적성,공통,면접에서 답이 떠오르지 않거나 시선 처리가 어려울 때 어떻게 하나요?,"답이 바로 떠오르지 않으면 '잠시 생각해 보겠습니다'라고 말하고 5초 정도 시간을 벌어도 괜찮다는 조언이 있습니다. 시선은 면접관의 눈을 보고 웃으며, 외운 스크립트가 아니라 대화하듯 자연스럽게 말하는 것이 중요합니다. 자신이 감당할 수 있는 수준 이상으로 부풀리지 말고, 모르는 것은 당당하면서도 겸손하게 답하세요.",에브리타임 취업·진로 게시판 크롤링,에브리타임 취업·진로 게시판 게시글(article_id=365340774),"https://everytime.kr/370494/v/365340774 (본문+댓글, 로그인 필요)","첫 면접 꿀팁 질문의 댓글 종합(시간 벌기, 시선, 대화하듯)",2026-10-06,미검토,,상,"에브리타임 학교 커뮤니티 게시글·댓글 기반, 작성자·학교·실명·특정 업체 정보는 일반화하여 제거 | 원글 작성일: 2025-01-08 | 수집일: 2026-10-06",N,"면접에서 대답이 생각나지 않거나 시선을 어디 둘지 모를 때 어떻게 해야 하나요?,면접 때 답 안 떠오르거나 시선 처리 어려우면 어떻게 해?,면접관 질문에 답 안 떠오르고 시선 처리도 어려울 때 어케 함?,면접 답변 막힘 시선 처리 방법,저는 면접에서 답이 막히면 눈을 어디 둘지도 몰라 당황하는데 어떻게 하면 될까요?,면접 중 답이 안 떠오를 때와 시선 처리 요령 좀 알려주세요,면접 시선 처리,채용 면접에서 질문에 바로 답이 안 나올 때와 시선 처리 대처법이 궁금해요,면접에서 답이 안 떠올라 머뭇거리고 시선도 피하면 감점될까요?",면접에서 대답이 생각나지 않거나 시선을 어디 둘지 모를 때 어떻게 해야 하나요?,면접 때 답 안 떠오르거나 시선 처리 어려우면 어떻게 해?,면접관 질문에 답 안 떠오르고 시선 처리도 어려울 때 어케 함?,면접 답변 막힘 시선 처리 방법,저는 면접에서 답이 막히면 눈을 어디 둘지도 몰라 당황하는데 어떻게 하면 될까요?,면접 중 답이 안 떠오를 때와 시선 처리 요령 좀 알려주세요,면접 시선 처리,채용 면접에서 질문에 바로 답이 안 나올 때와 시선 처리 대처법이 궁금해요,면접에서 답이 안 떠올라 머뭇거리고 시선도 피하면 감점될까요?
546,675,E-C05-013,면접·인적성,공통,임원면접에서 계속 떨어지는데 답변을 길게 하는 게 문제일까요?,"임원들은 짧고 진솔한 답변을 선호하는 편이라는 의견이 많습니다. 다대다 면접에서 면접관이 궁금해하지 않은 내용까지 과하게 답하면 대화가 아니라 일방적인 설명처럼 느껴진다고 합니다. 질문 의도를 먼저 파악해 그에 맞는 핵심만 답하고, 완벽한 답변에 대한 강박보다 자신을 보여줄 수 있는 솔직한 답을 하세요.",에브리타임 취업·진로 게시판 크롤링,에브리타임 취업·진로 게시판 게시글(article_id=365805330),"https://everytime.kr/370494/v/365805330 (본문+댓글, 로그인 필요)","임원면접 꿀팁 질문의 댓글 종합(짧고 진솔하게, 질문 의도 파악)",2026-10-06,미검토,,상,"에브리타임 학교 커뮤니티 게시글·댓글 기반, 작성자·학교·실명·특정 업체 정보는 일반화하여 제거 | 원글 작성일: 2025-01-14 | 수집일: 2026-10-06",N,"임원면접에서 번번이 떨어지는데 대답이 긴 게 원인일까요?,임원면접 계속 떨어지는데 답변 길게 하는 게 문제야?,임원면접 계속 불합인데 답변 길어서 그런 거임?,임원면접 탈락 답변 길이,저는 임원면접에서 계속 떨어지는데 답변을 길게 하는 편이에요 이게 문제일까요?,임원면접 답변 길이를 어느 정도로 해야 하는지 알려주세요,임원면접 답변 길게,최종 임원면접에서 답변을 길게 하면 탈락 원인이 되나요?,임원면접에서 답변을 길게 하면 불리한가요?",임원면접에서 번번이 떨어지는데 대답이 긴 게 원인일까요?,임원면접 계속 떨어지는데 답변 길게 하는 게 문제야?,임원면접 계속 불합인데 답변 길어서 그런 거임?,임원면접 탈락 답변 길이,저는 임원면접에서 계속 떨어지는데 답변을 길게 하는 편이에요 이게 문제일까요?,임원면접 답변 길이를 어느 정도로 해야 하는지 알려주세요,임원면접 답변 길게,최종 임원면접에서 답변을 길게 하면 탈락 원인이 되나요?,임원면접에서 답변을 길게 하면 불리한가요?
547,676,E-C05-014,면접·인적성,공통,후기가 없는 중소·중견기업 인적성은 어떻게 대비하나요?,"같은 그룹 다른 계열사의 후기를 먼저 찾아보면 적성검사 포함 여부를 가늠할 수 있습니다. 중소·중견기업은 인성검사만 보는 곳도 많고, 적성이 있더라도 기본적인 수준이라 시중 문제집이나 유튜브 무료 강의로 유형만 익혀도 충분하다는 의견이 많습니다.",에브리타임 취업·진로 게시판 크롤링,에브리타임 취업·진로 게시판 게시글(article_id=386751412),"https://everytime.kr/370494/v/386751412 (본문+댓글, 로그인 필요)","후기 없는 중소·중견 인적성 대비 질문의 댓글(계열사 후기, 유튜브로 충분)",2026-10-06,미검토,,하,"에브리타임 학교 커뮤니티 게시글·댓글 기반, 작성자·학교·실명·특정 업체 정보는 일반화하여 제거 | 원글 작성일: 2025-08-08 | 수집일: 2026-10-06",N,"후기가 없는 중소기업이나 중견기업 인적성은 어떤 식으로 준비하나요?,후기 없는 중소 중견기업 인적성 어떻게 준비해?,후기 없는 중소 중견 인적성 어케 대비함?,중소 중견기업 인적성 후기 없음 대비,저는 후기가 하나도 없는 중소 중견기업 인적성을 앞두고 있는데 어떻게 준비할까요?,후기 없는 중소 중견기업 인적성 대비 방법 좀 알려주세요,중소 중견 인적성 대비,후기가 없는 중소 중견기업 채용 인적성 검사 준비는 어떻게 하나요?,후기 없는 중소 중견기업 인적성 준비 안 하고 가도 괜찮을까요?",후기가 없는 중소기업이나 중견기업 인적성은 어떤 식으로 준비하나요?,후기 없는 중소 중견기업 인적성 어떻게 준비해?,후기 없는 중소 중견 인적성 어케 대비함?,중소 중견기업 인적성 후기 없음 대비,저는 후기가 하나도 없는 중소 중견기업 인적성을 앞두고 있는데 어떻게 준비할까요?,후기 없는 중소 중견기업 인적성 대비 방법 좀 알려주세요,중소 중견 인적성 대비,후기가 없는 중소 중견기업 채용 인적성 검사 준비는 어떻게 하나요?,후기 없는 중소 중견기업 인적성 준비 안 하고 가도 괜찮을까요?
548,677,E-C05-015,면접·인적성,공통,다대다 인턴 면접에서 긴장하지 않고 잘하려면 어떻게 해야 하나요?,"모든 질문에 완벽하게 답하려 하기보다 준비한 핵심 메시지를 확실히 전달하고 오는 것을 목표로 하라는 조언이 많습니다. '나는 이런 사람이고, 이런 경험을 했고, 이런 사람이 되겠다'는 말은 꼭 하고 나오세요. 정말 모르는 질문은 솔직히 모른다고 하는 편이 낫고, 다대다 면접에서는 다른 지원자와 비교하며 조급해할 필요가 없다고 합니다.",에브리타임 취업·진로 게시판 크롤링,에브리타임 취업·진로 게시판 게시글(article_id=386890257),"https://everytime.kr/370494/v/386890257 (본문+댓글, 로그인 필요)","다대다 인턴 면접 팁 질문의 댓글 종합(핵심 메시지 전달, 모르면 솔직히)",2026-10-06,미검토,,중,"에브리타임 학교 커뮤니티 게시글·댓글 기반, 작성자·학교·실명·특정 업체 정보는 일반화하여 제거 | 원글 작성일: 2025-08-11 | 수집일: 2026-10-06",N,"다대다 인턴 면접에서 떨지 않고 잘 보려면 어떻게 해야 하나요?,다대다 인턴 면접 긴장 안 하고 잘하려면 어떻게 해?,다대다 인턴 면접관 앞에서 안 떨고 잘하는 법 머임?,다대다 인턴 면접 긴장 해소 방법,저는 다대다 인턴 면접이 처음이라 너무 긴장되는데 어떻게 하면 잘할 수 있을까요?,다대다 인턴 면접 긴장 줄이고 잘 보는 법 좀 알려줘,다대다 면접 긴장,인턴 채용 다대다 면접에서 다른 지원자 때문에 긴장될 때 어떻게 하나요?,다대다 인턴 면접에서 다른 지원자보다 말을 못 하면 불리할까요?",다대다 인턴 면접에서 떨지 않고 잘 보려면 어떻게 해야 하나요?,다대다 인턴 면접 긴장 안 하고 잘하려면 어떻게 해?,다대다 인턴 면접관 앞에서 안 떨고 잘하는 법 머임?,다대다 인턴 면접 긴장 해소 방법,저는 다대다 인턴 면접이 처음이라 너무 긴장되는데 어떻게 하면 잘할 수 있을까요?,다대다 인턴 면접 긴장 줄이고 잘 보는 법 좀 알려줘,다대다 면접 긴장,인턴 채용 다대다 면접에서 다른 지원자 때문에 긴장될 때 어떻게 하나요?,다대다 인턴 면접에서 다른 지원자보다 말을 못 하면 불리할까요?
549,678,E-C05-016,면접·인적성,금융·회계,공대생이 금융사(캐피탈 등) 실무진 면접을 볼 때 무엇을 준비해야 하나요?,"일반 직무로 지원했다면 공대생이 왜 금융업을 선택했는지에 대한 설명이 가장 중요하다는 의견이 있습니다. 금융업에 대한 관심과 이해, 그리고 전공에서 얻은 분석력 같은 역량이 금융 업무에 어떻게 쓰일지를 함께 준비하세요.",에브리타임 취업·진로 게시판 크롤링,에브리타임 취업·진로 게시판 게시글(article_id=389045198),"https://everytime.kr/370494/v/389045198 (본문+댓글, 로그인 필요)","공대생 캐피탈사 실무면접 준비 질문의 댓글(금융업 지원 동기, 관심도 어필)",2026-10-06,미검토,,중,"에브리타임 학교 커뮤니티 게시글·댓글 기반, 작성자·학교·실명·특정 업체 정보는 일반화하여 제거 | 원글 작성일: 2025-09-04 | 수집일: 2026-10-06",N,"공대생이 캐피탈 같은 금융사 실무진 면접을 볼 때 무엇을 대비해야 하나요?,공대생인데 캐피탈 같은 금융사 실무진 면접 뭐 준비해야 돼?,공대생 금융사 캐피탈 실무 면접 머 준비함?,공대생 금융사 캐피탈 실무진 면접 준비,저는 공대생인데 캐피탈 등 금융사 실무진 면접을 보게 됐어요 무엇을 준비해야 할까요?,공대생이 금융사 실무진 면접 준비할 내용 좀 정리해 주세요,공대생 금융사 면접,공대생이 금융사 캐피탈 실무진 면접 전형에서 주로 무엇을 보나요?,공대생이 금융사 캐피탈 실무진 면접을 보면 불리할까요?",공대생이 캐피탈 같은 금융사 실무진 면접을 볼 때 무엇을 대비해야 하나요?,공대생인데 캐피탈 같은 금융사 실무진 면접 뭐 준비해야 돼?,공대생 금융사 캐피탈 실무 면접 머 준비함?,공대생 금융사 캐피탈 실무진 면접 준비,저는 공대생인데 캐피탈 등 금융사 실무진 면접을 보게 됐어요 무엇을 준비해야 할까요?,공대생이 금융사 실무진 면접 준비할 내용 좀 정리해 주세요,공대생 금융사 면접,공대생이 금융사 캐피탈 실무진 면접 전형에서 주로 무엇을 보나요?,공대생이 금융사 캐피탈 실무진 면접을 보면 불리할까요?
550,679,E-C05-017,면접·인적성,IT·개발·데이터,공기업 전산직 PT 면접은 어떻게 진행되나요?,"기관마다 다르지만 주제를 주고 짧은 시간 안에 발표 자료를 만들게 한 뒤, 인성면접 자리에서 그 주제를 발표하고 질의응답으로 이어지는 방식이었다는 후기가 있습니다. 기관별 진행 방식은 블로그·유튜브 후기를 찾아 확인하고, 짧은 시간에 구조화된 발표 자료를 만드는 연습을 해 두세요.",에브리타임 취업·진로 게시판 크롤링,에브리타임 취업·진로 게시판 게시글(article_id=393273732),"https://everytime.kr/370494/v/393273732 (본문+댓글, 로그인 필요)",공기업 전산직 PT 면접 질문에 대한 재직자 댓글,2026-10-06,미검토,,중,"에브리타임 학교 커뮤니티 게시글·댓글 기반, 작성자·학교·실명·특정 업체 정보는 일반화하여 제거 | 원글 작성일: 2025-10-31 | 수집일: 2026-10-06",N,"공기업 전산직 PT 면접은 어떤 방식으로 이루어지나요?,공기업 전산직 PT 면접 어떻게 진행돼?,공기업 전산직 PT면접 진행 방식 머임?,공기업 전산직 PT 면접 진행 방식,저는 공기업 전산직 PT 면접을 앞두고 있는데 진행 과정이 어떤지 궁금해요,공기업 전산직 PT 면접 진행 과정 좀 알려주세요,전산직 PT 면접,공기업 전산직 채용 PT 발표 면접은 어떤 순서로 진행되나요?,공기업 전산직 PT 면접 처음인데 준비 없이 가도 괜찮을까요?",공기업 전산직 PT 면접은 어떤 방식으로 이루어지나요?,공기업 전산직 PT 면접 어떻게 진행돼?,공기업 전산직 PT면접 진행 방식 머임?,공기업 전산직 PT 면접 진행 방식,저는 공기업 전산직 PT 면접을 앞두고 있는데 진행 과정이 어떤지 궁금해요,공기업 전산직 PT 면접 진행 과정 좀 알려주세요,전산직 PT 면접,공기업 전산직 채용 PT 발표 면접은 어떤 순서로 진행되나요?,공기업 전산직 PT 면접 처음인데 준비 없이 가도 괜찮을까요?
551,680,E-C05-018,면접·인적성,금융·회계,공기업 NCS와 대기업 인적성은 따로 준비해야 하나요?,금융권 위주로 준비한다면 유형이 대체로 비슷해 크게 나눌 필요는 없다는 의견이 있습니다. 다만 GSAT는 그 시험에서만 통용되는 유형이 많아 응시하지 않는다면 따로 공부할 필요가 적다고 합니다. 금융공기업 논술을 준비한다면 손글씨 가독성을 높이는 필기체 교정이 의외로 큰 도움이 된다는 조언도 있습니다.,에브리타임 취업·진로 게시판 크롤링,에브리타임 취업·진로 게시판 게시글(article_id=393540750),"https://everytime.kr/370494/v/393540750 (본문+댓글, 로그인 필요)",NCS·인적성 병행 준비 질문에 대한 금융권 응시자 댓글,2026-10-06,미검토,,중,"에브리타임 학교 커뮤니티 게시글·댓글 기반, 작성자·학교·실명·특정 업체 정보는 일반화하여 제거 | 원글 작성일: 2025-11-05 | 수집일: 2026-10-06",N,"공기업 NCS와 대기업 인적성은 별도로 공부해야 하나요?,공기업 NCS랑 대기업 인적성 따로 준비해야 돼?,공기업 NCS 대기업 인적성 같이 준비해도 됨?,공기업 NCS 대기업 인적성 병행 준비,저는 공기업 NCS와 대기업 인적성을 둘 다 보려고 하는데 따로 공부해야 할까요?,공기업 NCS와 대기업 인적성 준비를 나눠야 하는지 알려주세요,NCS 인적성 따로,공기업 NCS 필기와 대기업 인적성 시험 대비를 한 번에 할 수 있나요?,공기업 NCS와 대기업 인적성을 한꺼번에 준비하면 불리할까요?",공기업 NCS와 대기업 인적성은 별도로 공부해야 하나요?,공기업 NCS랑 대기업 인적성 따로 준비해야 돼?,공기업 NCS 대기업 인적성 같이 준비해도 됨?,공기업 NCS 대기업 인적성 병행 준비,저는 공기업 NCS와 대기업 인적성을 둘 다 보려고 하는데 따로 공부해야 할까요?,공기업 NCS와 대기업 인적성 준비를 나눠야 하는지 알려주세요,NCS 인적성 따로,공기업 NCS 필기와 대기업 인적성 시험 대비를 한 번에 할 수 있나요?,공기업 NCS와 대기업 인적성을 한꺼번에 준비하면 불리할까요?
552,681,E-C05-019,면접·인적성,공통,면접에서 '어..' 하며 말이 정리되지 않는데 어떻게 고치나요?,"약간 머뭇거리는 것은 오히려 신중한 태도로 보일 수 있고, 너무 술술 외운 듯 말하는 것보다 나을 수 있다는 의견이 있습니다. 대신 답변은 두괄식으로 결론부터 말하고 근거를 구조화해 덧붙이는 습관을 들이세요. 면접 연습을 녹음해 다시 들어보는 것이 문제를 찾는 데 효과적입니다.",에브리타임 취업·진로 게시판 크롤링,에브리타임 취업·진로 게시판 게시글(article_id=395653448),"https://everytime.kr/370494/v/395653448 (본문+댓글, 로그인 필요)","면접 잘 보는 법 질문의 댓글(두괄식·구조화, 녹음 복기)",2026-10-06,미검토,,상,"에브리타임 학교 커뮤니티 게시글·댓글 기반, 작성자·학교·실명·특정 업체 정보는 일반화하여 제거 | 원글 작성일: 2025-12-08 | 수집일: 2026-10-06",N,"면접에서 어 하고 말을 더듬으며 정리가 안 되는데 어떻게 개선하나요?,면접 때 자꾸 어.. 하면서 말이 정리 안 되는데 어떻게 고쳐?,면접관 앞에서 어.. 하고 버벅이는 거 어케 고침?,면접 머뭇거림 말 정리 교정,저는 면접에서 어.. 소리를 자주 내고 말이 정리되지 않는데 어떻게 고칠 수 있을까요?,면접에서 말이 정리 안 되고 버벅일 때 고치는 방법 좀 알려주세요,면접 어.. 버벅임,채용 면접 답변 중 머뭇거리며 말이 정리되지 않는 습관은 어떻게 고치나요?,면접에서 어.. 하고 머뭇거리면 불리한가요?",면접에서 어 하고 말을 더듬으며 정리가 안 되는데 어떻게 개선하나요?,면접 때 자꾸 어.. 하면서 말이 정리 안 되는데 어떻게 고쳐?,면접관 앞에서 어.. 하고 버벅이는 거 어케 고침?,면접 머뭇거림 말 정리 교정,저는 면접에서 어.. 소리를 자주 내고 말이 정리되지 않는데 어떻게 고칠 수 있을까요?,면접에서 말이 정리 안 되고 버벅일 때 고치는 방법 좀 알려주세요,면접 어.. 버벅임,채용 면접 답변 중 머뭇거리며 말이 정리되지 않는 습관은 어떻게 고치나요?,면접에서 어.. 하고 머뭇거리면 불리한가요?
553,682,E-C05-020,면접·인적성,공통,유료 면접 컨설팅을 받는 것이 합격에 도움이 되나요?,"면접 경험이 거의 없는 초보에게는 도움이 되지만, 면접 경험이 많고 질문 의도를 파악해 답할 수 있는 수준이라면 비용 대비 효과가 크지 않다는 의견이 대부분입니다. 학교 취업진로센터가 공채 시즌에 무료 모의면접을 운영하는 경우가 많으니 먼저 활용해 보세요. 졸업생도 이용 가능한지는 학교별로 확인이 필요합니다.",에브리타임 취업·진로 게시판 크롤링,에브리타임 취업·진로 게시판 게시글(article_id=397301361),"https://everytime.kr/370494/v/397301361 (본문+댓글, 로그인 필요)","면접 컨설팅 후기 질문의 댓글 종합(초보만 추천, 학교 모의면접 활용)",2026-10-06,미검토,,중,"에브리타임 학교 커뮤니티 게시글·댓글 기반, 작성자·학교·실명·특정 업체 정보는 일반화하여 제거 | 원글 작성일: 2025-12-30 | 수집일: 2026-10-06",N,"돈을 내고 받는 면접 컨설팅이 합격하는 데 효과가 있나요?,유료 면접 컨설팅 받으면 합격에 도움 돼?,유료 면접 컨설팅 돈값 함?,유료 면접 컨설팅 효과,저는 유료 면접 컨설팅을 받을지 고민 중인데 실제로 합격에 도움이 될까요?,유료 면접 컨설팅이 도움이 되는지 알려주세요,면접 컨설팅 유료,취업 면접 대비로 유료 컨설팅을 받는 게 효과적인가요?,유료 면접 컨설팅 안 받으면 불리할까요?",돈을 내고 받는 면접 컨설팅이 합격하는 데 효과가 있나요?,유료 면접 컨설팅 받으면 합격에 도움 돼?,유료 면접 컨설팅 돈값 함?,유료 면접 컨설팅 효과,저는 유료 면접 컨설팅을 받을지 고민 중인데 실제로 합격에 도움이 될까요?,유료 면접 컨설팅이 도움이 되는지 알려주세요,면접 컨설팅 유료,취업 면접 대비로 유료 컨설팅을 받는 게 효과적인가요?,유료 면접 컨설팅 안 받으면 불리할까요?
554,683,E-C05-021,면접·인적성,금융·회계,국책은행 인턴 면접에서는 주로 무엇을 물어보나요?,"국책은행 인턴 경험자는 개인 질문이 대부분 자소서 안에서 나왔으므로 자소서 내용을 깊이 준비하라고 조언합니다. 필기보다 면접 경쟁률이 높아 면접이 더 큰 고비라는 의견도 있습니다. 진행 방식은 블로그 후기로 확인하고, 자소서의 모든 문장에 대해 추가 질문에 답할 수 있도록 준비하세요.",에브리타임 취업·진로 게시판 크롤링,에브리타임 취업·진로 게시판 게시글(article_id=406924839),"https://everytime.kr/370494/v/406924839 (본문+댓글, 로그인 필요)",국책은행 인턴·입행 관련 질문에 대한 인턴 경험자 댓글,2026-10-06,미검토,,중,"에브리타임 학교 커뮤니티 게시글·댓글 기반, 작성자·학교·실명·특정 업체 정보는 일반화하여 제거 | 원글 작성일: 2026-04-09 | 수집일: 2026-10-06",N,"국책은행 인턴 면접에서는 보통 어떤 질문이 나오나요?,국책은행 인턴 면접 주로 뭐 물어봐?,국책은행 인턴 면접 질문 머 나옴?,국책은행 인턴 면접 질문,저는 국책은행 인턴 면접을 앞두고 있는데 어떤 질문을 대비해야 할까요?,국책은행 인턴 면접 자주 나오는 질문 좀 알려주세요,국책은행 인턴 면접,국책은행 인턴 채용 면접 전형에서는 무엇을 중점적으로 물어보나요?,국책은행 인턴 면접 질문을 미리 대비 안 해도 괜찮을까요?",국책은행 인턴 면접에서는 보통 어떤 질문이 나오나요?,국책은행 인턴 면접 주로 뭐 물어봐?,국책은행 인턴 면접 질문 머 나옴?,국책은행 인턴 면접 질문,저는 국책은행 인턴 면접을 앞두고 있는데 어떤 질문을 대비해야 할까요?,국책은행 인턴 면접 자주 나오는 질문 좀 알려주세요,국책은행 인턴 면접,국책은행 인턴 채용 면접 전형에서는 무엇을 중점적으로 물어보나요?,국책은행 인턴 면접 질문을 미리 대비 안 해도 괜찮을까요?
555,684,E-C05-022,면접·인적성,연구·엔지니어링·제조기술,HMAT 적성검사는 어떤 유형이 나오고 어떻게 준비하나요?,"응시 후기에 따르면 HMAT는 GSAT와 비슷한 느낌의 문제가 출제되며, 언어(비문학)·자료해석·추리·공간지각(또는 도식추리)으로 구성되었다고 합니다. 계산기 없이 클리어파일에 끼운 종이에 보드마카로 풀이하는 방식이었고, 시중 HMAT 문제집과 유사한 유형이 나왔다는 후기가 있습니다. 적성은 다른 그룹 인적성보다 정답 개수를 덜 본다는 말도 있으니 인성검사까지 함께 대비하세요.",에브리타임 취업·진로 게시판 크롤링,에브리타임 취업·진로 게시판 게시글(article_id=408271264),"https://everytime.kr/370494/v/408271264 (본문+댓글, 로그인 필요)","HMAT 응시 후기 2건 종합(구성, 필기 방식, 교재)",2026-10-06,미검토,,상,"에브리타임 학교 커뮤니티 게시글·댓글 기반, 작성자·학교·실명·특정 업체 정보는 일반화하여 제거 | 원글 작성일: 2026-04-23 | 수집일: 2026-10-06",N,"HMAT 적성검사에는 어떤 문제 유형이 출제되고 대비는 어떻게 하나요?,HMAT 적성 어떤 유형 나오고 어떻게 준비해?,HMAT 인적성 유형이랑 준비법 머임?,HMAT 적성검사 출제 유형 준비,저는 이번에 HMAT 적성검사를 처음 보는데 어떤 유형이 나오고 어떻게 준비할까요?,HMAT 적성검사 유형과 대비 방법 좀 정리해 주세요,HMAT 유형,HMAT 채용 적성검사 시험은 어떤 영역으로 구성되나요?,HMAT 적성검사 문제집만 풀고 가도 괜찮을까요?",HMAT 적성검사에는 어떤 문제 유형이 출제되고 대비는 어떻게 하나요?,HMAT 적성 어떤 유형 나오고 어떻게 준비해?,HMAT 인적성 유형이랑 준비법 머임?,HMAT 적성검사 출제 유형 준비,저는 이번에 HMAT 적성검사를 처음 보는데 어떤 유형이 나오고 어떻게 준비할까요?,HMAT 적성검사 유형과 대비 방법 좀 정리해 주세요,HMAT 유형,HMAT 채용 적성검사 시험은 어떤 영역으로 구성되나요?,HMAT 적성검사 문제집만 풀고 가도 괜찮을까요?
556,685,E-C05-023,면접·인적성,연구·엔지니어링·제조기술,완성차 대기업 기계 직무 직무역량검사는 어느 수준으로 나오나요?,"기계 직무 응시 후기에 따르면 기사 시험 수준이 아니라 교재 연습문제 수준이며, 차량과 관련된 문제로 출제되었다고 합니다. 동역학, 자동제어, 힘과 가속도, 운동에너지·각운동에너지, 마찰력 같은 기본 역학 개념이 주로 나왔다고 합니다. 희망 직무와 관련된 전공 과목의 기본 개념을 차량 상황에 적용해 보는 방식으로 정리하세요.",에브리타임 취업·진로 게시판 크롤링,에브리타임 취업·진로 게시판 게시글(article_id=409527294),"https://everytime.kr/370494/v/409527294 (본문+댓글, 로그인 필요)",HMAT 후기 중 직무역량검사(기계) 파트,2026-10-06,미검토,,상,"에브리타임 학교 커뮤니티 게시글·댓글 기반, 작성자·학교·실명·특정 업체 정보는 일반화하여 제거 | 원글 작성일: 2026-05-09 | 수집일: 2026-10-06",N,"완성차 대기업 기계 직무의 직무역량검사는 난이도가 어느 정도인가요?,완성차 대기업 기계 직무 직무역량검사 어느 수준으로 나와?,완성차 대기업 기계 직무 직무역량검사 기사 시험급임?,완성차 대기업 기계 직무 직무역량검사 난이도,저는 완성차 대기업 기계 직무에 지원했는데 직무역량검사가 어느 수준인지 궁금해요,완성차 대기업 기계 직무 직무역량검사 수준과 출제 범위 좀 알려주세요,완성차 기계 직무역량검사,완성차 대기업 기계 직무 채용 직무역량검사는 어떤 전공 개념이 나오나요?,완성차 대기업 기계 직무 직무역량검사 기본 역학만 보고 가도 괜찮을까요?",완성차 대기업 기계 직무의 직무역량검사는 난이도가 어느 정도인가요?,완성차 대기업 기계 직무 직무역량검사 어느 수준으로 나와?,완성차 대기업 기계 직무 직무역량검사 기사 시험급임?,완성차 대기업 기계 직무 직무역량검사 난이도,저는 완성차 대기업 기계 직무에 지원했는데 직무역량검사가 어느 수준인지 궁금해요,완성차 대기업 기계 직무 직무역량검사 수준과 출제 범위 좀 알려주세요,완성차 기계 직무역량검사,완성차 대기업 기계 직무 채용 직무역량검사는 어떤 전공 개념이 나오나요?,완성차 대기업 기계 직무 직무역량검사 기본 역학만 보고 가도 괜찮을까요?
557,686,E-C05-024,면접·인적성,IT·개발·데이터,방산·임베디드 SW 직무 코딩테스트는 어떤 언어로 보는 게 좋나요?,"방산 기업 현직자에 따르면 일부 SW 팀은 실무에서 파이썬보다 C/C++를 주로 쓰기 때문에 C++로 응시해 주기를 바란다는 의견이 있었습니다. 다만 사업부 전체에서 특정 언어가 필수라면 채용 공고에 응시 언어 제한을 명시하는 경우가 많습니다. 지원 사업부의 실무 언어를 확인하고, 가능하면 C/C++로도 코테를 준비하세요.",에브리타임 취업·진로 게시판 크롤링,에브리타임 취업·진로 게시판 게시글(article_id=410518435),"https://everytime.kr/370494/v/410518435 (본문+댓글, 로그인 필요)",방산 기업 재직자의 코테 응시 언어 관련 글과 댓글,2026-10-06,미검토,,중,"에브리타임 학교 커뮤니티 게시글·댓글 기반, 작성자·학교·실명·특정 업체 정보는 일반화하여 제거 | 원글 작성일: 2026-05-22 | 수집일: 2026-10-06",N,"방산 임베디드 SW 직무 코딩테스트는 어떤 프로그래밍 언어로 응시하는 게 유리한가요?,방산 임베디드 SW 직무 코테 어떤 언어로 보는 게 좋아?,방산 임베디드 SW 코테 파이썬으로 봐도 됨?,방산 임베디드 SW 직무 코딩테스트 언어 선택,저는 방산 임베디드 SW 직무에 지원하는데 코딩테스트 언어를 뭘로 할지 고민이에요,방산 임베디드 SW 직무 코딩테스트 응시 언어 추천 좀 해주세요,방산 코테 언어,방산 임베디드 SW 직무 채용 코딩테스트에서는 C++ 사용이 더 유리한가요?,방산 임베디드 SW 직무 코딩테스트를 파이썬으로 보면 불리할까요?",방산 임베디드 SW 직무 코딩테스트는 어떤 프로그래밍 언어로 응시하는 게 유리한가요?,방산 임베디드 SW 직무 코테 어떤 언어로 보는 게 좋아?,방산 임베디드 SW 코테 파이썬으로 봐도 됨?,방산 임베디드 SW 직무 코딩테스트 언어 선택,저는 방산 임베디드 SW 직무에 지원하는데 코딩테스트 언어를 뭘로 할지 고민이에요,방산 임베디드 SW 직무 코딩테스트 응시 언어 추천 좀 해주세요,방산 코테 언어,방산 임베디드 SW 직무 채용 코딩테스트에서는 C++ 사용이 더 유리한가요?,방산 임베디드 SW 직무 코딩테스트를 파이썬으로 보면 불리할까요?
558,687,E-C05-025,면접·인적성,공통,면접관이 마지막에 '말을 줄이라'고 피드백해 주면 불합격 신호인가요?,댓글 의견은 엇갈리지만 대체로 내용은 괜찮았는데 말이 장황해 아쉬워서 해 준 조언일 가능성이 높다고 봅니다. 실제로 이런 피드백을 받고 최종 합격했다는 사례도 있어 합불 신호로 단정할 수는 없습니다. 다음 면접부터는 답변을 20% 정도 줄여 요약하고 결론부터 말하는 연습을 하세요.,에브리타임 취업·진로 게시판 크롤링,에브리타임 취업·진로 게시판 게시글(article_id=413327230),"https://everytime.kr/370494/v/413327230 (본문+댓글, 로그인 필요)","면접 마지막 피드백 의미 질문과 댓글(장황함 지적, 최종합 사례)",2026-10-06,미검토,,중,"에브리타임 학교 커뮤니티 게시글·댓글 기반, 작성자·학교·실명·특정 업체 정보는 일반화하여 제거 | 원글 작성일: 2026-06-25 | 수집일: 2026-10-06",N,"면접관이 끝에 말을 좀 줄이라고 조언했다면 떨어졌다는 뜻인가요?,면접 끝에 면접관이 말 줄이라고 피드백 줬는데 떨어진 거야?,면접관이 마지막에 말 줄이라고 하면 불합 신호임?,면접관 말 줄이라는 피드백 불합격 신호,저는 면접 마지막에 면접관에게 말을 줄이라는 피드백을 받았는데 떨어진 걸까요?,면접관이 말 줄이라는 피드백을 준 의미 좀 알려주세요,말 줄이라는 피드백,채용 면접 끝에 면접관이 말을 줄이라고 조언하면 탈락으로 봐야 하나요?,면접관이 마지막에 말을 줄이라고 했는데 불합격일까 봐 걱정돼요 괜찮을까요?",면접관이 끝에 말을 좀 줄이라고 조언했다면 떨어졌다는 뜻인가요?,면접 끝에 면접관이 말 줄이라고 피드백 줬는데 떨어진 거야?,면접관이 마지막에 말 줄이라고 하면 불합 신호임?,면접관 말 줄이라는 피드백 불합격 신호,저는 면접 마지막에 면접관에게 말을 줄이라는 피드백을 받았는데 떨어진 걸까요?,면접관이 말 줄이라는 피드백을 준 의미 좀 알려주세요,말 줄이라는 피드백,채용 면접 끝에 면접관이 말을 줄이라고 조언하면 탈락으로 봐야 하나요?,면접관이 마지막에 말을 줄이라고 했는데 불합격일까 봐 걱정돼요 괜찮을까요?
559,688,E-C05-026,면접·인적성,공통,서류·인적성·면접에서 계속 떨어져 자신감이 없어요. 어떻게 극복하나요?,"면접 일정이 잡힐 때마다 학교 취업진로센터의 모의면접·컨설팅을 신청해 연습한 것이 큰 도움이 되었다는 경험담이 있습니다. 마음을 내려놓으면 오히려 수월해진다는 조언도 많습니다. 탈락이 반복되면 단계별 원인을 나눠 점검하고, 무료 교내 프로그램을 적극 활용하세요.",에브리타임 취업·진로 게시판 크롤링,에브리타임 취업·진로 게시판 게시글(article_id=414664877),"https://everytime.kr/370494/v/414664877 (본문+댓글, 로그인 필요)",연속 탈락 고민 글의 댓글(교내 모의면접 활용),2026-10-06,미검토,,중,"에브리타임 학교 커뮤니티 게시글·댓글 기반, 작성자·학교·실명·특정 업체 정보는 일반화하여 제거 | 원글 작성일: 2026-07-21 | 수집일: 2026-10-06",N,"서류와 인적성 면접에서 줄줄이 탈락해 자신감을 잃었는데 어떻게 이겨내나요?,서류 인적성 면접 다 계속 떨어져서 자신감이 없어 어떻게 극복해?,서탈에 인적성 면접까지 광탈해서 멘탈 나갔는데 어케 극복함?,서류 인적성 면접 연속 탈락 자신감 회복,저는 서류 인적성 면접에서 모두 떨어지고 있어 자신감이 바닥인데 어떻게 버텨야 할까요?,서류 인적성 면접 계속 떨어질 때 자신감 회복하는 방법 좀 알려주세요,계속 탈락 자신감,취업 전형 중 서류 인적성 면접에서 반복 탈락할 때 어떻게 극복하나요?,서류 인적성 면접에서 계속 떨어지는데 이대로 취업 못 할까 봐 걱정돼요 괜찮을까요?",서류와 인적성 면접에서 줄줄이 탈락해 자신감을 잃었는데 어떻게 이겨내나요?,서류 인적성 면접 다 계속 떨어져서 자신감이 없어 어떻게 극복해?,서탈에 인적성 면접까지 광탈해서 멘탈 나갔는데 어케 극복함?,서류 인적성 면접 연속 탈락 자신감 회복,저는 서류 인적성 면접에서 모두 떨어지고 있어 자신감이 바닥인데 어떻게 버텨야 할까요?,서류 인적성 면접 계속 떨어질 때 자신감 회복하는 방법 좀 알려주세요,계속 탈락 자신감,취업 전형 중 서류 인적성 면접에서 반복 탈락할 때 어떻게 극복하나요?,서류 인적성 면접에서 계속 떨어지는데 이대로 취업 못 할까 봐 걱정돼요 괜찮을까요?
560,689,E-C05-027,면접·인적성,IT·개발·데이터,신입 1차 직무면접에서도 기술 질문을 많이 하나요?,"회사마다 다르다는 의견이 많습니다. 직무 면접이라도 기술 질문보다 자소서에 적은 활동이나 인성 질문 비중이 컸다는 경험이 있는 반면, 개발 직무는 1차부터 기술 기본기를 깊게 묻는 경우가 늘고 있다는 의견도 있습니다. 자소서의 모든 활동을 깊이 있게 설명할 준비를 하고, 개발 직무라면 CS 기본기도 함께 준비하세요.",에브리타임 취업·진로 게시판 크롤링,에브리타임 취업·진로 게시판 게시글(article_id=415294301),"https://everytime.kr/370494/v/415294301 (본문+댓글, 로그인 필요)",신입 직무면접 성격에 대한 질문과 댓글,2026-10-06,미검토,,중,"에브리타임 학교 커뮤니티 게시글·댓글 기반, 작성자·학교·실명·특정 업체 정보는 일반화하여 제거 | 원글 작성일: 2026-08-04 | 수집일: 2026-10-06",N,"신입 1차 직무면접에서도 기술적인 질문 비중이 높은가요?,신입 1차 직무면접에서도 기술 질문 많이 해?,신입 1차 직무면접 기술 질문 많이 나옴?,신입 1차 직무면접 기술 질문 비중,저는 신입으로 1차 직무면접을 앞두고 있는데 기술 질문이 많이 나올까요?,신입 1차 직무면접에서 기술 질문이 얼마나 나오는지 알려주세요,1차 직무면접 기술 질문,신입 채용 1차 직무면접 전형에서 기술 질문과 인성 질문 중 무엇이 많나요?,신입 1차 직무면접에서 기술 질문에 답 못 하면 불리할까요?",신입 1차 직무면접에서도 기술적인 질문 비중이 높은가요?,신입 1차 직무면접에서도 기술 질문 많이 해?,신입 1차 직무면접 기술 질문 많이 나옴?,신입 1차 직무면접 기술 질문 비중,저는 신입으로 1차 직무면접을 앞두고 있는데 기술 질문이 많이 나올까요?,신입 1차 직무면접에서 기술 질문이 얼마나 나오는지 알려주세요,1차 직무면접 기술 질문,신입 채용 1차 직무면접 전형에서 기술 질문과 인성 질문 중 무엇이 많나요?,신입 1차 직무면접에서 기술 질문에 답 못 하면 불리할까요?
561,690,E-C05-028,면접·인적성,IT·개발·데이터,면접 경험을 쌓기 위해 크게 관심 없는 회사 면접도 가야 하나요?,"면접 경험이 부족하다면 도움이 되지만, 이동 거리가 멀어 하루를 통째로 써야 하거나 연차를 써야 한다면 굳이 가지 말고 다른 곳에 더 지원하라는 의견도 있습니다. 현 직장의 배려 여부와 이동 시간을 따져 판단하세요.",에브리타임 취업·진로 게시판 크롤링,에브리타임 취업·진로 게시판 게시글(article_id=416478979),"https://everytime.kr/370494/v/416478979 (본문+댓글, 로그인 필요)",인턴 중 다른 인턴 면접 참석 고민 글의 댓글,2026-10-06,미검토,,하,"에브리타임 학교 커뮤니티 게시글·댓글 기반, 작성자·학교·실명·특정 업체 정보는 일반화하여 제거 | 원글 작성일: 2026-08-23 | 수집일: 2026-10-06",N,"면접 경험을 늘리려고 별로 가고 싶지 않은 회사 면접에도 참석해야 할까요?,면접 경험 쌓으려고 관심 없는 회사 면접도 가야 돼?,면접 연습용으로 관심 없는 회사 면접 가는 거 의미 있음?,관심 없는 회사 면접 경험 쌓기,저는 면접 경험이 부족한데 관심 없는 회사에서 면접 제안이 왔어요 가는 게 나을까요?,관심 없는 회사 면접도 경험 삼아 갈지 판단 기준 좀 알려주세요,관심 없는 회사 면접,면접 경험 목적으로 지원 의사가 약한 회사 면접 전형에 가도 되나요?,관심 없는 회사 면접을 경험 삼아 보러 가도 괜찮을까요?",면접 경험을 늘리려고 별로 가고 싶지 않은 회사 면접에도 참석해야 할까요?,면접 경험 쌓으려고 관심 없는 회사 면접도 가야 돼?,면접 연습용으로 관심 없는 회사 면접 가는 거 의미 있음?,관심 없는 회사 면접 경험 쌓기,저는 면접 경험이 부족한데 관심 없는 회사에서 면접 제안이 왔어요 가는 게 나을까요?,관심 없는 회사 면접도 경험 삼아 갈지 판단 기준 좀 알려주세요,관심 없는 회사 면접,면접 경험 목적으로 지원 의사가 약한 회사 면접 전형에 가도 되나요?,관심 없는 회사 면접을 경험 삼아 보러 가도 괜찮을까요?
562,691,E-C05-029,면접·인적성,공통,면접 공포증이 심한데 어떻게 극복하나요?,면접 스터디 등으로 실전에 가까운 경험을 자주 쌓으면 점점 덜 긴장하게 된다는 의견이 가장 많습니다. 반복해서 면접을 보다 보면 긴장이 크게 줄었다는 경험담도 있습니다. 증상이 지나치게 심하다면 의료 전문가와 상담하는 것도 방법입니다.,에브리타임 취업·진로 게시판 크롤링,에브리타임 취업·진로 게시판 게시글(article_id=417796004),"https://everytime.kr/370494/v/417796004 (본문+댓글, 로그인 필요)","면접 공포증 극복 질문의 댓글(면접 스터디, 반복 경험)",2026-10-06,미검토,,중,"에브리타임 학교 커뮤니티 게시글·댓글 기반, 작성자·학교·실명·특정 업체 정보는 일반화하여 제거 | 원글 작성일: 2026-09-09 | 수집일: 2026-10-06",N,"면접에 대한 두려움이 너무 큰데 어떻게 이겨낼 수 있나요?,면접 공포증 심한데 어떻게 극복해?,면접 울렁증 심한데 어케 극복함?,면접 공포증 극복 방법,저는 면접만 생각하면 손이 떨릴 정도로 공포증이 심한데 어떻게 극복할까요?,면접 공포증 극복하는 방법 좀 알려주세요,면접 공포증,취업 면접 자리에 대한 공포증은 어떻게 극복하나요?,면접 공포증이 이렇게 심해도 괜찮을까요?",면접에 대한 두려움이 너무 큰데 어떻게 이겨낼 수 있나요?,면접 공포증 심한데 어떻게 극복해?,면접 울렁증 심한데 어케 극복함?,면접 공포증 극복 방법,저는 면접만 생각하면 손이 떨릴 정도로 공포증이 심한데 어떻게 극복할까요?,면접 공포증 극복하는 방법 좀 알려주세요,면접 공포증,취업 면접 자리에 대한 공포증은 어떻게 극복하나요?,면접 공포증이 이렇게 심해도 괜찮을까요?
563,692,E-C05-030,면접·인적성,금융·회계,은행 필기시험은 처음인데 어떻게 공부해야 하나요?,"은행 필기는 은행마다 NCS형 문항, 금융·경제 상식, 디지털 상식 등 구성이 달라 먼저 해당 은행의 최근 출제 영역을 확인해야 합니다. 지원자들 사이에서는 기출 후기를 모아 영역별로 준비하고, 같은 은행을 준비하는 사람들과 정보를 공유하는 경우가 많습니다.",에브리타임 취업·진로 게시판 크롤링,에브리타임 취업·진로 게시판 게시글(article_id=418831482),"https://everytime.kr/370494/v/418831482 (본문+댓글, 로그인 필요)",은행 필기시험 준비 질문 글(일반화),2026-10-06,미검토,,중,"에브리타임 학교 커뮤니티 게시글·댓글 기반, 작성자·학교·실명·특정 업체 정보는 일반화하여 제거 | 원글 작성일: 2026-09-28 | 수집일: 2026-10-06",N,"은행 필기시험을 처음 치르는데 어떤 방법으로 공부하면 되나요?,은행 필기 처음인데 어떻게 공부해?,은행 필기 처음인데 공부 어케 시작함?,은행 필기시험 첫 준비 공부법,저는 은행 필기시험을 이번에 처음 보는데 어떻게 준비해야 할까요?,은행 필기시험 처음 준비하는 방법 좀 알려주세요,은행 필기 처음,은행 채용 필기시험 전형은 처음인데 무엇부터 준비하나요?,은행 필기시험 처음인데 혼자 준비해도 괜찮을까요?",은행 필기시험을 처음 치르는데 어떤 방법으로 공부하면 되나요?,은행 필기 처음인데 어떻게 공부해?,은행 필기 처음인데 공부 어케 시작함?,은행 필기시험 첫 준비 공부법,저는 은행 필기시험을 이번에 처음 보는데 어떻게 준비해야 할까요?,은행 필기시험 처음 준비하는 방법 좀 알려주세요,은행 필기 처음,은행 채용 필기시험 전형은 처음인데 무엇부터 준비하나요?,은행 필기시험 처음인데 혼자 준비해도 괜찮을까요?
564,693,E-C05-031,면접·인적성,공통,AI 역량검사(역검)를 대충 봐도 합격하나요?,"게임 과제와 영상면접을 별다른 준비 없이 보고도 서류에 합격했다는 경험담이 많습니다. 역검보다 서류와 스펙이 훨씬 중요하게 반영되는 경우가 많다는 의견이 있지만, 기업마다 반영 방식이 다르므로 기본적인 게임 유형 숙지와 답변 시간 관리는 해 두세요.",에브리타임 취업·진로 게시판 크롤링,에브리타임 취업·진로 게시판 게시글(article_id=418888957),"https://everytime.kr/370494/v/418888957 (본문+댓글, 로그인 필요)",역량검사 변별력 관련 글과 댓글,2026-10-06,미검토,,하,"에브리타임 학교 커뮤니티 게시글·댓글 기반, 작성자·학교·실명·특정 업체 정보는 일반화하여 제거 | 원글 작성일: 2026-09-29 | 수집일: 2026-10-06",N,"AI 역량검사를 성의 없이 봐도 통과할 수 있나요?,AI 역량검사 대충 봐도 붙어?,역검 대충 해도 서합 가능함?,AI 역량검사 대충 응시 합격 여부,저는 AI 역량검사를 준비 없이 보려고 하는데 그래도 합격할 수 있을까요?,AI 역량검사 얼마나 신경 써야 하는지 알려주세요,역검 대충,채용 전형 AI 역량검사는 결과가 합격에 얼마나 반영되나요?,AI 역량검사를 대충 보면 불리할까요?",AI 역량검사를 성의 없이 봐도 통과할 수 있나요?,AI 역량검사 대충 봐도 붙어?,역검 대충 해도 서합 가능함?,AI 역량검사 대충 응시 합격 여부,저는 AI 역량검사를 준비 없이 보려고 하는데 그래도 합격할 수 있을까요?,AI 역량검사 얼마나 신경 써야 하는지 알려주세요,역검 대충,채용 전형 AI 역량검사는 결과가 합격에 얼마나 반영되나요?,AI 역량검사를 대충 보면 불리할까요?
565,694,E-C05-032,면접·인적성,연구·엔지니어링·제조기술,LG 계열사 AI 면접에서는 전공 질문이 나오나요?,"LG 계열사 현직자에 따르면 AI 면접으로 합불을 가르는 경우 기본적인 전공 지식은 공부해야 하지만, 깊게 묻지는 않을 것이라고 합니다. 예를 들어 반도체라면 8대 공정을 설명해 보라는 수준입니다. 학부 기초 수준의 핵심 개념을 짧게 설명하는 연습을 하세요.",에브리타임 취업·진로 게시판 크롤링,에브리타임 취업·진로 게시판 게시글(article_id=418944309),"https://everytime.kr/370494/v/418944309 (본문+댓글, 로그인 필요)",LG 계열사 인적성·AI면접 질문에 대한 현직자 답글,2026-10-06,미검토,,중,"에브리타임 학교 커뮤니티 게시글·댓글 기반, 작성자·학교·실명·특정 업체 정보는 일반화하여 제거 | 원글 작성일: 2026-09-30 | 수집일: 2026-10-06",N,"LG 계열사 AI 면접에서 전공 관련 질문도 출제되나요?,LG 계열사 AI 면접 전공 질문 나와?,LG AI 면접 전공 질문 나옴?,LG 계열사 AI 면접 전공 질문,저는 LG 계열사 AI 면접을 앞두고 있는데 전공 질문도 대비해야 할까요?,LG 계열사 AI 면접 전공 질문 수준 좀 알려주세요,LG AI 면접 전공,LG 계열사 채용 AI 면접 전형에서 전공 지식을 얼마나 묻나요?,LG 계열사 AI 면접 전공 공부 안 하고 가도 괜찮을까요?",LG 계열사 AI 면접에서 전공 관련 질문도 출제되나요?,LG 계열사 AI 면접 전공 질문 나와?,LG AI 면접 전공 질문 나옴?,LG 계열사 AI 면접 전공 질문,저는 LG 계열사 AI 면접을 앞두고 있는데 전공 질문도 대비해야 할까요?,LG 계열사 AI 면접 전공 질문 수준 좀 알려주세요,LG AI 면접 전공,LG 계열사 채용 AI 면접 전형에서 전공 지식을 얼마나 묻나요?,LG 계열사 AI 면접 전공 공부 안 하고 가도 괜찮을까요?
566,695,E-C05-033,면접·인적성,공통,이전에 합격한 LG 인적성 점수를 재활용해도 될까요?,일부 계열사는 인적성 결과를 1년간 유효하게 인정해 재응시 대신 기존 점수를 쓸 수 있다는 의견이 있습니다. 이전 점수가 합격선 근처였다면 재응시와 재활용 중 무엇이 유리한지 지원 시 안내를 확인하고 판단하세요.,에브리타임 취업·진로 게시판 크롤링,에브리타임 취업·진로 게시판 게시글(article_id=418995309),"https://everytime.kr/370494/v/418995309 (본문+댓글, 로그인 필요)",LG 인적성 점수 재활용 질문의 댓글,2026-10-06,미검토,,하,"에브리타임 학교 커뮤니티 게시글·댓글 기반, 작성자·학교·실명·특정 업체 정보는 일반화하여 제거 | 원글 작성일: 2026-10-01 | 수집일: 2026-10-06",N,"예전에 합격했던 LG 인적성 결과를 다시 사용할 수 있나요?,전에 붙은 LG 인적성 점수 재활용해도 돼?,전에 합한 LG 인적성 점수 재사용 가능함?,LG 인적성 점수 재활용,저는 예전에 LG 인적성에 합격했는데 그 점수를 이번에 다시 써도 될까요?,LG 인적성 기존 점수 재활용 가능 여부 좀 알려주세요,LG 인적성 재활용,LG 계열사 재지원 시 이전 인적성 합격 점수를 인정받을 수 있나요?,LG 인적성 이전 점수를 재활용하면 불리할까요?",예전에 합격했던 LG 인적성 결과를 다시 사용할 수 있나요?,전에 붙은 LG 인적성 점수 재활용해도 돼?,전에 합한 LG 인적성 점수 재사용 가능함?,LG 인적성 점수 재활용,저는 예전에 LG 인적성에 합격했는데 그 점수를 이번에 다시 써도 될까요?,LG 인적성 기존 점수 재활용 가능 여부 좀 알려주세요,LG 인적성 재활용,LG 계열사 재지원 시 이전 인적성 합격 점수를 인정받을 수 있나요?,LG 인적성 이전 점수를 재활용하면 불리할까요?
567,696,E-C05-034,면접·인적성,연구·엔지니어링·제조기술,완성차 대기업 전기전자 직무 직무역량검사는 어떤 과목을 준비해야 하나요?,"전기전자 지원자들은 전기회로, 전력전자, 전자회로를 중심으로 복습하는 경우가 많습니다. 재직자에 따르면 해당 검사는 일부 직무에서 새로 생긴 것으로, 공지상 합불 평가에는 반영되지 않고 직무 배치용으로만 활용된다고 명시된 경우가 있다고 합니다. 공지의 반영 여부를 먼저 확인하고 준비 비중을 정하세요.",에브리타임 취업·진로 게시판 크롤링,에브리타임 취업·진로 게시판 게시글(article_id=419105616),"https://everytime.kr/370494/v/419105616 (본문+댓글, 로그인 필요)",전전 출신 직무역량검사 질문에 대한 재직자·지원자 댓글,2026-10-06,미검토,,중,"에브리타임 학교 커뮤니티 게시글·댓글 기반, 작성자·학교·실명·특정 업체 정보는 일반화하여 제거 | 원글 작성일: 2026-10-03 | 수집일: 2026-10-06",N,"완성차 대기업 전기전자 직무역량검사 대비로 어떤 전공 과목을 공부하면 될까요?,완성차 대기업 전기전자 직무 직무역량검사 무슨 과목 준비해?,완성차 대기업 전기전자 직무역량검사 과목 머 봐야 함?,완성차 대기업 전기전자 직무역량검사 준비 과목,저는 완성차 대기업 전기전자 직무에 지원했는데 직무역량검사 과목을 뭘로 준비할까요?,완성차 대기업 전기전자 직무역량검사 준비 과목 좀 알려주세요,완성차 전기전자 직무역량검사,완성차 대기업 전기전자 직무 채용 직무역량검사에는 어떤 전공이 나오나요?,완성차 대기업 전기전자 직무역량검사 안 준비하면 불리할까요?",완성차 대기업 전기전자 직무역량검사 대비로 어떤 전공 과목을 공부하면 될까요?,완성차 대기업 전기전자 직무 직무역량검사 무슨 과목 준비해?,완성차 대기업 전기전자 직무역량검사 과목 머 봐야 함?,완성차 대기업 전기전자 직무역량검사 준비 과목,저는 완성차 대기업 전기전자 직무에 지원했는데 직무역량검사 과목을 뭘로 준비할까요?,완성차 대기업 전기전자 직무역량검사 준비 과목 좀 알려주세요,완성차 전기전자 직무역량검사,완성차 대기업 전기전자 직무 채용 직무역량검사에는 어떤 전공이 나오나요?,완성차 대기업 전기전자 직무역량검사 안 준비하면 불리할까요?
568,697,E-C06-001,역량개발·준비계획,공통,토익 690점에서 850점 이상으로 단기간에 올리려면 어떻게 공부하나요?,매일 실전처럼 모의고사를 풀고 오답을 분석해 어느 파트·유형에서 감점되는지 확인한 뒤 그 부분을 집중 공략하라는 조언이 많습니다. 단어도 모의고사나 기출에서 모르는 단어 위주로 외우는 것이 효과적이라고 합니다. 유형별 풀이 팁은 무료 유튜브 강의로도 충분히 익힐 수 있습니다.,에브리타임 취업·진로 게시판 크롤링,에브리타임 취업·진로 게시판 게시글(article_id=373234488),"https://everytime.kr/370494/v/373234488 (본문+댓글, 로그인 필요)","토익 단기 점수 향상 질문의 댓글 종합(모의고사+오답, 파트별 공략)",2026-10-06,미검토,,중,"에브리타임 학교 커뮤니티 게시글·댓글 기반, 작성자·학교·실명·특정 업체 정보는 일반화하여 제거 | 원글 작성일: 2025-03-12 | 수집일: 2026-10-06",N,"토익 690점을 짧은 기간 안에 850점 넘게 끌어올리려면 어떻게 공부해야 하나요?,토익 690에서 850 이상 빨리 올리려면 어떻게 공부해?,토익 690에서 850 단기간에 올리는 법 어케 함?,토익 690 850 단기 점수 상승 공부법,저는 토익이 690점인데 단기간에 850점 이상 만들려면 어떻게 공부할까요?,토익 690점에서 850점 이상 단기간에 올리는 공부법 좀 알려주세요,토익 690 850,취업용 어학 점수로 토익 690점을 850점 이상으로 빠르게 올리는 방법이 궁금해요,토익 690점인데 단기간에 850점 이상은 무리일까요?",토익 690점을 짧은 기간 안에 850점 넘게 끌어올리려면 어떻게 공부해야 하나요?,토익 690에서 850 이상 빨리 올리려면 어떻게 공부해?,토익 690에서 850 단기간에 올리는 법 어케 함?,토익 690 850 단기 점수 상승 공부법,저는 토익이 690점인데 단기간에 850점 이상 만들려면 어떻게 공부할까요?,토익 690점에서 850점 이상 단기간에 올리는 공부법 좀 알려주세요,토익 690 850,취업용 어학 점수로 토익 690점을 850점 이상으로 빠르게 올리는 방법이 궁금해요,토익 690점인데 단기간에 850점 이상은 무리일까요?
569,698,E-C06-002,역량개발·준비계획,공통,오픽을 며칠 만에 준비해야 하는데 IH를 받을 수 있을까요?,단기 준비로도 IH를 받았다는 후기가 많습니다. 하루 정도 유튜브 무료 강의로 문제 유형과 답변 틀을 익힌 뒤 모의고사를 반복하라는 조언이 있습니다. 외운 티를 내기보다 필러 표현을 자연스럽게 섞고 원어민이 자주 쓰는 표현 몇 개를 활용해 대화하듯 말하는 것이 도움이 되었다고 합니다.,에브리타임 취업·진로 게시판 크롤링,에브리타임 취업·진로 게시판 게시글(article_id=388164727),"https://everytime.kr/370494/v/388164727 (본문+댓글, 로그인 필요)","오픽 4일 준비 질문의 댓글 종합(유형 강의+모의고사, 자연스러운 필러 사용)",2026-10-06,미검토,,중,"에브리타임 학교 커뮤니티 게시글·댓글 기반, 작성자·학교·실명·특정 업체 정보는 일반화하여 제거 | 원글 작성일: 2025-08-27 | 수집일: 2026-10-06",N,"오픽을 단 며칠 동안 준비해서 IH 등급을 받을 수 있을까요?,오픽 며칠 만에 준비해서 IH 받을 수 있어?,오픽 벼락치기로 IH 가능함?,오픽 단기 준비 IH,저는 오픽 시험까지 며칠밖에 안 남았는데 IH를 받을 수 있을까요?,오픽 며칠 만에 IH 받는 준비 방법 좀 알려주세요,오픽 며칠 IH,취업용 어학 성적으로 오픽 IH를 며칠 준비로 받을 수 있나요?,오픽 며칠만 준비하고 시험 봐도 IH 괜찮을까요?",오픽을 단 며칠 동안 준비해서 IH 등급을 받을 수 있을까요?,오픽 며칠 만에 준비해서 IH 받을 수 있어?,오픽 벼락치기로 IH 가능함?,오픽 단기 준비 IH,저는 오픽 시험까지 며칠밖에 안 남았는데 IH를 받을 수 있을까요?,오픽 며칠 만에 IH 받는 준비 방법 좀 알려주세요,오픽 며칠 IH,취업용 어학 성적으로 오픽 IH를 며칠 준비로 받을 수 있나요?,오픽 며칠만 준비하고 시험 봐도 IH 괜찮을까요?
570,699,E-C06-003,역량개발·준비계획,금융·회계,금융공기업 경영직렬 필기는 어떤 순서로 공부해야 하나요?,"금융공기업 준비생들은 NCS는 초반에 감각을 빠르게 올린 뒤 점수가 정체되면 하루 한 세트로 감각만 유지하고, 전공에 공부 시간의 80% 이상을 쓰라고 조언합니다. 전공은 경영학·재무관리·회계 등 과목별 강의를 고르고, 경제학까지 함께 준비하면 지원 가능한 기관 폭이 넓어진다고 합니다.",에브리타임 취업·진로 게시판 크롤링,에브리타임 취업·진로 게시판 게시글(article_id=398352284),"https://everytime.kr/370494/v/398352284 (본문+댓글, 로그인 필요)","금공 경영직렬 준비 질문의 댓글(NCS 감각 유지, 전공 80%, 경제 병행)",2026-10-06,미검토,,상,"에브리타임 학교 커뮤니티 게시글·댓글 기반, 작성자·학교·실명·특정 업체 정보는 일반화하여 제거 | 원글 작성일: 2026-01-18 | 수집일: 2026-10-06",N,"금융공기업 경영직렬 필기시험은 어떤 순서로 준비하면 좋나요?,금융공기업 경영직렬 필기 뭐부터 공부해?,금공 경영직렬 필기 공부 순서 어케 잡음?,금융공기업 경영직렬 필기 공부 순서,저는 금융공기업 경영직렬을 준비하는데 필기 공부 순서를 어떻게 잡을까요?,금융공기업 경영직렬 필기 공부 순서 좀 정리해 주세요,금공 경영 필기 순서,금융공기업 경영직렬 채용 필기시험에서 NCS와 전공 중 무엇부터 준비하나요?,금융공기업 경영직렬 필기 NCS만 먼저 하면 불리할까요?",금융공기업 경영직렬 필기시험은 어떤 순서로 준비하면 좋나요?,금융공기업 경영직렬 필기 뭐부터 공부해?,금공 경영직렬 필기 공부 순서 어케 잡음?,금융공기업 경영직렬 필기 공부 순서,저는 금융공기업 경영직렬을 준비하는데 필기 공부 순서를 어떻게 잡을까요?,금융공기업 경영직렬 필기 공부 순서 좀 정리해 주세요,금공 경영 필기 순서,금융공기업 경영직렬 채용 필기시험에서 NCS와 전공 중 무엇부터 준비하나요?,금융공기업 경영직렬 필기 NCS만 먼저 하면 불리할까요?
571,700,E-C06-004,역량개발·준비계획,연구·엔지니어링·제조기술,학기 중에 할 수 있는 반도체 관련 활동에는 무엇이 있나요?,"대기업 2년 차 현직자는 학부 시절 유의미한 반도체 활동으로 학부연구생과 공정실습 외에는 크게 떠오르지 않는다고 말합니다. 학기 중에는 학부연구생 활동을 우선 검토하고, 공정실습·연구원 인턴은 방학을 활용하세요. 그 외 직무 멘토링 서비스나 온라인 부트캠프도 보완 수단이 됩니다.",에브리타임 취업·진로 게시판 크롤링,에브리타임 취업·진로 게시판 게시글(article_id=402305354),"https://everytime.kr/370494/v/402305354 (본문+댓글, 로그인 필요)",학기 중 반도체 활동 질문에 대한 현직자 댓글,2026-10-06,미검토,,중,"에브리타임 학교 커뮤니티 게시글·댓글 기반, 작성자·학교·실명·특정 업체 정보는 일반화하여 제거 | 원글 작성일: 2026-03-01 | 수집일: 2026-10-06",N,"학기를 다니면서 병행할 수 있는 반도체 관련 활동으로는 무엇이 있나요?,학기 중에 할 만한 반도체 활동 뭐 있어?,학기 중 반도체 대외활이나 스펙 머 있음?,학기 중 반도체 관련 활동 추천,저는 학교 다니는 중인데 학기 중에 할 수 있는 반도체 관련 활동이 궁금해요,학기 중에 할 수 있는 반도체 활동 좀 알려주세요,반도체 학기 중 경험,반도체 직무 취업 준비로 학기 중에 쌓을 수 있는 경험에는 무엇이 있나요?,학기 중에 반도체 관련 활동을 못 하면 불리할까요?",학기를 다니면서 병행할 수 있는 반도체 관련 활동으로는 무엇이 있나요?,학기 중에 할 만한 반도체 활동 뭐 있어?,학기 중 반도체 대외활이나 스펙 머 있음?,학기 중 반도체 관련 활동 추천,저는 학교 다니는 중인데 학기 중에 할 수 있는 반도체 관련 활동이 궁금해요,학기 중에 할 수 있는 반도체 활동 좀 알려주세요,반도체 학기 중 경험,반도체 직무 취업 준비로 학기 중에 쌓을 수 있는 경험에는 무엇이 있나요?,학기 중에 반도체 관련 활동을 못 하면 불리할까요?
572,701,E-C06-005,역량개발·준비계획,연구·엔지니어링·제조기술,군 복무 중인데 대기업·외국계 취업에 도움이 되는 자격증은 무엇인가요?,"군 복무 중이거나 저학년이라 기사 자격 요건이 안 된다면 자격증보다 영어에 집중하라는 조언이 가장 많습니다. 영어를 매우 잘하면 그것만으로도 대기업·외국계에 크게 유리하다고 합니다. 오픽·토익은 유효기간이 있지만 시험을 목표로 두면 공부가 되므로 응시해 보고, 전역 후에는 직무 관련 경험을 쌓아 어필하세요.",에브리타임 취업·진로 게시판 크롤링,에브리타임 취업·진로 게시판 게시글(article_id=410731195),"https://everytime.kr/370494/v/410731195 (본문+댓글, 로그인 필요)",군 복무 중 전자전기공학부 학생의 자격증 질문에 대한 댓글,2026-10-06,미검토,,중,"에브리타임 학교 커뮤니티 게시글·댓글 기반, 작성자·학교·실명·특정 업체 정보는 일반화하여 제거 | 원글 작성일: 2026-05-25 | 수집일: 2026-10-06",N,"군 복무 중인데 대기업이나 외국계 기업 취업에 유리한 자격증은 어떤 게 있나요?,군대에 있는데 대기업 외국계 취업에 도움 되는 자격증 뭐야?,군복무 중 대기업 외국계 취업용 자격증 머 따야 함?,군 복무 중 대기업 외국계 취업 자격증,저는 지금 군 복무 중인데 대기업이나 외국계 취업을 위해 어떤 자격증을 따 두면 좋을까요?,군 복무 중 따 두면 좋은 대기업 외국계 취업용 자격증 좀 알려주세요,군 복무 대기업 외국계 자격증,군 복무 기간에 대기업 외국계 취업 준비로 어떤 자격증을 준비하나요?,군 복무 중에 대기업 외국계용 자격증 없이 시간 보내면 불리할까요?",군 복무 중인데 대기업이나 외국계 기업 취업에 유리한 자격증은 어떤 게 있나요?,군대에 있는데 대기업 외국계 취업에 도움 되는 자격증 뭐야?,군복무 중 대기업 외국계 취업용 자격증 머 따야 함?,군 복무 중 대기업 외국계 취업 자격증,저는 지금 군 복무 중인데 대기업이나 외국계 취업을 위해 어떤 자격증을 따 두면 좋을까요?,군 복무 중 따 두면 좋은 대기업 외국계 취업용 자격증 좀 알려주세요,군 복무 대기업 외국계 자격증,군 복무 기간에 대기업 외국계 취업 준비로 어떤 자격증을 준비하나요?,군 복무 중에 대기업 외국계용 자격증 없이 시간 보내면 불리할까요?
573,702,E-C06-006,역량개발·준비계획,금융·회계,재무회계 직무를 준비하는데 자격증 외에 무엇을 더 해야 하나요?,"재무회계 직무는 TO가 적어 좋은 회사에 가려면 회계사·세무사 1차 합격이 있으면 크게 유리하다는 의견이 많습니다. 실제로 대기업 재무 직무 면접에서 지원자 대부분이 전문직 1차 합격자였다는 후기가 있습니다. 중견기업 목표라면 현재 자격증에 오픽 IH 또는 토스 AL 중 하나를 갖추면 충분하며, 공대가 아닌 문과라도 토익보다 말하기 시험이 더 유용하다는 조언이 있습니다.",에브리타임 취업·진로 게시판 크롤링,에브리타임 취업·진로 게시판 게시글(article_id=413726874),"https://everytime.kr/370494/v/413726874 (본문+댓글, 로그인 필요)","재무회계 취준생 스펙 질문의 댓글(전문직 1차 우대, 말하기 시험)",2026-10-06,미검토,,상,"에브리타임 학교 커뮤니티 게시글·댓글 기반, 작성자·학교·실명·특정 업체 정보는 일반화하여 제거 | 원글 작성일: 2026-06-30 | 수집일: 2026-10-06",N,"재무회계 직무를 목표로 하는데 자격증 말고 추가로 준비할 것이 있나요?,재무회계 직무 준비 중인데 자격증 말고 뭐 더 해야 돼?,재무회계 직무 취준인데 자격증 외 스펙 머 필요함?,재무회계 직무 자격증 외 준비,저는 재무회계 직무를 준비하며 자격증은 땄는데 그 외에 무엇을 더 해야 할까요?,재무회계 직무 준비 시 자격증 외에 할 것 좀 알려주세요,재무회계 자격증 외,재무회계 직무 취업 준비에서 자격증 말고 필요한 경력이나 스펙은 무엇인가요?,재무회계 직무 자격증만 있으면 부족할까요?",재무회계 직무를 목표로 하는데 자격증 말고 추가로 준비할 것이 있나요?,재무회계 직무 준비 중인데 자격증 말고 뭐 더 해야 돼?,재무회계 직무 취준인데 자격증 외 스펙 머 필요함?,재무회계 직무 자격증 외 준비,저는 재무회계 직무를 준비하며 자격증은 땄는데 그 외에 무엇을 더 해야 할까요?,재무회계 직무 준비 시 자격증 외에 할 것 좀 알려주세요,재무회계 자격증 외,재무회계 직무 취업 준비에서 자격증 말고 필요한 경력이나 스펙은 무엇인가요?,재무회계 직무 자격증만 있으면 부족할까요?
574,703,E-C06-007,역량개발·준비계획,연구·엔지니어링·제조기술,4학년 1학기 여름방학에는 취업 준비로 무엇을 해야 하나요?,"기업분석, 인적성, 자소서 소재 정리는 기본이고, 이미 직무 관련 경험이 있다면 그 정리가 최우선이라는 의견이 있습니다. 실제 당락을 결정하는 것은 굵직한 경험이므로 사소한 스펙을 많이 쌓기보다 중요한 프로젝트·활동에 집중하라고 조언합니다. 어학은 문과라면 토익을, 공대라면 오픽 등 말하기 시험을 우선 확보하세요.",에브리타임 취업·진로 게시판 크롤링,에브리타임 취업·진로 게시판 게시글(article_id=414130434),"https://everytime.kr/370494/v/414130434 (본문+댓글, 로그인 필요)",4-1 여름방학 취준 계획 질문의 댓글,2026-10-06,미검토,,중,"에브리타임 학교 커뮤니티 게시글·댓글 기반, 작성자·학교·실명·특정 업체 정보는 일반화하여 제거 | 원글 작성일: 2026-07-08 | 수집일: 2026-10-06",N,"4학년 1학기를 마치고 맞는 여름방학엔 취업 대비로 어떤 걸 하면 좋을까요?,4학년 1학기 여름방학에 취업 준비 뭐 해야 돼?,4학년 1학기 여름방학 취준 머 해야 함?,4학년 1학기 여름방학 취업 준비 계획,저는 이제 4학년 1학기가 끝나 가는데 여름방학에 취업 준비로 뭘 해야 할까요?,4학년 1학기 여름방학 취업 준비 할 일 좀 정리해 주세요,4학년 여름방학 취준,4학년 1학기 여름방학 동안 취업 전형 대비는 무엇부터 하나요?,4학년 1학기 여름방학을 취업 준비 없이 보내도 괜찮을까요?",4학년 1학기를 마치고 맞는 여름방학엔 취업 대비로 어떤 걸 하면 좋을까요?,4학년 1학기 여름방학에 취업 준비 뭐 해야 돼?,4학년 1학기 여름방학 취준 머 해야 함?,4학년 1학기 여름방학 취업 준비 계획,저는 이제 4학년 1학기가 끝나 가는데 여름방학에 취업 준비로 뭘 해야 할까요?,4학년 1학기 여름방학 취업 준비 할 일 좀 정리해 주세요,4학년 여름방학 취준,4학년 1학기 여름방학 동안 취업 전형 대비는 무엇부터 하나요?,4학년 1학기 여름방학을 취업 준비 없이 보내도 괜찮을까요?
575,704,E-C06-008,역량개발·준비계획,공통,컴활 실기는 어떻게 준비하면 빨리 합격할 수 있나요?,최근 합격자들은 단계별로 구성된 유명 유료 강의나 무료 강의로 합격했다고 추천합니다. 단계별 강의의 최종 단계까지 완벽하게 풀 수 있으면 합격할 수 있다는 후기가 있습니다. 기출 유형을 반복해 시간 안에 푸는 연습을 하세요.,에브리타임 취업·진로 게시판 크롤링,에브리타임 취업·진로 게시판 게시글(article_id=416114225),"https://everytime.kr/370494/v/416114225 (본문+댓글, 로그인 필요)",컴활 실기 강의 추천 질문의 댓글,2026-10-06,미검토,,하,"에브리타임 학교 커뮤니티 게시글·댓글 기반, 작성자·학교·실명·특정 업체 정보는 일반화하여 제거 | 원글 작성일: 2026-08-18 | 수집일: 2026-10-06",N,"컴활 실기를 단기간에 합격하려면 어떻게 준비하는 게 좋나요?,컴활 실기 빨리 붙으려면 어떻게 준비해?,컴활 실기 빨리 합하는 법 머임?,컴활 실기 빠른 합격 준비법,저는 컴활 실기를 준비 중인데 최대한 빨리 합격하려면 어떻게 해야 할까요?,컴활 실기 빨리 합격하는 방법 좀 알려주세요,컴활 실기 합격,취업용 자격증 컴활 실기 시험은 어떻게 대비해야 빨리 붙나요?,컴활 실기 독학으로 준비해도 괜찮을까요?",컴활 실기를 단기간에 합격하려면 어떻게 준비하는 게 좋나요?,컴활 실기 빨리 붙으려면 어떻게 준비해?,컴활 실기 빨리 합하는 법 머임?,컴활 실기 빠른 합격 준비법,저는 컴활 실기를 준비 중인데 최대한 빨리 합격하려면 어떻게 해야 할까요?,컴활 실기 빨리 합격하는 방법 좀 알려주세요,컴활 실기 합격,취업용 자격증 컴활 실기 시험은 어떻게 대비해야 빨리 붙나요?,컴활 실기 독학으로 준비해도 괜찮을까요?
576,705,E-C06-009,역량개발·준비계획,연구·엔지니어링·제조기술,"토익 880점인데 900을 노릴까요, 스피킹을 준비할까요?","사기업은 토익보다 말하기 시험을 우선시하는 경우가 많다는 의견이 있습니다. 공대 기준 토익 880점이면 대부분의 공기업 어학 기준은 충족하는 수준이라, 스피킹 점수가 없다면 토스·오픽을 준비하는 편이 낫다는 조언이 많습니다.",에브리타임 취업·진로 게시판 크롤링,에브리타임 취업·진로 게시판 게시글(article_id=416140511),"https://everytime.kr/370494/v/416140511 (본문+댓글, 로그인 필요)","토익 vs 스피킹 고민 글의 댓글(공대, 공기업 병행)",2026-10-06,미검토,,중,"에브리타임 학교 커뮤니티 게시글·댓글 기반, 작성자·학교·실명·특정 업체 정보는 일반화하여 제거 | 원글 작성일: 2026-08-18 | 수집일: 2026-10-06",N,"토익이 880점인데 900점을 목표로 할지 말하기 시험을 준비할지 고민돼요,토익 880인데 900 노려 아니면 스피킹 준비해?,토익 880인데 900 찍을까 토스 오픽 할까?,토익 880 900 스피킹 선택,저는 토익 880점인데 900점을 더 노릴지 스피킹을 준비할지 고민이에요,토익 880점일 때 900과 스피킹 중 뭘 준비할지 알려주세요,토익 880 스피킹,취업용 어학 점수로 토익 880점이면 900을 노릴까요 스피킹을 딸까요?,토익 880점에서 900을 안 넘기면 불리할까요?",토익이 880점인데 900점을 목표로 할지 말하기 시험을 준비할지 고민돼요,토익 880인데 900 노려 아니면 스피킹 준비해?,토익 880인데 900 찍을까 토스 오픽 할까?,토익 880 900 스피킹 선택,저는 토익 880점인데 900점을 더 노릴지 스피킹을 준비할지 고민이에요,토익 880점일 때 900과 스피킹 중 뭘 준비할지 알려주세요,토익 880 스피킹,취업용 어학 점수로 토익 880점이면 900을 노릴까요 스피킹을 딸까요?,토익 880점에서 900을 안 넘기면 불리할까요?
577,706,E-C06-010,역량개발·준비계획,공통,취업 스터디를 하는 게 도움이 되나요?,"혼자 준비하는 것이 낫다는 의견도 많습니다. 정보 공유나 루틴 유지를 위해 스터디를 해도 얻는 정보는 비슷하고 합불에 큰 영향이 없다는 것입니다. 반면 같은 직무 지원자끼리 면접 연습을 하는 목적이라면 도움이 될 수 있으니, 직무와 목적을 명확히 정한 스터디만 참여하세요.",에브리타임 취업·진로 게시판 크롤링,에브리타임 취업·진로 게시판 게시글(article_id=416671355),"https://everytime.kr/370494/v/416671355 (본문+댓글, 로그인 필요)",취업 스터디 모집 글에 대한 댓글,2026-10-06,미검토,,하,"에브리타임 학교 커뮤니티 게시글·댓글 기반, 작성자·학교·실명·특정 업체 정보는 일반화하여 제거 | 원글 작성일: 2026-08-26 | 수집일: 2026-10-06",N,"취업 스터디에 참여하는 것이 실제로 효과가 있나요?,취업 스터디 하는 거 도움 돼?,취준 스터디 해야 함?,취업 스터디 효과,저는 혼자 취업 준비 중인데 취업 스터디를 해야 할지 고민이에요,취업 스터디가 도움이 되는지 알려주세요,취업 스터디,취업 준비 스터디 모임에 들어가는 게 합격에 도움이 되나요?,취업 스터디 안 하고 혼자 준비해도 괜찮을까요?",취업 스터디에 참여하는 것이 실제로 효과가 있나요?,취업 스터디 하는 거 도움 돼?,취준 스터디 해야 함?,취업 스터디 효과,저는 혼자 취업 준비 중인데 취업 스터디를 해야 할지 고민이에요,취업 스터디가 도움이 되는지 알려주세요,취업 스터디,취업 준비 스터디 모임에 들어가는 게 합격에 도움이 되나요?,취업 스터디 안 하고 혼자 준비해도 괜찮을까요?
578,707,E-C06-011,역량개발·준비계획,금융·회계,보험계리사 같은 금융 자격증을 따면 취업이 보장되나요?,"금융권 현직자는 어떤 자격증이든 합격 이후에도 취업은 어렵다고 말합니다. 공급이 많아 예전처럼 따기만 하면 끝나지 않으며, 자격증은 시험이 진입장벽이 되어 하방을 막아 주는 역할로 보는 것이 맞다고 합니다. 채용 인원 자체가 줄어든 분야라면 인턴 등 다른 경험도 함께 준비하세요.",에브리타임 취업·진로 게시판 크롤링,에브리타임 취업·진로 게시판 게시글(article_id=417642535),"https://everytime.kr/370494/v/417642535 (본문+댓글, 로그인 필요)",금융권 현직자의 계리사 진입 질문 답글,2026-10-06,미검토,,중,"에브리타임 학교 커뮤니티 게시글·댓글 기반, 작성자·학교·실명·특정 업체 정보는 일반화하여 제거 | 원글 작성일: 2026-09-07 | 수집일: 2026-10-06",N,"보험계리사 같은 금융 자격증을 취득하면 취업은 확실한가요?,보험계리사 같은 금융 자격증 따면 취업 확정이야?,보험계리사 같은 금융 자격증 있으면 취업 프리패스임?,보험계리사 금융 자격증 취업 보장 여부,저는 보험계리사 같은 금융 자격증을 준비 중인데 따기만 하면 취업이 될까요?,보험계리사 같은 금융 자격증이 취업에 얼마나 도움 되는지 알려주세요,보험계리사 취업 보장,금융권 입사 지원 시 보험계리사 같은 금융 자격증만으로 충분한가요?,보험계리사 같은 금융 자격증을 따도 취업이 안 될까 봐 걱정돼요",보험계리사 같은 금융 자격증을 취득하면 취업은 확실한가요?,보험계리사 같은 금융 자격증 따면 취업 확정이야?,보험계리사 같은 금융 자격증 있으면 취업 프리패스임?,보험계리사 금융 자격증 취업 보장 여부,저는 보험계리사 같은 금융 자격증을 준비 중인데 따기만 하면 취업이 될까요?,보험계리사 같은 금융 자격증이 취업에 얼마나 도움 되는지 알려주세요,보험계리사 취업 보장,금융권 입사 지원 시 보험계리사 같은 금융 자격증만으로 충분한가요?,보험계리사 같은 금융 자격증을 따도 취업이 안 될까 봐 걱정돼요
579,708,E-C06-012,역량개발·준비계획,IT·개발·데이터,졸업 후 공백이 길어도 국비 개발 교육으로 취업할 수 있나요?,"졸업 후 3년 넘게 다른 일을 하다 6개월 국비 풀스택 과정을 듣고 개발자로 취업한 후기가 있습니다. 공백기 동안 독학으로 모바일 앱 여러 개를 출시한 경험이 면접에서 좋은 소재가 되었다고 합니다. 다만 개발자 TO가 크게 줄어 130곳 이상 지원했다고 하며, 국비 교육은 프로젝트·자격증 준비를 병행하고 지원금이나 기업 연계 여부를 미리 확인하라는 조언이 있습니다.",에브리타임 취업·진로 게시판 크롤링,에브리타임 취업·진로 게시판 게시글(article_id=418055677),"https://everytime.kr/370494/v/418055677 (본문+댓글, 로그인 필요)",공백기 후 국비교육 수료·개발자 취업 후기와 댓글,2026-10-06,미검토,,상,"에브리타임 학교 커뮤니티 게시글·댓글 기반, 작성자·학교·실명·특정 업체 정보는 일반화하여 제거 | 원글 작성일: 2026-09-13 | 수집일: 2026-10-06",N,"졸업하고 공백기가 길어도 국비지원 개발 교육을 통해 취업이 가능한가요?,졸업 후 공백 긴데 국비 개발 교육으로 취업 돼?,졸업 후 공백 긴데 국비 개발 과정 듣고 취업 가능함?,졸업 후 공백 국비 개발 교육 취업,저는 졸업 후 공백이 꽤 긴데 국비 개발 교육을 들으면 취업할 수 있을까요?,졸업 후 공백이 길 때 국비 개발 교육으로 취업하는 방법 좀 알려주세요,공백기 국비 개발,졸업 후 공백이 긴 사람이 국비 개발 교육을 거쳐 개발자로 입사할 수 있나요?,졸업 후 공백이 긴데 국비 개발 교육 들어도 불리할까요?",졸업하고 공백기가 길어도 국비지원 개발 교육을 통해 취업이 가능한가요?,졸업 후 공백 긴데 국비 개발 교육으로 취업 돼?,졸업 후 공백 긴데 국비 개발 과정 듣고 취업 가능함?,졸업 후 공백 국비 개발 교육 취업,저는 졸업 후 공백이 꽤 긴데 국비 개발 교육을 들으면 취업할 수 있을까요?,졸업 후 공백이 길 때 국비 개발 교육으로 취업하는 방법 좀 알려주세요,공백기 국비 개발,졸업 후 공백이 긴 사람이 국비 개발 교육을 거쳐 개발자로 입사할 수 있나요?,졸업 후 공백이 긴데 국비 개발 교육 들어도 불리할까요?
580,709,E-C06-013,역량개발·준비계획,IT·개발·데이터,공기업 전산직 서류에 합격하려면 기사 자격증을 두 개나 따야 하나요?,"한국사는 기본이고, 전공자라면 정보처리기사 외에 다른 기사 자격증까지 따 두는 것이 유리하다는 의견이 있습니다. 빅데이터분석기사도 추천되며, 데이터 자격증과 어학·국어 자격을 갖춘 지원자도 서류 합격률이 절반 정도였다는 경험담이 있어 자소서도 중요하다고 합니다. 지원 기관의 가산점 표를 확인해 우선순위를 정하세요.",에브리타임 취업·진로 게시판 크롤링,에브리타임 취업·진로 게시판 게시글(article_id=418837723),"https://everytime.kr/370494/v/418837723 (본문+댓글, 로그인 필요)",공기업 전산직 자격증 질문의 댓글,2026-10-06,미검토,,중,"에브리타임 학교 커뮤니티 게시글·댓글 기반, 작성자·학교·실명·특정 업체 정보는 일반화하여 제거 | 원글 작성일: 2026-09-28 | 수집일: 2026-10-06",N,"공기업 전산직 서류 통과를 위해 기사 자격증을 2개나 취득해야 하나요?,공기업 전산직 서류 붙으려면 기사 자격증 두 개 필요해?,공기업 전산직 서합하려면 기사 두 개 따야 함?,공기업 전산직 서류 기사 자격증 개수,저는 공기업 전산직을 준비하는데 서류 합격하려면 기사 자격증 두 개가 필요할까요?,공기업 전산직 서류 합격에 필요한 기사 자격증 개수 좀 알려주세요,전산직 기사 두 개,공기업 전산직 채용 서류 전형에서 기사 자격증 두 개가 있어야 유리한가요?,공기업 전산직 서류에 기사 자격증 하나만 있으면 불리할까요?",공기업 전산직 서류 통과를 위해 기사 자격증을 2개나 취득해야 하나요?,공기업 전산직 서류 붙으려면 기사 자격증 두 개 필요해?,공기업 전산직 서합하려면 기사 두 개 따야 함?,공기업 전산직 서류 기사 자격증 개수,저는 공기업 전산직을 준비하는데 서류 합격하려면 기사 자격증 두 개가 필요할까요?,공기업 전산직 서류 합격에 필요한 기사 자격증 개수 좀 알려주세요,전산직 기사 두 개,공기업 전산직 채용 서류 전형에서 기사 자격증 두 개가 있어야 유리한가요?,공기업 전산직 서류에 기사 자격증 하나만 있으면 불리할까요?
